,srch_id,site_id,visitor_location_country_id,visitor_hist_starrating,visitor_hist_adr_usd,prop_country_id,prop_id,prop_starrating,prop_review_score,prop_brand_bool,prop_location_score1,prop_location_score2,prop_log_historical_price,position,price_usd,promotion_flag,srch_destination_id,srch_length_of_stay,srch_booking_window,srch_adults_count,srch_children_count,srch_room_count,srch_saturday_night_bool,srch_query_affinity_score,orig_destination_distance,random_bool,comp1_rate,comp1_inv,comp1_rate_percent_diff,comp2_rate,comp2_inv,comp2_rate_percent_diff,comp3_rate,comp3_inv,comp3_rate_percent_diff,comp4_rate,comp4_inv,comp4_rate_percent_diff,comp5_rate,comp5_inv,comp5_rate_percent_diff,comp6_rate,comp6_inv,comp6_rate_percent_diff,comp7_rate,comp7_inv,comp7_rate_percent_diff,comp8_rate,comp8_inv,comp8_rate_percent_diff,click_bool,gross_bookings_usd,booking_bool
1499,106,5,219,0.0,0.0,219,73,2,3.5,1,2.77,0.3309,0.0,6,81.0,1,25427,1,24,2,2,1,1,0.0,155.4,0,0.0,0.0,0.0,0.0,0.0,0.0,0.0,0.0,0.0,0.0,0.0,0.0,0.0,0.0,0.0,0.0,0.0,0.0,0.0,0.0,0.0,0.0,0.0,0.0,0,0.0,0
1500,106,5,219,0.0,0.0,219,13493,0,3.0,0,2.64,0.0447,0.0,15,104.0,0,25427,1,24,2,2,1,1,0.0,156.14,0,0.0,0.0,0.0,0.0,0.0,0.0,0.0,0.0,0.0,0.0,0.0,0.0,0.0,0.0,0.0,0.0,0.0,0.0,0.0,0.0,0.0,0.0,0.0,0.0,0,0.0,0
1501,106,5,219,0.0,0.0,219,18369,2,3.5,1,2.2,0.1526,0.0,8,76.0,0,25427,1,24,2,2,1,1,0.0,156.34,0,0.0,0.0,0.0,0.0,0.0,0.0,0.0,0.0,0.0,0.0,0.0,0.0,0.0,0.0,0.0,0.0,0.0,0.0,0.0,0.0,0.0,0.0,0.0,0.0,0,0.0,0
1502,106,5,219,0.0,0.0,219,26913,0,4.0,0,2.89,0.048,0.0,18,72.0,0,25427,1,24,2,2,1,1,0.0,155.74,0,0.0,0.0,0.0,0.0,0.0,0.0,0.0,0.0,0.0,0.0,0.0,0.0,0.0,0.0,0.0,0.0,0.0,0.0,0.0,0.0,0.0,0.0,0.0,0.0,0,0.0,0
1503,106,5,219,0.0,0.0,219,39675,3,4.5,0,2.56,0.4089,0.0,2,180.0,1,25427,1,24,2,2,1,1,0.0,155.61,0,0.0,0.0,0.0,0.0,0.0,0.0,0.0,0.0,0.0,0.0,0.0,0.0,0.0,0.0,0.0,0.0,0.0,0.0,0.0,0.0,0.0,0.0,0.0,0.0,1,171.64,1
1504,106,5,219,0.0,0.0,219,57273,2,3.0,1,2.64,0.3487,0.0,12,86.0,0,25427,1,24,2,2,1,1,0.0,155.39,0,0.0,0.0,0.0,0.0,0.0,0.0,0.0,0.0,0.0,0.0,0.0,0.0,0.0,0.0,0.0,0.0,0.0,0.0,0.0,0.0,0.0,0.0,0.0,0.0,0,0.0,0
1505,106,5,219,0.0,0.0,219,57494,2,3.5,1,2.56,0.4473,0.0,9,120.0,0,25427,1,24,2,2,1,1,0.0,155.49,0,0.0,0.0,0.0,0.0,0.0,0.0,0.0,0.0,0.0,0.0,0.0,0.0,0.0,0.0,0.0,0.0,0.0,0.0,0.0,0.0,0.0,0.0,0.0,0.0,0,0.0,0
1506,106,5,219,0.0,0.0,219,65899,3,4.5,1,1.1,0.1803,0.0,4,153.0,0,25427,1,24,2,2,1,1,0.0,154.13,0,0.0,0.0,0.0,0.0,0.0,0.0,0.0,0.0,0.0,0.0,0.0,0.0,0.0,0.0,0.0,0.0,0.0,0.0,0.0,0.0,0.0,0.0,0.0,0.0,0,0.0,0
1507,106,5,219,0.0,0.0,219,67981,3,4.0,1,1.1,0.1824,0.0,3,129.0,0,25427,1,24,2,2,1,1,0.0,154.14,0,0.0,0.0,0.0,0.0,0.0,0.0,0.0,0.0,0.0,0.0,0.0,0.0,0.0,0.0,0.0,0.0,0.0,0.0,0.0,0.0,0.0,0.0,0.0,0.0,0,0.0,0
1508,106,5,219,0.0,0.0,219,68207,2,3.5,0,0.0,0.0,0.0,21,89.0,0,25427,1,24,2,2,1,1,0.0,142.32,0,0.0,0.0,0.0,0.0,0.0,0.0,0.0,0.0,0.0,0.0,0.0,0.0,0.0,0.0,0.0,0.0,0.0,0.0,0.0,0.0,0.0,0.0,0.0,0.0,0,0.0,0
1509,106,5,219,0.0,0.0,219,73860,2,3.0,0,1.39,0.1244,0.0,13,129.0,0,25427,1,24,2,2,1,1,0.0,154.4,0,0.0,0.0,0.0,0.0,0.0,0.0,0.0,0.0,0.0,0.0,0.0,0.0,0.0,0.0,0.0,0.0,0.0,0.0,0.0,0.0,0.0,0.0,0.0,0.0,0,0.0,0
1510,106,5,219,0.0,0.0,219,73927,2,4.5,1,1.79,0.0,0.0,20,109.0,0,25427,1,24,2,2,1,1,0.0,167.75,0,0.0,0.0,0.0,0.0,0.0,0.0,0.0,0.0,0.0,0.0,0.0,0.0,0.0,0.0,0.0,0.0,0.0,0.0,0.0,0.0,0.0,0.0,0.0,0.0,0,0.0,0
1511,106,5,219,0.0,0.0,219,84698,0,4.0,1,1.61,0.0559,0.0,14,122.0,0,25427,1,24,2,2,1,1,0.0,157.13,0,0.0,0.0,0.0,0.0,0.0,0.0,0.0,0.0,0.0,0.0,0.0,0.0,0.0,0.0,0.0,0.0,0.0,0.0,0.0,0.0,0.0,0.0,0.0,0.0,0,0.0,0
1512,106,5,219,0.0,0.0,219,92570,3,3.5,1,2.56,0.4409,0.0,1,119.0,1,25427,1,24,2,2,1,1,0.0,155.53,0,0.0,0.0,0.0,0.0,0.0,0.0,0.0,0.0,0.0,0.0,0.0,0.0,0.0,0.0,0.0,0.0,0.0,0.0,0.0,0.0,0.0,0.0,0.0,0.0,0,0.0,0
1513,106,5,219,0.0,0.0,219,112905,2,0.0,0,2.71,0.0,0.0,7,183.0,0,25427,1,24,2,2,1,1,0.0,156.08,0,0.0,0.0,0.0,0.0,0.0,0.0,0.0,0.0,0.0,0.0,0.0,0.0,0.0,0.0,0.0,0.0,0.0,0.0,0.0,0.0,0.0,0.0,0.0,0.0,1,0.0,0
1514,106,5,219,0.0,0.0,219,113470,2,2.5,0,1.79,0.0,0.0,22,90.0,0,25427,1,24,2,2,1,1,0.0,167.91,0,0.0,0.0,0.0,0.0,0.0,0.0,0.0,0.0,0.0,0.0,0.0,0.0,-1.0,0.0,8.0,0.0,0.0,0.0,0.0,0.0,0.0,0.0,0.0,0.0,0,0.0,0
1515,106,5,219,0.0,0.0,219,116934,0,3.5,0,2.08,0.017,0.0,16,143.0,0,25427,1,24,2,2,1,1,0.0,155.14,0,0.0,0.0,0.0,0.0,0.0,0.0,0.0,0.0,0.0,0.0,0.0,0.0,0.0,0.0,0.0,0.0,0.0,0.0,0.0,0.0,0.0,0.0,0.0,0.0,0,0.0,0
1516,106,5,219,0.0,0.0,219,123847,2,3.0,1,2.3,0.1167,0.0,10,74.0,0,25427,1,24,2,2,1,1,0.0,156.59,0,0.0,0.0,0.0,0.0,0.0,0.0,0.0,0.0,0.0,0.0,0.0,0.0,0.0,0.0,0.0,0.0,0.0,0.0,0.0,0.0,0.0,0.0,0.0,0.0,0,0.0,0
1517,106,5,219,0.0,0.0,219,140700,0,3.0,0,2.83,0.0695,0.0,19,81.0,0,25427,1,24,2,2,1,1,0.0,155.97,0,0.0,0.0,0.0,0.0,0.0,0.0,0.0,0.0,0.0,0.0,0.0,0.0,0.0,0.0,0.0,0.0,0.0,0.0,0.0,0.0,0.0,0.0,0.0,0.0,0,0.0,0
9692,685,32,220,0.0,0.0,103,4115,0,4.5,1,2.48,0.2242,4.71,8,170.45,0,6854,1,7,3,0,1,1,0.0,1378.86,0,0.0,0.0,0.0,0.0,0.0,0.0,0.0,0.0,0.0,0.0,0.0,0.0,0.0,0.0,0.0,0.0,0.0,0.0,0.0,0.0,0.0,0.0,0.0,0.0,0,0.0,0
9693,685,32,220,0.0,0.0,103,45559,4,3.5,1,2.48,0.2163,4.76,1,135.54,0,6854,1,7,3,0,1,1,0.0,1378.89,0,0.0,0.0,0.0,0.0,0.0,0.0,0.0,0.0,0.0,0.0,0.0,0.0,0.0,0.0,0.0,0.0,0.0,0.0,0.0,0.0,0.0,0.0,0.0,0.0,1,135.13,1
9694,685,32,220,0.0,0.0,103,52224,5,5.0,0,1.39,0.1803,4.97,4,87.28,0,6854,1,7,3,0,1,1,0.0,1379.46,0,0.0,0.0,0.0,0.0,0.0,0.0,0.0,0.0,0.0,0.0,0.0,0.0,0.0,0.0,0.0,0.0,0.0,0.0,0.0,0.0,0.0,0.0,0.0,0.0,0,0.0,0
9695,685,32,220,0.0,0.0,103,108891,5,4.5,0,2.48,0.1487,4.97,6,199.2,0,6854,1,7,3,0,1,1,0.0,1378.64,0,0.0,0.0,0.0,0.0,0.0,0.0,0.0,0.0,0.0,0.0,0.0,0.0,0.0,0.0,0.0,0.0,0.0,0.0,0.0,0.0,0.0,0.0,0.0,0.0,0,0.0,0
9696,685,32,220,0.0,0.0,103,117735,3,3.5,0,1.95,0.125,4.6,3,91.39,0,6854,1,7,3,0,1,1,0.0,1378.65,0,0.0,0.0,0.0,0.0,0.0,0.0,0.0,0.0,0.0,0.0,0.0,0.0,0.0,0.0,0.0,0.0,0.0,0.0,0.0,0.0,0.0,0.0,0.0,0.0,0,0.0,0
9697,685,32,220,0.0,0.0,103,120587,3,0.0,0,2.48,0.16,4.6,7,80.09,0,6854,1,7,3,0,1,1,0.0,1379.4,0,0.0,0.0,0.0,0.0,0.0,0.0,0.0,0.0,0.0,0.0,0.0,0.0,0.0,0.0,0.0,0.0,0.0,0.0,0.0,0.0,0.0,0.0,0.0,0.0,0,0.0,0
9698,685,32,220,0.0,0.0,103,129254,4,4.5,0,2.4,0.201,4.76,2,103.71,0,6854,1,7,3,0,1,1,0.0,1379.2,0,0.0,0.0,0.0,0.0,0.0,0.0,0.0,0.0,0.0,0.0,0.0,0.0,0.0,0.0,0.0,0.0,0.0,0.0,0.0,0.0,0.0,0.0,0.0,0.0,1,0.0,0
11104,803,5,219,0.0,0.0,219,14082,4,4.0,1,4.29,0.239,5.36,20,70.0,0,8192,1,7,2,0,1,0,0.0,224.31,1,0.0,0.0,0.0,0.0,0.0,14.0,0.0,0.0,0.0,0.0,0.0,0.0,0.0,0.0,42.0,0.0,0.0,0.0,0.0,0.0,0.0,0.0,0.0,14.0,1,0.0,0
11105,803,5,219,0.0,0.0,219,21018,4,4.0,1,3.43,0.1043,5.48,1,70.0,1,8192,1,7,2,0,1,0,0.0,223.4,1,0.0,0.0,0.0,0.0,0.0,0.0,0.0,0.0,6.0,0.0,0.0,0.0,0.0,0.0,0.0,0.0,0.0,0.0,0.0,0.0,0.0,0.0,0.0,0.0,0,0.0,0
11106,803,5,219,0.0,0.0,219,24545,4,4.0,0,4.04,0.278,5.22,35,79.0,0,8192,1,7,2,0,1,0,0.0,223.87,1,0.0,0.0,0.0,0.0,0.0,0.0,-1.0,0.0,19.0,0.0,0.0,0.0,-1.0,0.0,19.0,0.0,0.0,0.0,0.0,0.0,0.0,-1.0,0.0,19.0,0,0.0,0
11107,803,5,219,0.0,0.0,219,26248,5,4.5,1,3.66,0.1305,5.53,26,103.0,1,8192,1,7,2,0,1,0,0.0,223.38,1,0.0,0.0,0.0,0.0,0.0,0.0,0.0,0.0,0.0,0.0,0.0,0.0,0.0,0.0,0.0,0.0,0.0,0.0,0.0,0.0,0.0,0.0,0.0,9.0,0,0.0,0
11108,803,5,219,0.0,0.0,219,29633,3,4.5,1,4.22,0.2547,5.46,24,149.0,0,8192,1,7,2,0,1,0,0.0,224.48,1,0.0,0.0,0.0,0.0,0.0,0.0,0.0,0.0,0.0,0.0,0.0,0.0,0.0,0.0,0.0,0.0,0.0,0.0,0.0,0.0,0.0,0.0,0.0,0.0,0,0.0,0
11109,803,5,219,0.0,0.0,219,35223,4,4.0,1,4.3,0.2373,5.35,10,89.0,0,8192,1,7,2,0,1,0,0.0,224.26,1,0.0,0.0,0.0,0.0,0.0,0.0,0.0,0.0,0.0,0.0,0.0,0.0,0.0,0.0,33.0,0.0,0.0,0.0,0.0,0.0,0.0,0.0,0.0,0.0,0,0.0,0
11110,803,5,219,0.0,0.0,219,38419,5,4.0,1,4.19,0.2573,5.61,33,93.0,1,8192,1,7,2,0,1,0,0.0,224.57,1,0.0,0.0,0.0,0.0,0.0,0.0,0.0,0.0,0.0,0.0,0.0,0.0,0.0,0.0,0.0,0.0,0.0,0.0,0.0,0.0,0.0,0.0,0.0,0.0,0,0.0,0
11111,803,5,219,0.0,0.0,219,40279,5,4.5,1,4.29,0.2385,5.96,6,169.0,0,8192,1,7,2,0,1,0,0.0,224.28,1,0.0,0.0,0.0,0.0,0.0,0.0,0.0,0.0,0.0,0.0,0.0,0.0,0.0,0.0,0.0,0.0,0.0,0.0,0.0,0.0,0.0,0.0,0.0,0.0,0,0.0,0
11112,803,5,219,0.0,0.0,219,46274,5,4.5,1,4.08,0.1012,5.88,18,143.0,1,8192,1,7,2,0,1,0,0.0,225.26,1,0.0,0.0,0.0,0.0,0.0,0.0,0.0,0.0,0.0,0.0,0.0,0.0,0.0,0.0,0.0,0.0,0.0,0.0,0.0,0.0,0.0,0.0,0.0,0.0,0,0.0,0
11113,803,5,219,0.0,0.0,219,49656,3,3.5,0,3.76,0.0937,4.89,19,27.0,1,8192,1,7,2,0,1,0,0.0,225.9,1,0.0,0.0,0.0,0.0,0.0,0.0,0.0,0.0,0.0,0.0,0.0,0.0,0.0,1.0,0.0,0.0,0.0,0.0,0.0,0.0,0.0,0.0,0.0,0.0,0,0.0,0
11114,803,5,219,0.0,0.0,219,57952,2,3.0,1,3.76,0.0931,4.51,28,49.0,0,8192,1,7,2,0,1,0,0.0,225.94,1,0.0,0.0,0.0,0.0,0.0,0.0,0.0,0.0,0.0,0.0,0.0,0.0,0.0,0.0,0.0,0.0,0.0,0.0,0.0,0.0,0.0,-1.0,0.0,20.0,0,0.0,0
11115,803,5,219,0.0,0.0,219,59657,5,4.5,0,4.33,0.2398,5.87,25,180.0,0,8192,1,7,2,0,1,0,0.0,224.18,1,0.0,0.0,0.0,0.0,0.0,0.0,0.0,0.0,0.0,0.0,0.0,0.0,0.0,0.0,0.0,0.0,0.0,0.0,0.0,0.0,0.0,0.0,0.0,0.0,0,0.0,0
11116,803,5,219,0.0,0.0,219,59781,5,4.5,1,4.32,0.2581,5.82,7,119.0,1,8192,1,7,2,0,1,0,0.0,224.07,1,0.0,0.0,0.0,0.0,0.0,0.0,0.0,0.0,0.0,0.0,0.0,0.0,0.0,0.0,6.0,0.0,0.0,0.0,0.0,0.0,0.0,0.0,0.0,6.0,0,0.0,0
11117,803,5,219,0.0,0.0,219,60468,5,4.5,1,4.16,0.2332,5.9,12,239.0,0,8192,1,7,2,0,1,0,0.0,224.86,1,0.0,0.0,0.0,-1.0,0.0,37.0,-1.0,0.0,37.0,0.0,0.0,0.0,-1.0,0.0,37.0,0.0,0.0,0.0,0.0,0.0,0.0,-1.0,0.0,37.0,0,0.0,0
11118,803,5,219,0.0,0.0,219,60846,4,4.5,1,4.13,0.2318,5.56,34,75.0,0,8192,1,7,2,0,1,0,0.0,224.85,1,0.0,0.0,0.0,0.0,0.0,0.0,0.0,0.0,0.0,0.0,0.0,0.0,0.0,0.0,0.0,0.0,0.0,0.0,0.0,0.0,0.0,0.0,0.0,0.0,0,0.0,0
11119,803,5,219,0.0,0.0,219,68420,3,3.5,0,3.04,0.0512,4.95,2,32.0,1,8192,1,7,2,0,1,0,0.0,226.68,1,0.0,0.0,0.0,0.0,0.0,0.0,0.0,0.0,0.0,0.0,0.0,0.0,0.0,0.0,0.0,0.0,0.0,0.0,0.0,0.0,0.0,0.0,0.0,0.0,0,0.0,0
11120,803,5,219,0.0,0.0,219,70177,4,3.5,1,4.22,0.2547,5.13,31,50.0,0,8192,1,7,2,0,1,0,0.0,224.49,1,0.0,0.0,0.0,0.0,0.0,0.0,0.0,0.0,8.0,0.0,0.0,0.0,0.0,0.0,0.0,0.0,0.0,0.0,0.0,0.0,0.0,0.0,0.0,4.0,0,0.0,0
11121,803,5,219,0.0,0.0,219,77089,3,3.5,1,3.99,0.2896,4.94,15,35.0,1,8192,1,7,2,0,1,0,0.0,223.73,1,0.0,0.0,0.0,0.0,0.0,0.0,0.0,0.0,0.0,0.0,0.0,0.0,0.0,0.0,22.0,0.0,0.0,0.0,0.0,0.0,0.0,0.0,0.0,9.0,0,0.0,0
11122,803,5,219,0.0,0.0,219,77795,5,4.5,1,4.11,0.1743,5.83,36,149.0,0,8192,1,7,2,0,1,0,0.0,225.05,1,0.0,0.0,0.0,0.0,0.0,0.0,0.0,0.0,0.0,0.0,0.0,0.0,0.0,0.0,0.0,0.0,0.0,0.0,0.0,0.0,0.0,0.0,0.0,0.0,0,0.0,0
11123,803,5,219,0.0,0.0,219,77914,3,4.0,0,4.33,0.2397,5.07,16,78.0,1,8192,1,7,2,0,1,0,0.0,224.18,1,0.0,0.0,0.0,0.0,0.0,0.0,0.0,0.0,0.0,0.0,0.0,0.0,0.0,0.0,0.0,0.0,0.0,0.0,0.0,0.0,0.0,1.0,0.0,32.0,0,0.0,0
11124,803,5,219,0.0,0.0,219,90809,3,4.0,0,3.85,0.0692,4.72,14,55.0,1,8192,1,7,2,0,1,0,0.0,225.67,1,0.0,0.0,0.0,0.0,0.0,0.0,0.0,1.0,0.0,0.0,0.0,0.0,0.0,0.0,7.0,0.0,0.0,0.0,0.0,0.0,0.0,0.0,0.0,7.0,0,0.0,0
11125,803,5,219,0.0,0.0,219,90845,4,4.0,1,4.16,0.2573,4.94,21,35.0,0,8192,1,7,2,0,1,0,0.0,224.65,1,0.0,0.0,0.0,0.0,0.0,0.0,0.0,0.0,85.0,0.0,0.0,0.0,0.0,0.0,228.0,0.0,0.0,0.0,0.0,0.0,0.0,0.0,0.0,85.0,1,0.0,0
11126,803,5,219,0.0,0.0,219,94455,5,4.5,1,4.08,0.1,5.88,13,189.0,0,8192,1,7,2,0,1,0,0.0,225.26,1,0.0,0.0,0.0,0.0,0.0,0.0,0.0,0.0,0.0,0.0,0.0,0.0,0.0,0.0,0.0,0.0,0.0,0.0,0.0,0.0,0.0,0.0,0.0,0.0,0,0.0,0
11127,803,5,219,0.0,0.0,219,104517,4,4.0,1,4.16,0.2534,5.29,3,52.0,1,8192,1,7,2,0,1,0,0.0,223.82,1,0.0,0.0,0.0,0.0,0.0,0.0,0.0,0.0,0.0,0.0,0.0,0.0,0.0,0.0,0.0,0.0,0.0,0.0,0.0,0.0,0.0,0.0,0.0,0.0,0,0.0,0
11128,803,5,219,0.0,0.0,219,114932,3,4.0,1,4.32,0.256,5.22,32,69.0,1,8192,1,7,2,0,1,0,0.0,224.08,1,0.0,0.0,0.0,1.0,0.0,14.0,1.0,0.0,14.0,0.0,0.0,0.0,0.0,0.0,0.0,0.0,0.0,0.0,0.0,0.0,0.0,0.0,0.0,0.0,0,0.0,0
11129,803,5,219,0.0,0.0,219,116942,4,4.0,0,4.06,0.2108,5.28,37,55.0,1,8192,1,7,2,0,1,0,0.0,224.94,1,0.0,0.0,0.0,0.0,0.0,0.0,1.0,0.0,53.0,0.0,0.0,0.0,0.0,0.0,0.0,0.0,0.0,0.0,0.0,0.0,0.0,0.0,0.0,0.0,0,0.0,0
11130,803,5,219,0.0,0.0,219,117294,5,5.0,1,3.37,0.0615,5.97,22,199.0,0,8192,1,7,2,0,1,0,0.0,223.3,1,0.0,0.0,0.0,0.0,0.0,0.0,0.0,0.0,0.0,0.0,0.0,0.0,0.0,0.0,0.0,0.0,0.0,0.0,0.0,0.0,0.0,0.0,0.0,0.0,0,0.0,0
11131,803,5,219,0.0,0.0,219,122112,5,5.0,1,4.29,0.2668,5.96,30,195.0,0,8192,1,7,2,0,1,0,0.0,224.04,1,0.0,0.0,0.0,0.0,0.0,0.0,-1.0,0.0,3.0,0.0,0.0,0.0,0.0,0.0,0.0,0.0,0.0,0.0,0.0,0.0,0.0,0.0,0.0,0.0,0,0.0,0
11132,803,5,219,0.0,0.0,219,124342,4,4.0,1,4.19,0.2997,5.32,27,56.0,1,8192,1,7,2,0,1,0,0.0,223.91,1,0.0,0.0,0.0,0.0,0.0,0.0,0.0,0.0,0.0,0.0,0.0,0.0,0.0,0.0,0.0,0.0,0.0,0.0,0.0,0.0,0.0,0.0,0.0,0.0,0,0.0,0
11133,803,5,219,0.0,0.0,219,131892,4,4.0,1,4.25,0.2474,4.98,29,49.0,0,8192,1,7,2,0,1,0,0.0,224.4,1,0.0,0.0,0.0,0.0,0.0,0.0,0.0,0.0,0.0,0.0,0.0,0.0,0.0,0.0,61.0,0.0,0.0,0.0,0.0,0.0,0.0,0.0,0.0,0.0,0,0.0,0
11134,803,5,219,0.0,0.0,219,134154,3,3.5,1,3.76,0.0937,4.64,8,22.0,1,8192,1,7,2,0,1,0,0.0,225.9,1,0.0,0.0,0.0,0.0,0.0,0.0,0.0,0.0,9.0,0.0,0.0,0.0,0.0,0.0,9.0,0.0,0.0,0.0,0.0,0.0,0.0,0.0,0.0,9.0,0,0.0,0
11135,803,5,219,0.0,0.0,219,134323,2,3.0,1,4.32,0.2501,4.75,4,60.0,1,8192,1,7,2,0,1,0,0.0,224.11,1,0.0,0.0,0.0,0.0,0.0,0.0,0.0,0.0,0.0,0.0,0.0,0.0,0.0,0.0,0.0,0.0,0.0,0.0,0.0,0.0,0.0,0.0,0.0,0.0,0,0.0,0
11136,803,5,219,0.0,0.0,219,137997,4,4.0,1,4.09,0.3046,5.54,9,66.0,1,8192,1,7,2,0,1,0,0.0,223.83,1,0.0,0.0,0.0,0.0,0.0,0.0,0.0,0.0,0.0,0.0,0.0,0.0,0.0,0.0,0.0,0.0,0.0,0.0,0.0,0.0,0.0,0.0,0.0,0.0,0,0.0,0
22626,1529,32,220,0.0,0.0,99,4432,3,3.5,1,1.61,0.0006,5.23,21,94.11,1,13292,4,38,2,0,1,1,0.0,10445.95,1,0.0,1.0,0.0,0.0,0.0,0.0,0.0,0.0,0.0,0.0,0.0,0.0,0.0,0.0,0.0,0.0,0.0,0.0,0.0,0.0,0.0,0.0,0.0,0.0,0,0.0,0
22627,1529,32,220,0.0,0.0,99,15604,3,4.0,1,2.08,0.0022,4.78,29,80.38,0,13292,4,38,2,0,1,1,0.0,10429.34,1,0.0,0.0,0.0,0.0,0.0,0.0,0.0,0.0,0.0,0.0,0.0,0.0,0.0,0.0,0.0,1.0,0.0,8.0,0.0,1.0,0.0,0.0,0.0,0.0,0,0.0,0
22628,1529,32,220,0.0,0.0,99,16190,3,4.0,1,3.22,0.0045,4.89,27,98.03,0,13292,4,38,2,0,1,1,0.0,10436.15,1,0.0,0.0,0.0,0.0,0.0,0.0,0.0,0.0,0.0,0.0,0.0,0.0,0.0,0.0,0.0,1.0,0.0,3.0,1.0,0.0,40.0,0.0,0.0,0.0,0,0.0,0
22629,1529,32,220,0.0,0.0,99,22051,4,4.0,1,3.22,0.0051,5.05,13,117.64,0,13292,4,38,2,0,1,1,0.0,10435.9,1,0.0,0.0,0.0,0.0,0.0,0.0,0.0,0.0,0.0,0.0,0.0,0.0,0.0,0.0,0.0,1.0,0.0,3.0,1.0,0.0,3.0,0.0,0.0,0.0,0,0.0,0
22630,1529,32,220,0.0,0.0,99,37159,0,4.0,1,2.2,0.0007,5.02,16,121.56,0,13292,4,38,2,0,1,1,0.0,10423.94,1,0.0,0.0,0.0,0.0,0.0,0.0,0.0,0.0,0.0,0.0,0.0,0.0,0.0,0.0,0.0,0.0,0.0,0.0,0.0,0.0,0.0,0.0,0.0,0.0,0,0.0,0
22631,1529,32,220,0.0,0.0,99,46079,4,4.0,1,1.1,0.0005,5.02,32,117.64,0,13292,4,38,2,0,1,1,0.0,10432.15,1,0.0,0.0,0.0,0.0,0.0,0.0,0.0,0.0,0.0,0.0,0.0,0.0,0.0,0.0,0.0,0.0,0.0,5.0,0.0,0.0,0.0,0.0,0.0,0.0,0,0.0,0
22632,1529,32,220,0.0,0.0,99,48978,3,4.5,1,2.3,0.0021,4.66,3,115.67,0,13292,4,38,2,0,1,1,0.0,10426.14,1,0.0,0.0,0.0,0.0,0.0,0.0,0.0,0.0,0.0,0.0,0.0,0.0,0.0,0.0,0.0,0.0,0.0,0.0,1.0,0.0,2.0,0.0,0.0,0.0,1,0.0,0
22633,1529,32,220,0.0,0.0,99,49880,4,4.0,1,2.08,0.0012,4.96,30,114.69,0,13292,4,38,2,0,1,1,0.0,10428.81,1,0.0,0.0,0.0,0.0,0.0,0.0,0.0,0.0,0.0,0.0,0.0,0.0,0.0,0.0,0.0,0.0,0.0,0.0,0.0,0.0,0.0,0.0,0.0,0.0,0,0.0,0
22634,1529,32,220,0.0,0.0,99,64810,0,4.0,1,3.3,0.0037,4.85,24,86.27,0,13292,4,38,2,0,1,1,0.0,10442.99,1,0.0,1.0,0.0,0.0,0.0,0.0,0.0,0.0,0.0,0.0,0.0,0.0,0.0,0.0,0.0,0.0,0.0,0.0,0.0,0.0,0.0,0.0,0.0,0.0,0,0.0,0
22635,1529,32,220,0.0,0.0,99,67001,4,4.0,1,2.08,0.0014,5.11,8,112.73,1,13292,4,38,2,0,1,1,0.0,10428.94,1,0.0,0.0,0.0,0.0,0.0,0.0,0.0,0.0,0.0,0.0,0.0,0.0,0.0,0.0,0.0,0.0,0.0,0.0,0.0,0.0,0.0,0.0,0.0,0.0,1,0.0,0
22636,1529,32,220,0.0,0.0,99,75976,4,4.0,1,2.4,0.0007,5.12,20,105.87,0,13292,4,38,2,0,1,1,0.0,10445.99,1,0.0,0.0,0.0,0.0,0.0,0.0,0.0,0.0,0.0,0.0,0.0,0.0,0.0,0.0,0.0,0.0,0.0,10.0,1.0,0.0,6.0,0.0,0.0,0.0,0,0.0,0
22637,1529,32,220,0.0,0.0,99,79052,3,3.5,0,2.64,0.0014,5.4,9,93.13,0,13292,4,38,2,0,1,1,0.0,10445.0,1,0.0,1.0,0.0,0.0,0.0,0.0,0.0,0.0,0.0,0.0,0.0,0.0,0.0,0.0,0.0,0.0,0.0,0.0,1.0,0.0,5.0,0.0,0.0,0.0,1,0.0,0
22638,1529,32,220,0.0,0.0,99,90647,4,4.5,1,3.3,0.0056,5.06,6,112.73,0,13292,4,38,2,0,1,1,0.0,10435.97,1,0.0,0.0,0.0,0.0,0.0,0.0,0.0,0.0,0.0,0.0,0.0,0.0,0.0,0.0,0.0,1.0,0.0,3.0,1.0,0.0,21.0,0.0,0.0,0.0,1,0.0,0
22639,1529,32,220,0.0,0.0,99,92377,2,3.5,0,5.28,0.0099,4.96,28,89.21,0,13292,4,38,2,0,1,1,0.0,10445.85,1,1.0,0.0,6.0,0.0,0.0,0.0,0.0,0.0,0.0,0.0,0.0,0.0,0.0,0.0,0.0,0.0,0.0,0.0,0.0,0.0,0.0,0.0,0.0,0.0,0,0.0,0
22640,1529,32,220,0.0,0.0,99,95419,3,4.0,1,3.4,0.003,4.94,18,115.67,0,13292,4,38,2,0,1,1,0.0,10443.32,1,0.0,0.0,0.0,0.0,0.0,0.0,0.0,0.0,0.0,0.0,0.0,0.0,0.0,0.0,0.0,1.0,0.0,8.0,1.0,0.0,8.0,0.0,0.0,0.0,1,0.0,0
22641,1529,32,220,0.0,0.0,99,98580,3,3.5,0,5.28,0.0109,4.75,33,113.71,0,13292,4,38,2,0,1,1,0.0,10445.91,1,0.0,0.0,4.0,0.0,0.0,0.0,0.0,0.0,0.0,0.0,0.0,0.0,0.0,0.0,6.0,1.0,0.0,9.0,0.0,0.0,0.0,0.0,0.0,0.0,0,0.0,0
22642,1529,32,220,0.0,0.0,99,112440,4,4.0,1,4.19,0.0019,5.2,15,118.62,0,13292,4,38,2,0,1,1,0.0,10447.15,1,0.0,1.0,0.0,0.0,0.0,0.0,0.0,0.0,0.0,0.0,0.0,0.0,0.0,0.0,0.0,0.0,0.0,0.0,0.0,0.0,0.0,0.0,0.0,0.0,0,0.0,0
22643,1529,32,220,0.0,0.0,99,112720,2,4.0,1,1.61,0.0014,4.64,26,85.29,0,13292,4,38,2,0,1,1,0.0,10444.22,1,0.0,1.0,0.0,0.0,0.0,0.0,0.0,0.0,0.0,0.0,0.0,0.0,0.0,0.0,0.0,0.0,0.0,0.0,1.0,0.0,24.0,0.0,0.0,0.0,0,0.0,0
22644,1529,32,220,0.0,0.0,99,119254,3,4.0,1,1.1,0.0005,4.5,19,93.13,0,13292,4,38,2,0,1,1,0.0,10448.36,1,0.0,1.0,0.0,0.0,0.0,0.0,0.0,0.0,0.0,0.0,0.0,0.0,0.0,0.0,0.0,1.0,0.0,8.0,1.0,0.0,8.0,0.0,0.0,0.0,0,0.0,0
22645,1529,32,220,0.0,0.0,99,124922,2,4.0,1,3.64,0.0014,4.75,31,79.4,0,13292,4,38,2,0,1,1,0.0,10447.49,1,0.0,1.0,0.0,0.0,0.0,0.0,0.0,0.0,0.0,0.0,0.0,0.0,0.0,0.0,0.0,0.0,0.0,0.0,0.0,0.0,0.0,0.0,0.0,0.0,0,0.0,0
22646,1529,32,220,0.0,0.0,99,138093,3,4.0,0,3.37,0.0032,5.08,22,102.93,0,13292,4,38,2,0,1,1,0.0,10449.56,1,0.0,1.0,0.0,0.0,0.0,0.0,0.0,0.0,0.0,0.0,0.0,0.0,1.0,0.0,9.0,1.0,0.0,9.0,0.0,0.0,0.0,0.0,0.0,0.0,0,0.0,0
22647,1529,32,220,0.0,0.0,99,138835,3,4.0,0,4.5,0.0026,5.18,14,95.09,0,13292,4,38,2,0,1,1,0.0,10447.38,1,0.0,1.0,0.0,0.0,0.0,0.0,0.0,0.0,0.0,0.0,0.0,0.0,0.0,0.0,0.0,0.0,0.0,0.0,0.0,1.0,0.0,0.0,0.0,0.0,1,0.0,0
22648,1529,32,220,0.0,0.0,99,139327,3,4.0,1,2.77,0.0012,4.72,7,86.27,0,13292,4,38,2,0,1,1,0.0,10447.36,1,0.0,1.0,0.0,0.0,0.0,0.0,0.0,0.0,0.0,0.0,0.0,0.0,1.0,0.0,13.0,0.0,0.0,0.0,0.0,0.0,0.0,0.0,0.0,0.0,1,0.0,0
33992,2286,5,219,0.0,0.0,219,6062,2,3.0,1,1.39,0.0295,4.28,19,135.0,0,24153,2,44,2,0,1,1,0.0,188.91,0,0.0,0.0,0.0,0.0,0.0,0.0,0.0,0.0,0.0,0.0,0.0,0.0,0.0,1.0,0.0,0.0,0.0,0.0,0.0,0.0,0.0,0.0,0.0,0.0,0,0.0,0
33993,2286,5,219,0.0,0.0,219,11750,2,3.5,0,1.79,0.015,4.62,16,193.0,0,24153,2,44,2,0,1,1,-30.0997,189.29,0,0.0,0.0,0.0,0.0,0.0,0.0,0.0,0.0,0.0,0.0,0.0,0.0,-1.0,0.0,37.0,0.0,0.0,0.0,0.0,0.0,0.0,-1.0,0.0,37.0,0,0.0,0
33994,2286,5,219,0.0,0.0,219,13616,2,3.0,1,1.95,0.0128,4.28,21,109.0,0,24153,2,44,2,0,1,1,-23.799,186.84,0,0.0,0.0,0.0,0.0,0.0,0.0,0.0,0.0,0.0,0.0,0.0,0.0,0.0,0.0,0.0,0.0,0.0,0.0,0.0,0.0,0.0,0.0,0.0,0.0,0,0.0,0
33995,2286,5,219,0.0,0.0,219,15375,3,4.0,1,1.95,0.01,4.74,9,93.0,0,24153,2,44,2,0,1,1,-25.3623,190.16,0,0.0,0.0,0.0,0.0,0.0,0.0,0.0,0.0,0.0,0.0,0.0,0.0,0.0,0.0,0.0,0.0,0.0,0.0,0.0,0.0,0.0,0.0,0.0,0.0,0,0.0,0
33996,2286,5,219,0.0,0.0,219,48024,2,3.0,1,1.95,0.0062,4.33,4,59.0,0,24153,2,44,2,0,1,1,-21.0703,190.25,0,0.0,0.0,0.0,0.0,0.0,0.0,0.0,0.0,0.0,0.0,0.0,0.0,0.0,0.0,0.0,0.0,0.0,0.0,0.0,0.0,0.0,0.0,0.0,0.0,0,0.0,0
33997,2286,5,219,0.0,0.0,219,53708,2,3.0,1,1.79,0.0597,4.28,2,71.0,1,24153,2,44,2,0,1,1,0.0,184.98,0,0.0,0.0,0.0,0.0,0.0,0.0,0.0,0.0,0.0,0.0,0.0,0.0,1.0,0.0,106.0,0.0,0.0,0.0,0.0,0.0,0.0,0.0,0.0,0.0,0,0.0,0
33998,2286,5,219,0.0,0.0,219,56272,2,4.0,1,1.1,0.0035,4.57,15,94.0,0,24153,2,44,2,0,1,1,0.0,189.27,0,0.0,0.0,0.0,0.0,0.0,0.0,0.0,0.0,0.0,0.0,0.0,0.0,0.0,0.0,0.0,0.0,0.0,0.0,0.0,0.0,0.0,0.0,0.0,0.0,0,0.0,0
33999,2286,5,219,0.0,0.0,219,63151,3,3.5,1,0.69,0.1471,4.36,1,88.0,0,24153,2,44,2,0,1,1,-19.0837,187.86,0,0.0,0.0,0.0,0.0,1.0,0.0,0.0,0.0,0.0,0.0,0.0,0.0,0.0,0.0,0.0,0.0,0.0,0.0,0.0,0.0,0.0,1.0,0.0,12.0,0,0.0,0
34000,2286,5,219,0.0,0.0,219,64076,3,4.5,0,1.79,0.0143,5.11,10,150.0,0,24153,2,44,2,0,1,1,-18.5519,189.27,0,0.0,0.0,0.0,0.0,0.0,0.0,0.0,0.0,0.0,0.0,0.0,0.0,0.0,0.0,0.0,0.0,0.0,0.0,0.0,0.0,0.0,0.0,0.0,0.0,0,0.0,0
34001,2286,5,219,0.0,0.0,219,66168,3,3.5,1,1.79,0.0694,4.99,14,169.0,0,24153,2,44,2,0,1,1,-18.7355,184.44,0,0.0,0.0,0.0,0.0,0.0,0.0,0.0,0.0,0.0,0.0,0.0,0.0,-1.0,0.0,9.0,0.0,0.0,0.0,0.0,0.0,0.0,-1.0,0.0,9.0,0,0.0,0
34002,2286,5,219,0.0,0.0,219,67284,4,3.5,0,2.56,0.1303,4.76,6,232.0,0,24153,2,44,2,0,1,1,-14.0339,187.98,0,0.0,0.0,0.0,-1.0,0.0,6.0,0.0,0.0,0.0,0.0,0.0,0.0,0.0,0.0,0.0,0.0,0.0,0.0,0.0,0.0,0.0,0.0,0.0,0.0,1,0.0,0
34003,2286,5,219,0.0,0.0,219,70166,3,0.0,1,0.69,0.0006,5.08,18,249.0,0,24153,2,44,2,0,1,1,0.0,176.25,0,0.0,0.0,0.0,0.0,0.0,0.0,0.0,0.0,0.0,0.0,0.0,0.0,0.0,0.0,0.0,0.0,0.0,0.0,0.0,0.0,0.0,0.0,0.0,0.0,0,0.0,0
34004,2286,5,219,0.0,0.0,219,77139,4,4.5,0,1.61,0.0307,5.28,7,279.0,0,24153,2,44,2,0,1,1,0.0,170.75,0,0.0,0.0,0.0,0.0,0.0,0.0,0.0,0.0,0.0,0.0,0.0,0.0,0.0,0.0,0.0,0.0,0.0,0.0,0.0,0.0,0.0,0.0,1.0,0.0,0,0.0,0
34005,2286,5,219,0.0,0.0,219,81816,4,3.5,0,1.61,0.0,5.28,22,999.0,0,24153,2,44,2,0,1,1,0.0,170.61,0,0.0,0.0,0.0,0.0,0.0,0.0,0.0,0.0,0.0,0.0,0.0,0.0,0.0,0.0,0.0,0.0,0.0,0.0,0.0,0.0,0.0,0.0,0.0,0.0,0,0.0,0
34006,2286,5,219,0.0,0.0,219,84764,3,4.0,0,1.79,0.0511,5.16,12,254.0,0,24153,2,44,2,0,1,1,-13.8098,189.5,0,0.0,0.0,0.0,0.0,0.0,0.0,0.0,0.0,0.0,0.0,0.0,0.0,-1.0,0.0,10.0,0.0,0.0,0.0,0.0,0.0,0.0,-1.0,0.0,10.0,0,0.0,0
34007,2286,5,219,0.0,0.0,219,85132,3,4.0,1,0.0,0.0075,5.14,13,177.0,0,24153,2,44,2,0,1,1,-19.5222,163.51,0,0.0,0.0,0.0,0.0,0.0,0.0,0.0,0.0,0.0,0.0,0.0,0.0,0.0,0.0,0.0,0.0,0.0,0.0,0.0,0.0,0.0,0.0,0.0,0.0,0,0.0,0
34008,2286,5,219,0.0,0.0,219,89609,0,4.0,0,2.77,0.0621,5.28,24,269.0,0,24153,2,44,2,0,1,1,-19.1914,187.6,0,0.0,0.0,0.0,0.0,0.0,0.0,0.0,0.0,0.0,0.0,0.0,0.0,0.0,0.0,0.0,0.0,0.0,0.0,0.0,0.0,0.0,0.0,0.0,0.0,0,0.0,0
34009,2286,5,219,0.0,0.0,219,96841,2,3.5,1,1.95,0.0206,4.28,20,110.0,0,24153,2,44,2,0,1,1,0.0,186.58,0,0.0,0.0,0.0,0.0,0.0,0.0,0.0,0.0,0.0,0.0,0.0,0.0,0.0,0.0,0.0,0.0,0.0,0.0,0.0,0.0,0.0,0.0,0.0,0.0,0,0.0,0
34010,2286,5,219,0.0,0.0,219,130948,2,3.5,1,2.08,0.0016,4.92,3,104.0,0,24153,2,44,2,0,1,1,-24.852,190.28,0,0.0,0.0,0.0,0.0,0.0,0.0,0.0,0.0,0.0,0.0,0.0,0.0,0.0,0.0,0.0,0.0,0.0,0.0,0.0,0.0,0.0,0.0,0.0,0.0,0,0.0,0
34011,2286,5,219,0.0,0.0,219,134632,3,4.5,1,1.79,0.0704,4.49,8,165.0,0,24153,2,44,2,0,1,1,0.0,184.52,0,0.0,0.0,0.0,0.0,0.0,0.0,0.0,0.0,0.0,0.0,0.0,0.0,0.0,0.0,0.0,0.0,0.0,0.0,0.0,0.0,0.0,0.0,0.0,0.0,0,0.0,0
38061,2545,5,219,0.0,0.0,35,2732,3,4.0,0,2.83,0.0169,4.53,2,80.0,0,26750,7,58,2,0,1,0,0.0,2156.27,1,0.0,0.0,0.0,0.0,0.0,0.0,0.0,0.0,0.0,0.0,0.0,0.0,0.0,0.0,0.0,0.0,0.0,0.0,0.0,0.0,0.0,0.0,0.0,0.0,0,0.0,0
38062,2545,5,219,0.0,0.0,35,5294,3,4.5,0,2.77,0.0445,4.49,7,64.0,0,26750,7,58,2,0,1,0,0.0,2142.57,1,0.0,0.0,0.0,1.0,0.0,19.0,0.0,0.0,0.0,0.0,0.0,0.0,0.0,0.0,0.0,0.0,0.0,0.0,0.0,0.0,0.0,0.0,0.0,0.0,0,0.0,0
38063,2545,5,219,0.0,0.0,35,8207,3,4.5,0,0.69,0.0049,4.73,21,71.0,0,26750,7,58,2,0,1,0,0.0,2147.53,1,0.0,0.0,0.0,0.0,0.0,0.0,0.0,0.0,0.0,0.0,0.0,0.0,0.0,0.0,0.0,0.0,0.0,0.0,0.0,0.0,0.0,0.0,0.0,0.0,0,0.0,0
38064,2545,5,219,0.0,0.0,35,9866,3,5.0,0,0.0,0.0032,4.76,3,100.0,0,26750,7,58,2,0,1,0,0.0,2143.49,1,0.0,0.0,0.0,0.0,0.0,0.0,0.0,0.0,0.0,0.0,0.0,0.0,0.0,0.0,0.0,0.0,0.0,0.0,0.0,0.0,0.0,0.0,0.0,0.0,0,0.0,0
38065,2545,5,219,0.0,0.0,35,14957,4,3.5,0,2.94,0.0127,5.03,18,128.0,0,26750,7,58,2,0,1,0,0.0,2156.08,1,0.0,0.0,0.0,0.0,0.0,0.0,0.0,0.0,0.0,0.0,0.0,0.0,0.0,0.0,0.0,0.0,0.0,0.0,0.0,0.0,0.0,0.0,0.0,0.0,0,0.0,0
38066,2545,5,219,0.0,0.0,35,22282,4,4.5,0,1.61,0.0983,5.64,14,222.0,0,26750,7,58,2,0,1,0,0.0,2142.46,1,0.0,0.0,0.0,0.0,0.0,0.0,0.0,0.0,0.0,0.0,0.0,0.0,0.0,0.0,0.0,0.0,0.0,0.0,0.0,0.0,0.0,0.0,0.0,0.0,0,0.0,0
38067,2545,5,219,0.0,0.0,35,25656,5,4.5,0,2.3,0.1293,5.72,4,580.0,0,26750,7,58,2,0,1,0,0.0,2141.43,1,0.0,0.0,0.0,0.0,0.0,0.0,0.0,0.0,0.0,0.0,0.0,0.0,0.0,0.0,0.0,0.0,0.0,0.0,0.0,0.0,0.0,0.0,0.0,0.0,1,4587.8,1
38068,2545,5,219,0.0,0.0,35,31753,4,4.0,0,3.04,0.0139,5.46,8,191.0,0,26750,7,58,2,0,1,0,0.0,2156.19,1,0.0,0.0,0.0,1.0,0.0,17.0,0.0,0.0,0.0,0.0,0.0,0.0,0.0,0.0,0.0,0.0,0.0,0.0,0.0,0.0,0.0,0.0,0.0,0.0,0,0.0,0
38069,2545,5,219,0.0,0.0,35,33409,3,0.0,0,3.04,0.0,4.32,22,57.0,0,26750,7,58,2,0,1,0,0.0,2156.19,1,0.0,0.0,0.0,0.0,0.0,0.0,0.0,0.0,0.0,0.0,0.0,0.0,0.0,0.0,0.0,0.0,0.0,0.0,0.0,0.0,0.0,0.0,0.0,0.0,0,0.0,0
38070,2545,5,219,0.0,0.0,35,42352,2,4.5,0,1.61,0.0006,3.61,12,13.0,0,26750,7,58,2,0,1,0,0.0,2157.15,1,0.0,0.0,0.0,1.0,0.0,15.0,0.0,0.0,0.0,0.0,0.0,0.0,0.0,0.0,0.0,0.0,0.0,0.0,0.0,0.0,0.0,0.0,0.0,0.0,0,0.0,0
38071,2545,5,219,0.0,0.0,35,54841,3,4.0,0,2.77,0.0378,4.37,20,85.0,1,26750,7,58,2,0,1,0,0.0,2142.68,1,0.0,0.0,0.0,0.0,0.0,0.0,0.0,0.0,0.0,0.0,0.0,0.0,0.0,0.0,0.0,0.0,0.0,0.0,0.0,0.0,0.0,0.0,0.0,0.0,0,0.0,0
38072,2545,5,219,0.0,0.0,35,62538,3,5.0,0,0.69,0.0023,4.01,1,40.0,0,26750,7,58,2,0,1,0,0.0,2141.88,1,0.0,0.0,0.0,0.0,0.0,0.0,0.0,0.0,0.0,0.0,0.0,0.0,0.0,0.0,0.0,0.0,0.0,0.0,0.0,0.0,0.0,0.0,0.0,0.0,0,0.0,0
38073,2545,5,219,0.0,0.0,35,69915,3,0.0,0,2.94,0.0,4.46,9,53.0,0,26750,7,58,2,0,1,0,0.0,2155.71,1,0.0,0.0,0.0,0.0,0.0,0.0,0.0,0.0,0.0,0.0,0.0,0.0,0.0,0.0,0.0,0.0,0.0,0.0,0.0,0.0,0.0,0.0,0.0,0.0,0,0.0,0
38074,2545,5,219,0.0,0.0,35,70853,3,3.0,0,2.48,0.0024,4.6,24,120.0,0,26750,7,58,2,0,1,0,0.0,2143.21,1,0.0,0.0,0.0,0.0,0.0,0.0,0.0,0.0,0.0,0.0,0.0,0.0,0.0,0.0,0.0,0.0,0.0,0.0,0.0,0.0,0.0,0.0,0.0,0.0,0,0.0,0
38075,2545,5,219,0.0,0.0,35,82145,3,3.0,0,2.94,0.0007,4.85,15,91.0,0,26750,7,58,2,0,1,0,0.0,2155.62,1,0.0,0.0,0.0,0.0,0.0,0.0,0.0,0.0,0.0,0.0,0.0,0.0,0.0,0.0,0.0,0.0,0.0,0.0,0.0,0.0,0.0,0.0,0.0,0.0,0,0.0,0
38076,2545,5,219,0.0,0.0,35,111582,3,3.0,0,2.83,0.0392,3.97,16,40.0,0,26750,7,58,2,0,1,0,0.0,2142.51,1,0.0,0.0,0.0,0.0,0.0,0.0,0.0,0.0,0.0,0.0,0.0,0.0,0.0,0.0,0.0,0.0,0.0,0.0,0.0,0.0,0.0,0.0,0.0,0.0,0,0.0,0
38077,2545,5,219,0.0,0.0,35,118073,3,4.5,0,0.0,0.0252,4.91,13,113.0,0,26750,7,58,2,0,1,0,0.0,2144.13,1,0.0,0.0,0.0,-1.0,0.0,55.0,0.0,0.0,0.0,0.0,0.0,0.0,0.0,0.0,0.0,0.0,0.0,0.0,0.0,0.0,0.0,0.0,0.0,0.0,0,0.0,0
38078,2545,5,219,0.0,0.0,35,128877,2,4.0,0,2.83,0.0196,3.93,10,22.0,0,26750,7,58,2,0,1,0,0.0,2142.86,1,0.0,0.0,0.0,-1.0,0.0,10.0,0.0,0.0,0.0,0.0,0.0,0.0,0.0,0.0,0.0,0.0,0.0,0.0,0.0,0.0,0.0,0.0,0.0,0.0,0,0.0,0
38079,2545,5,219,0.0,0.0,35,133259,3,4.0,0,2.77,0.012,4.0,19,40.0,0,26750,7,58,2,0,1,0,0.0,2156.22,1,0.0,0.0,0.0,0.0,0.0,0.0,0.0,0.0,0.0,0.0,0.0,0.0,0.0,0.0,0.0,0.0,0.0,0.0,0.0,0.0,0.0,0.0,0.0,0.0,0,0.0,0
38080,2545,5,219,0.0,0.0,35,139898,4,4.5,0,0.0,0.045,5.03,6,140.0,0,26750,7,58,2,0,1,0,0.0,2146.07,1,0.0,0.0,0.0,0.0,0.0,33.0,0.0,0.0,0.0,0.0,0.0,0.0,0.0,0.0,0.0,0.0,0.0,0.0,0.0,0.0,0.0,0.0,0.0,0.0,1,0.0,0
42530,2838,5,219,0.0,0.0,31,854,4,4.5,0,6.5,0.2712,6.0,8,519.0,0,23495,2,33,1,0,1,1,0.0,4236.82,0,0.0,0.0,0.0,0.0,0.0,0.0,0.0,0.0,0.0,0.0,0.0,0.0,0.0,0.0,0.0,0.0,0.0,0.0,0.0,0.0,0.0,0.0,0.0,0.0,0,0.0,0
42531,2838,5,219,0.0,0.0,31,1325,5,4.5,0,4.09,0.0114,6.1,7,264.0,0,23495,2,33,1,0,1,1,0.0,4239.12,0,0.0,0.0,0.0,0.0,0.0,0.0,0.0,0.0,0.0,0.0,0.0,0.0,0.0,0.0,10.0,0.0,0.0,0.0,0.0,0.0,0.0,0.0,0.0,0.0,0,0.0,0
42532,2838,5,219,0.0,0.0,31,4745,4,4.5,0,6.48,0.0915,6.09,4,392.0,0,23495,2,33,1,0,1,1,0.0,4236.48,0,0.0,0.0,0.0,0.0,0.0,0.0,0.0,0.0,0.0,0.0,0.0,0.0,0.0,0.0,0.0,0.0,0.0,0.0,0.0,0.0,0.0,0.0,0.0,0.0,0,0.0,0
42533,2838,5,219,0.0,0.0,31,5072,3,4.0,0,6.51,0.2432,5.5,36,405.0,0,23495,2,33,1,0,1,1,0.0,4236.67,0,0.0,0.0,0.0,0.0,0.0,0.0,0.0,0.0,0.0,0.0,0.0,0.0,0.0,0.0,0.0,0.0,0.0,0.0,0.0,0.0,0.0,0.0,0.0,0.0,0,0.0,0
42534,2838,5,219,0.0,0.0,31,22570,3,4.5,0,5.86,0.0259,5.39,33,246.0,0,23495,2,33,1,0,1,1,0.0,4236.75,0,0.0,0.0,0.0,0.0,0.0,0.0,0.0,0.0,0.0,0.0,0.0,0.0,1.0,0.0,7.0,1.0,0.0,50.0,1.0,0.0,18.0,0.0,0.0,0.0,0,0.0,0
42535,2838,5,219,0.0,0.0,31,27948,4,4.5,0,6.5,0.2713,5.87,12,494.0,1,23495,2,33,1,0,1,1,0.0,4236.81,0,0.0,0.0,0.0,0.0,0.0,0.0,0.0,0.0,0.0,0.0,0.0,0.0,0.0,0.0,0.0,0.0,-1.0,0.0,0.0,0.0,0.0,0.0,0.0,0.0,0,0.0,0
42536,2838,5,219,0.0,0.0,31,30344,3,4.0,0,4.17,0.0382,5.18,29,107.0,0,23495,2,33,1,0,1,1,0.0,4238.79,0,0.0,0.0,0.0,0.0,0.0,0.0,0.0,0.0,0.0,0.0,0.0,0.0,0.0,1.0,0.0,0.0,0.0,0.0,0.0,1.0,0.0,0.0,0.0,0.0,0,0.0,0
42537,2838,5,219,0.0,0.0,31,36087,4,4.0,1,6.5,0.1558,5.85,1,366.0,1,23495,2,33,1,0,1,1,0.0,4236.55,0,0.0,0.0,0.0,0.0,0.0,0.0,0.0,0.0,0.0,0.0,0.0,0.0,0.0,0.0,0.0,0.0,0.0,0.0,0.0,0.0,0.0,0.0,0.0,0.0,0,0.0,0
42538,2838,5,219,0.0,0.0,31,51556,3,4.5,1,6.49,0.1799,5.69,2,365.0,0,23495,2,33,1,0,1,1,0.0,4236.75,0,0.0,0.0,0.0,0.0,0.0,0.0,0.0,0.0,0.0,0.0,0.0,0.0,0.0,0.0,0.0,0.0,0.0,0.0,0.0,0.0,0.0,0.0,0.0,0.0,0,0.0,0
42539,2838,5,219,0.0,0.0,31,56538,4,4.5,0,6.46,0.2387,5.9,34,456.0,1,23495,2,33,1,0,1,1,0.0,4236.97,0,0.0,0.0,0.0,0.0,0.0,0.0,0.0,0.0,0.0,0.0,0.0,0.0,0.0,0.0,0.0,0.0,0.0,0.0,1.0,0.0,5.0,0.0,0.0,0.0,0,0.0,0
42540,2838,5,219,0.0,0.0,31,57256,3,4.5,0,3.83,0.0105,5.23,27,121.0,1,23495,2,33,1,0,1,1,0.0,4239.2,0,0.0,0.0,0.0,0.0,0.0,0.0,0.0,0.0,0.0,0.0,0.0,0.0,0.0,0.0,0.0,0.0,-1.0,0.0,0.0,0.0,0.0,0.0,0.0,0.0,0,0.0,0
42541,2838,5,219,0.0,0.0,31,61508,3,4.0,0,6.51,0.2398,5.52,24,250.0,0,23495,2,33,1,0,1,1,0.0,4236.66,0,0.0,0.0,0.0,0.0,0.0,0.0,0.0,0.0,0.0,0.0,0.0,0.0,0.0,0.0,16.0,0.0,0.0,0.0,0.0,0.0,0.0,0.0,0.0,0.0,0,0.0,0
42542,2838,5,219,0.0,0.0,31,67015,4,4.0,0,6.15,0.0779,5.65,6,250.0,0,23495,2,33,1,0,1,1,0.0,4237.34,0,0.0,0.0,0.0,0.0,0.0,0.0,0.0,0.0,0.0,0.0,0.0,0.0,0.0,-1.0,6.0,0.0,1.0,0.0,0.0,1.0,0.0,0.0,0.0,0.0,0,0.0,0
42543,2838,5,219,0.0,0.0,31,82889,5,4.5,0,6.45,0.1518,6.21,28,531.0,0,23495,2,33,1,0,1,1,0.0,4236.84,0,0.0,0.0,0.0,0.0,0.0,0.0,0.0,0.0,0.0,0.0,0.0,0.0,0.0,0.0,0.0,1.0,0.0,11.0,0.0,1.0,0.0,0.0,0.0,0.0,0,0.0,0
42544,2838,5,219,0.0,0.0,31,83429,4,4.5,0,6.48,0.2114,5.99,10,451.0,0,23495,2,33,1,0,1,1,0.0,4236.8,0,0.0,0.0,0.0,0.0,0.0,0.0,0.0,0.0,0.0,0.0,0.0,0.0,0.0,0.0,0.0,0.0,0.0,0.0,0.0,0.0,0.0,0.0,0.0,0.0,0,0.0,0
42545,2838,5,219,0.0,0.0,31,84860,4,4.5,0,6.43,0.0804,5.96,31,429.0,0,23495,2,33,1,0,1,1,0.0,4236.63,0,0.0,0.0,0.0,0.0,0.0,0.0,0.0,0.0,0.0,0.0,0.0,0.0,0.0,0.0,0.0,0.0,1.0,0.0,0.0,0.0,0.0,0.0,0.0,0.0,0,0.0,0
42546,2838,5,219,0.0,0.0,31,87298,4,4.5,0,4.06,0.0355,4.99,18,141.0,0,23495,2,33,1,0,1,1,0.0,4230.85,0,0.0,0.0,0.0,0.0,0.0,0.0,0.0,0.0,0.0,0.0,0.0,0.0,0.0,0.0,0.0,0.0,0.0,0.0,0.0,0.0,0.0,0.0,0.0,0.0,0,0.0,0
42547,2838,5,219,0.0,0.0,31,90808,3,4.5,1,6.23,0.1233,5.68,16,358.0,0,23495,2,33,1,0,1,1,0.0,4237.21,0,0.0,0.0,0.0,0.0,0.0,0.0,0.0,0.0,0.0,0.0,0.0,0.0,0.0,1.0,0.0,0.0,0.0,0.0,0.0,0.0,0.0,0.0,0.0,0.0,0,0.0,0
42548,2838,5,219,0.0,0.0,31,99882,3,4.0,0,6.37,0.1254,5.31,20,203.0,0,23495,2,33,1,0,1,1,0.0,4236.05,0,0.0,0.0,0.0,0.0,0.0,0.0,0.0,0.0,0.0,0.0,0.0,0.0,-1.0,0.0,7.0,0.0,0.0,0.0,0.0,0.0,0.0,0.0,0.0,0.0,0,0.0,0
42549,2838,5,219,0.0,0.0,31,101859,3,4.5,0,6.44,0.0949,5.81,19,370.0,0,23495,2,33,1,0,1,1,0.0,4236.7,0,0.0,0.0,0.0,0.0,0.0,0.0,0.0,0.0,0.0,0.0,0.0,0.0,0.0,0.0,0.0,0.0,0.0,0.0,0.0,0.0,0.0,0.0,0.0,0.0,0,0.0,0
42550,2838,5,219,0.0,0.0,31,106257,3,4.0,0,6.4,0.1271,5.49,32,263.0,0,23495,2,33,1,0,1,1,0.0,4236.1,0,0.0,0.0,0.0,0.0,0.0,0.0,0.0,0.0,0.0,0.0,0.0,0.0,0.0,0.0,0.0,0.0,0.0,0.0,0.0,-1.0,0.0,0.0,0.0,0.0,0,0.0,0
42551,2838,5,219,0.0,0.0,31,106763,4,4.5,1,6.36,0.1113,5.8,25,361.0,0,23495,2,33,1,0,1,1,0.0,4236.08,0,0.0,0.0,0.0,0.0,0.0,0.0,0.0,0.0,0.0,0.0,0.0,0.0,0.0,0.0,0.0,0.0,0.0,0.0,0.0,0.0,0.0,0.0,0.0,0.0,0,0.0,0
42552,2838,5,219,0.0,0.0,31,113573,3,4.0,0,6.47,0.2536,5.52,22,283.0,1,23495,2,33,1,0,1,1,0.0,4236.93,0,0.0,0.0,0.0,0.0,0.0,0.0,0.0,0.0,0.0,0.0,0.0,0.0,0.0,0.0,0.0,0.0,0.0,0.0,0.0,0.0,0.0,0.0,0.0,0.0,0,0.0,0
42553,2838,5,219,0.0,0.0,31,126700,3,4.5,0,6.22,0.0715,5.54,15,323.0,0,23495,2,33,1,0,1,1,0.0,4235.99,0,0.0,0.0,0.0,0.0,0.0,0.0,0.0,0.0,0.0,0.0,0.0,0.0,0.0,0.0,0.0,0.0,0.0,0.0,0.0,0.0,0.0,0.0,0.0,0.0,0,0.0,0
42554,2838,5,219,0.0,0.0,31,129859,4,4.5,0,6.24,0.1303,6.14,21,465.0,0,23495,2,33,1,0,1,1,0.0,4237.21,0,0.0,0.0,0.0,0.0,0.0,0.0,0.0,0.0,0.0,0.0,0.0,0.0,0.0,0.0,0.0,0.0,0.0,0.0,0.0,0.0,0.0,0.0,0.0,0.0,0,0.0,0
42555,2838,5,219,0.0,0.0,31,133003,4,4.5,1,4.06,0.0359,5.26,3,171.0,0,23495,2,33,1,0,1,1,0.0,4230.79,0,0.0,0.0,0.0,0.0,0.0,0.0,0.0,0.0,0.0,0.0,0.0,0.0,0.0,0.0,0.0,0.0,0.0,0.0,0.0,0.0,0.0,0.0,0.0,0.0,1,422.56,1
42556,2838,5,219,0.0,0.0,31,133007,4,4.5,0,1.39,0.0103,4.98,26,121.0,0,23495,2,33,1,0,1,1,0.0,4233.49,0,0.0,0.0,0.0,0.0,0.0,0.0,0.0,0.0,0.0,0.0,0.0,0.0,1.0,0.0,9.0,1.0,0.0,19.0,0.0,1.0,0.0,0.0,0.0,0.0,0,0.0,0
42557,2838,5,219,0.0,0.0,31,134158,4,4.5,1,2.3,0.0083,5.21,35,217.0,0,23495,2,33,1,0,1,1,0.0,4232.52,0,0.0,0.0,0.0,0.0,0.0,0.0,0.0,0.0,0.0,0.0,0.0,0.0,0.0,0.0,0.0,0.0,0.0,0.0,0.0,0.0,0.0,0.0,0.0,0.0,0,0.0,0
42558,2838,5,219,0.0,0.0,31,134537,2,4.0,0,6.3,0.1182,5.05,30,176.0,0,23495,2,33,1,0,1,1,0.0,4235.95,0,0.0,0.0,0.0,0.0,0.0,0.0,0.0,0.0,0.0,0.0,0.0,0.0,0.0,0.0,0.0,0.0,0.0,0.0,0.0,0.0,0.0,0.0,0.0,0.0,0,0.0,0
42559,2838,5,219,0.0,0.0,31,137458,4,4.5,0,4.06,0.036,5.09,13,171.0,0,23495,2,33,1,0,1,1,0.0,4230.82,0,0.0,0.0,0.0,0.0,0.0,0.0,0.0,0.0,0.0,0.0,0.0,0.0,0.0,0.0,0.0,0.0,0.0,0.0,0.0,0.0,0.0,0.0,0.0,0.0,0,0.0,0
42560,2838,5,219,0.0,0.0,31,138037,4,4.0,0,6.36,0.1264,5.83,14,370.0,0,23495,2,33,1,0,1,1,0.0,4236.03,0,0.0,0.0,0.0,0.0,0.0,0.0,0.0,0.0,0.0,0.0,0.0,0.0,0.0,0.0,0.0,0.0,-1.0,0.0,0.0,-1.0,0.0,0.0,0.0,0.0,0,0.0,0
42561,2838,5,219,0.0,0.0,31,140098,4,4.0,1,6.35,0.1278,5.63,9,250.0,0,23495,2,33,1,0,1,1,0.0,4236.02,0,0.0,0.0,0.0,0.0,0.0,0.0,0.0,0.0,0.0,0.0,0.0,0.0,0.0,0.0,0.0,0.0,0.0,0.0,0.0,0.0,0.0,0.0,0.0,0.0,0,0.0,0
51658,3411,14,100,0.0,0.0,100,5910,2,3.5,0,1.95,0.0905,4.77,8,102.53,0,454,1,17,2,1,1,1,0.0,1957.2,0,0.0,0.0,0.0,0.0,0.0,0.0,0.0,0.0,0.0,0.0,0.0,0.0,0.0,0.0,0.0,0.0,0.0,0.0,0.0,0.0,0.0,0.0,0.0,0.0,0,0.0,0
51659,3411,14,100,0.0,0.0,100,14169,3,4.0,0,2.3,0.1328,4.95,2,112.29,1,454,1,17,2,1,1,1,0.0,1955.5,0,0.0,0.0,0.0,0.0,0.0,0.0,0.0,0.0,0.0,0.0,0.0,0.0,0.0,0.0,0.0,0.0,0.0,0.0,0.0,0.0,0.0,0.0,0.0,0.0,0,0.0,0
51660,3411,14,100,0.0,0.0,100,16076,2,3.0,1,1.79,0.0129,4.56,35,86.91,0,454,1,17,2,1,1,1,0.0,1953.64,0,0.0,0.0,0.0,0.0,0.0,0.0,0.0,0.0,0.0,0.0,0.0,0.0,0.0,0.0,0.0,0.0,0.0,0.0,0.0,0.0,0.0,0.0,0.0,0.0,0,0.0,0
51661,3411,14,100,0.0,0.0,100,20551,2,3.5,1,2.56,0.0858,4.65,14,95.69,0,454,1,17,2,1,1,1,0.0,1955.63,0,0.0,0.0,0.0,0.0,0.0,0.0,0.0,0.0,0.0,0.0,0.0,0.0,0.0,0.0,0.0,0.0,0.0,0.0,0.0,0.0,0.0,0.0,0.0,0.0,0,0.0,0
51662,3411,14,100,0.0,0.0,100,24391,3,4.0,1,2.64,0.1934,4.96,26,161.12,0,454,1,17,2,1,1,1,0.0,1957.38,0,0.0,0.0,0.0,0.0,0.0,0.0,0.0,0.0,0.0,0.0,0.0,0.0,0.0,0.0,0.0,0.0,0.0,0.0,0.0,0.0,0.0,0.0,0.0,0.0,0,0.0,0
51663,3411,14,100,0.0,0.0,100,26705,2,2.0,1,1.79,0.0144,4.45,31,67.38,0,454,1,17,2,1,1,1,0.0,1953.72,0,0.0,0.0,0.0,0.0,0.0,0.0,0.0,0.0,0.0,0.0,0.0,0.0,0.0,0.0,0.0,0.0,0.0,0.0,0.0,0.0,0.0,0.0,0.0,0.0,0,0.0,0
51664,3411,14,100,0.0,0.0,100,42177,3,4.0,0,2.3,0.0998,4.89,1,103.51,1,454,1,17,2,1,1,1,0.0,1955.34,0,0.0,0.0,0.0,0.0,0.0,0.0,0.0,0.0,0.0,0.0,0.0,0.0,0.0,0.0,0.0,0.0,0.0,0.0,0.0,0.0,0.0,0.0,0.0,0.0,0,0.0,0
51665,3411,14,100,0.0,0.0,100,42842,2,0.0,1,2.64,0.1673,4.62,20,95.69,0,454,1,17,2,1,1,1,0.0,1957.31,0,0.0,0.0,0.0,0.0,0.0,0.0,0.0,0.0,0.0,0.0,0.0,0.0,0.0,0.0,0.0,0.0,0.0,0.0,0.0,0.0,0.0,0.0,0.0,0.0,0,0.0,0
51666,3411,14,100,0.0,0.0,100,47031,2,3.5,0,1.79,0.0065,4.47,16,78.12,0,454,1,17,2,1,1,1,0.0,1953.86,0,0.0,0.0,0.0,0.0,0.0,0.0,0.0,0.0,0.0,0.0,0.0,0.0,0.0,0.0,0.0,0.0,0.0,0.0,0.0,0.0,0.0,0.0,0.0,0.0,0,0.0,0
51667,3411,14,100,0.0,0.0,100,48940,2,4.0,1,2.64,0.2051,4.5,25,107.41,0,454,1,17,2,1,1,1,0.0,1957.36,0,0.0,0.0,0.0,0.0,0.0,0.0,0.0,0.0,0.0,0.0,0.0,0.0,0.0,0.0,0.0,0.0,0.0,0.0,0.0,0.0,0.0,0.0,0.0,0.0,0,0.0,0
51668,3411,14,100,0.0,0.0,100,53192,2,3.0,1,1.1,0.0257,4.43,34,82.02,0,454,1,17,2,1,1,1,0.0,1951.98,0,0.0,0.0,0.0,0.0,0.0,0.0,0.0,0.0,0.0,0.0,0.0,0.0,0.0,0.0,0.0,0.0,0.0,0.0,0.0,0.0,0.0,0.0,0.0,0.0,0,0.0,0
51669,3411,14,100,0.0,0.0,100,61325,2,4.0,0,1.1,0.0357,4.32,30,67.38,0,454,1,17,2,1,1,1,0.0,1952.2,0,0.0,0.0,0.0,0.0,0.0,0.0,0.0,0.0,0.0,0.0,0.0,0.0,0.0,0.0,0.0,0.0,0.0,0.0,0.0,0.0,0.0,0.0,0.0,0.0,0,0.0,0
51670,3411,14,100,0.0,0.0,100,62181,3,4.0,0,2.48,0.0853,4.85,7,135.73,0,454,1,17,2,1,1,1,0.0,1955.64,0,0.0,0.0,0.0,0.0,0.0,0.0,0.0,0.0,0.0,0.0,0.0,0.0,0.0,0.0,0.0,0.0,0.0,0.0,0.0,0.0,0.0,0.0,0.0,0.0,0,0.0,0
51671,3411,14,100,0.0,0.0,100,64332,2,4.0,0,2.64,0.1972,5.18,33,161.12,0,454,1,17,2,1,1,1,0.0,1957.36,0,0.0,0.0,0.0,0.0,0.0,0.0,0.0,0.0,0.0,0.0,0.0,0.0,0.0,0.0,0.0,0.0,0.0,0.0,0.0,0.0,0.0,0.0,0.0,0.0,0,0.0,0
51672,3411,14,100,0.0,0.0,100,69938,3,4.5,1,0.69,0.0364,5.17,24,174.79,0,454,1,17,2,1,1,1,0.0,1956.9,0,0.0,0.0,0.0,0.0,0.0,0.0,0.0,0.0,0.0,0.0,0.0,0.0,0.0,0.0,0.0,0.0,0.0,0.0,0.0,0.0,0.0,0.0,0.0,0.0,0,0.0,0
51673,3411,14,100,0.0,0.0,100,72553,3,4.0,0,2.2,0.0362,4.88,4,116.2,0,454,1,17,2,1,1,1,0.0,1956.56,0,0.0,0.0,0.0,0.0,0.0,0.0,0.0,0.0,0.0,0.0,0.0,0.0,0.0,0.0,0.0,0.0,0.0,0.0,0.0,0.0,0.0,0.0,0.0,0.0,0,0.0,0
51674,3411,14,100,0.0,0.0,100,72892,2,3.5,1,2.3,0.092,4.56,9,106.43,0,454,1,17,2,1,1,1,0.0,1955.49,0,0.0,0.0,0.0,0.0,0.0,0.0,0.0,0.0,0.0,0.0,0.0,0.0,0.0,0.0,0.0,0.0,0.0,0.0,0.0,0.0,0.0,0.0,0.0,0.0,0,0.0,0
51675,3411,14,100,0.0,0.0,100,75844,3,4.0,1,2.64,0.071,5.05,22,124.99,0,454,1,17,2,1,1,1,0.0,1957.91,0,0.0,0.0,0.0,0.0,0.0,0.0,0.0,0.0,0.0,0.0,0.0,0.0,0.0,0.0,0.0,0.0,0.0,0.0,0.0,0.0,0.0,0.0,0.0,0.0,0,0.0,0
51676,3411,14,100,0.0,0.0,100,76199,2,3.0,1,2.4,0.0638,4.28,21,63.47,0,454,1,17,2,1,1,1,0.0,1956.59,0,0.0,0.0,0.0,0.0,0.0,0.0,0.0,0.0,0.0,0.0,0.0,0.0,0.0,0.0,0.0,0.0,0.0,0.0,0.0,0.0,0.0,0.0,0.0,0.0,0,0.0,0
51677,3411,14,100,0.0,0.0,100,77077,3,4.0,1,2.64,0.196,4.98,12,135.73,0,454,1,17,2,1,1,1,0.0,1957.46,0,0.0,0.0,0.0,0.0,0.0,0.0,0.0,0.0,0.0,0.0,0.0,0.0,0.0,0.0,0.0,0.0,0.0,0.0,0.0,0.0,0.0,0.0,0.0,0.0,0,0.0,0
51678,3411,14,100,0.0,0.0,100,77509,2,4.0,1,2.64,0.1727,4.56,28,96.67,0,454,1,17,2,1,1,1,0.0,1957.31,0,0.0,0.0,0.0,0.0,0.0,0.0,0.0,0.0,0.0,0.0,0.0,0.0,0.0,0.0,0.0,0.0,0.0,0.0,0.0,0.0,0.0,0.0,0.0,0.0,0,0.0,0
51679,3411,14,100,0.0,0.0,100,82674,2,0.0,0,2.71,0.0,4.7,6,106.43,1,454,1,17,2,1,1,1,0.0,1957.17,0,0.0,0.0,0.0,0.0,0.0,0.0,0.0,0.0,0.0,0.0,0.0,0.0,0.0,0.0,0.0,0.0,0.0,0.0,0.0,0.0,0.0,0.0,0.0,0.0,0,0.0,0
51680,3411,14,100,0.0,0.0,100,84581,2,3.0,1,2.4,0.0619,4.56,32,79.09,0,454,1,17,2,1,1,1,0.0,1956.61,0,0.0,0.0,0.0,0.0,0.0,0.0,0.0,0.0,0.0,0.0,0.0,0.0,0.0,0.0,0.0,0.0,0.0,0.0,0.0,0.0,0.0,0.0,0.0,0.0,0,0.0,0
51681,3411,14,100,0.0,0.0,100,94591,2,3.0,1,2.64,0.078,4.56,15,74.21,0,454,1,17,2,1,1,1,0.0,1957.88,0,0.0,0.0,0.0,0.0,0.0,0.0,0.0,0.0,0.0,0.0,0.0,0.0,0.0,0.0,0.0,0.0,0.0,0.0,0.0,0.0,0.0,0.0,0.0,0.0,1,85.8,1
51682,3411,14,100,0.0,0.0,100,105988,2,3.0,1,2.64,0.2104,4.72,27,90.81,0,454,1,17,2,1,1,1,0.0,1957.42,0,0.0,0.0,0.0,0.0,0.0,0.0,0.0,0.0,0.0,0.0,0.0,0.0,0.0,0.0,0.0,0.0,0.0,0.0,0.0,0.0,0.0,0.0,0.0,0.0,0,0.0,0
51683,3411,14,100,0.0,0.0,100,115602,3,4.0,1,2.64,0.1445,5.01,13,126.94,0,454,1,17,2,1,1,1,0.0,1957.27,0,0.0,0.0,0.0,0.0,0.0,0.0,0.0,0.0,0.0,0.0,0.0,0.0,0.0,0.0,0.0,0.0,0.0,0.0,0.0,0.0,0.0,0.0,0.0,0.0,0,0.0,0
51684,3411,14,100,0.0,0.0,100,125308,3,4.5,1,2.64,0.1985,5.08,10,140.61,0,454,1,17,2,1,1,1,0.0,1957.46,0,0.0,0.0,0.0,0.0,0.0,0.0,0.0,0.0,0.0,0.0,0.0,0.0,0.0,0.0,0.0,0.0,0.0,0.0,0.0,0.0,0.0,0.0,0.0,0.0,0,0.0,0
51685,3411,14,100,0.0,0.0,100,128140,2,2.5,0,1.1,0.02,4.56,36,53.71,0,454,1,17,2,1,1,1,0.0,1951.88,0,0.0,0.0,0.0,0.0,0.0,0.0,0.0,0.0,0.0,0.0,0.0,0.0,0.0,0.0,0.0,0.0,0.0,0.0,0.0,0.0,0.0,0.0,0.0,0.0,0,0.0,0
51686,3411,14,100,0.0,0.0,100,128390,3,4.0,0,1.95,0.046,4.84,3,121.08,0,454,1,17,2,1,1,1,0.0,1954.38,0,0.0,0.0,0.0,0.0,0.0,0.0,0.0,0.0,0.0,0.0,0.0,0.0,0.0,0.0,0.0,0.0,0.0,0.0,0.0,0.0,0.0,0.0,0.0,0.0,0,0.0,0
51687,3411,14,100,0.0,0.0,100,130582,2,4.0,0,2.3,0.028,4.12,29,63.47,0,454,1,17,2,1,1,1,0.0,1954.59,0,0.0,0.0,0.0,0.0,0.0,0.0,0.0,0.0,0.0,0.0,0.0,0.0,0.0,0.0,0.0,0.0,0.0,0.0,0.0,0.0,0.0,0.0,0.0,0.0,0,0.0,0
51688,3411,14,100,0.0,0.0,100,137468,3,3.5,1,2.4,0.0578,4.86,19,131.82,0,454,1,17,2,1,1,1,0.0,1956.53,0,0.0,0.0,0.0,0.0,0.0,0.0,0.0,0.0,0.0,0.0,0.0,0.0,0.0,0.0,0.0,0.0,0.0,0.0,0.0,0.0,0.0,0.0,0.0,0.0,0,0.0,0
51689,3411,14,100,0.0,0.0,100,138420,2,2.5,1,2.3,0.0981,4.33,18,65.42,0,454,1,17,2,1,1,1,0.0,1955.51,0,0.0,0.0,0.0,0.0,0.0,0.0,0.0,0.0,0.0,0.0,0.0,0.0,0.0,0.0,0.0,0.0,0.0,0.0,0.0,0.0,0.0,0.0,0.0,0.0,0,0.0,0
52499,3467,24,216,4.06,238.87,92,14426,3,3.0,0,2.08,0.0193,4.98,29,62.29,0,14669,1,2,1,0,1,0,0.0,0.0,0,0.0,0.0,0.0,0.0,1.0,0.0,0.0,0.0,0.0,0.0,0.0,0.0,0.0,0.0,0.0,0.0,0.0,0.0,0.0,0.0,0.0,0.0,0.0,0.0,0,0.0,0
52500,3467,24,216,4.06,238.87,92,15045,3,3.5,0,3.4,0.0,4.55,30,62.29,0,14669,1,2,1,0,1,0,0.0,0.0,0,0.0,0.0,0.0,0.0,0.0,0.0,0.0,0.0,0.0,0.0,0.0,0.0,0.0,0.0,0.0,0.0,0.0,0.0,0.0,0.0,0.0,-1.0,0.0,12.0,0,0.0,0
52501,3467,24,216,4.06,238.87,92,15571,5,4.5,1,2.48,0.0985,5.79,18,228.77,0,14669,1,2,1,0,1,0,0.0,0.0,0,0.0,0.0,0.0,0.0,0.0,0.0,0.0,0.0,35.0,0.0,0.0,0.0,0.0,0.0,35.0,0.0,0.0,0.0,0.0,0.0,0.0,1.0,0.0,37.0,0,0.0,0
52502,3467,24,216,4.06,238.87,92,17344,5,4.0,0,3.0,0.0942,5.01,9,84.7,1,14669,1,2,1,0,1,0,0.0,0.0,0,0.0,0.0,0.0,1.0,0.0,37.0,0.0,1.0,0.0,1.0,0.0,9.0,1.0,0.0,25.0,0.0,0.0,0.0,0.0,0.0,0.0,1.0,0.0,20.0,0,0.0,0
52503,3467,24,216,4.06,238.87,92,36142,4,4.0,1,3.47,0.1518,5.54,15,224.2,0,14669,1,2,1,0,1,0,0.0,0.0,0,0.0,0.0,0.0,-1.0,0.0,28.0,-1.0,0.0,28.0,-1.0,0.0,28.0,-1.0,0.0,28.0,0.0,0.0,0.0,0.0,0.0,0.0,0.0,0.0,0.0,0,0.0,0
52504,3467,24,216,4.06,238.87,92,40709,5,0.0,0,2.56,0.0,5.0,28,93.43,0,14669,1,2,1,0,1,0,0.0,0.0,0,0.0,0.0,0.0,0.0,0.0,0.0,0.0,0.0,0.0,0.0,1.0,0.0,0.0,0.0,0.0,0.0,0.0,0.0,0.0,0.0,0.0,0.0,0.0,0.0,0,0.0,0
52505,3467,24,216,4.06,238.87,92,41325,4,4.0,1,3.5,0.1565,5.17,6,96.81,1,14669,1,2,1,0,1,0,0.0,0.0,0,0.0,0.0,0.0,0.0,0.0,27.0,0.0,0.0,0.0,0.0,0.0,0.0,1.0,0.0,12.0,0.0,0.0,0.0,0.0,0.0,0.0,1.0,0.0,64.0,0,0.0,0
52506,3467,24,216,4.06,238.87,92,44416,5,4.5,1,2.64,0.0986,5.78,10,236.85,0,14669,1,2,1,0,1,0,0.0,0.0,0,0.0,0.0,0.0,1.0,0.0,6.0,0.0,0.0,6.0,0.0,0.0,0.0,0.0,0.0,0.0,0.0,0.0,0.0,0.0,0.0,0.0,-1.0,0.0,12.0,0,0.0,0
52507,3467,24,216,4.06,238.87,92,57098,5,4.0,1,3.37,0.1266,5.93,4,228.77,0,14669,1,2,1,0,1,0,0.0,0.0,0,0.0,0.0,0.0,0.0,0.0,0.0,-1.0,0.0,8.0,0.0,0.0,0.0,1.0,0.0,10.0,0.0,0.0,0.0,0.0,0.0,0.0,-1.0,0.0,3.0,0,0.0,0
52508,3467,24,216,4.06,238.87,92,58232,3,4.0,0,3.47,0.1529,5.02,13,69.98,0,14669,1,2,1,0,1,0,0.0,0.0,0,0.0,0.0,0.0,1.0,0.0,79.0,0.0,0.0,0.0,0.0,0.0,0.0,-1.0,0.0,2.0,0.0,0.0,0.0,0.0,0.0,0.0,0.0,-1.0,0.0,0,0.0,0
52509,3467,24,216,4.06,238.87,92,60875,4,4.0,0,2.48,0.1578,5.29,2,91.51,1,14669,1,2,1,0,1,0,0.0,0.0,0,0.0,0.0,0.0,1.0,0.0,86.0,0.0,1.0,0.0,1.0,0.0,8.0,-1.0,0.0,7.0,0.0,0.0,0.0,0.0,0.0,0.0,1.0,0.0,20.0,1,110.26,1
52510,3467,24,216,4.06,238.87,92,76196,5,4.5,0,3.4,0.0139,5.91,1,157.62,1,14669,1,2,1,0,1,0,0.0,0.0,0,0.0,0.0,0.0,0.0,0.0,0.0,1.0,0.0,9.0,0.0,0.0,0.0,1.0,0.0,26.0,0.0,0.0,0.0,0.0,0.0,0.0,0.0,0.0,0.0,0,0.0,0
52511,3467,24,216,4.06,238.87,92,77151,4,4.0,1,3.33,0.0895,5.19,3,111.65,0,14669,1,2,1,0,1,0,0.0,0.0,0,0.0,0.0,0.0,0.0,0.0,0.0,0.0,0.0,0.0,0.0,0.0,0.0,0.0,0.0,0.0,0.0,0.0,0.0,0.0,0.0,0.0,0.0,-1.0,0.0,0,0.0,0
52512,3467,24,216,4.06,238.87,92,77291,5,4.5,0,1.95,0.0198,5.67,8,161.49,0,14669,1,2,1,0,1,0,0.0,0.0,0,0.0,0.0,0.0,1.0,0.0,30.0,1.0,0.0,30.0,0.0,0.0,0.0,0.0,0.0,0.0,0.0,0.0,0.0,0.0,0.0,0.0,-1.0,0.0,10.0,0,0.0,0
52513,3467,24,216,4.06,238.87,92,79919,5,4.5,1,2.83,0.0685,5.89,7,219.63,0,14669,1,2,1,0,1,0,0.0,0.0,0,0.0,0.0,0.0,0.0,0.0,0.0,-1.0,0.0,11.0,0.0,0.0,0.0,0.0,0.0,0.0,0.0,0.0,0.0,0.0,0.0,0.0,1.0,0.0,36.0,0,0.0,0
52514,3467,24,216,4.06,238.87,92,81643,4,3.5,0,3.3,0.0882,5.03,25,102.32,0,14669,1,2,1,0,1,0,0.0,0.0,0,0.0,0.0,0.0,0.0,0.0,0.0,0.0,0.0,0.0,-1.0,0.0,25.0,-1.0,0.0,26.0,0.0,0.0,0.0,0.0,0.0,0.0,0.0,0.0,0.0,0,0.0,0
52515,3467,24,216,4.06,238.87,92,83173,4,4.0,0,2.71,0.0788,5.01,26,107.82,1,14669,1,2,1,0,1,0,0.0,0.0,0,0.0,0.0,0.0,1.0,0.0,9.0,0.0,0.0,0.0,0.0,0.0,0.0,0.0,0.0,0.0,0.0,0.0,0.0,0.0,0.0,0.0,0.0,0.0,0.0,0,0.0,0
52516,3467,24,216,4.06,238.87,92,91408,3,3.5,0,2.08,0.0379,4.74,31,56.72,0,14669,1,2,1,0,1,0,0.0,0.0,0,0.0,0.0,0.0,0.0,0.0,0.0,0.0,0.0,0.0,-1.0,0.0,15.0,1.0,0.0,6.0,0.0,0.0,0.0,0.0,0.0,0.0,-1.0,0.0,4.0,0,0.0,0
52517,3467,24,216,4.06,238.87,92,97732,3,2.5,0,3.37,0.0892,4.65,27,71.18,0,14669,1,2,1,0,1,0,0.0,0.0,0,0.0,0.0,0.0,1.0,0.0,28.0,0.0,1.0,0.0,-1.0,0.0,11.0,0.0,0.0,0.0,0.0,0.0,0.0,0.0,0.0,0.0,-1.0,0.0,21.0,0,0.0,0
52518,3467,24,216,4.06,238.87,92,101467,3,2.5,0,3.3,0.0722,4.9,24,85.41,0,14669,1,2,1,0,1,0,0.0,0.0,0,0.0,0.0,0.0,0.0,0.0,0.0,0.0,0.0,0.0,-1.0,0.0,20.0,-1.0,0.0,20.0,0.0,0.0,0.0,0.0,0.0,0.0,0.0,-1.0,0.0,0,0.0,0
52519,3467,24,216,4.06,238.87,92,106418,4,3.5,0,2.4,0.1454,5.01,12,80.08,0,14669,1,2,1,0,1,0,0.0,0.0,0,0.0,0.0,0.0,0.0,0.0,0.0,0.0,0.0,0.0,1.0,0.0,15.0,0.0,0.0,0.0,0.0,0.0,0.0,0.0,0.0,0.0,1.0,0.0,205.0,0,0.0,0
52520,3467,24,216,4.06,238.87,92,111783,4,3.5,0,3.47,0.1456,5.01,22,97.88,0,14669,1,2,1,0,1,0,0.0,0.0,0,0.0,0.0,0.0,0.0,1.0,0.0,0.0,1.0,0.0,-1.0,0.0,11.0,-1.0,0.0,2.0,0.0,0.0,0.0,0.0,0.0,0.0,-1.0,0.0,12.0,0,0.0,0
52521,3467,24,216,4.06,238.87,92,126108,3,3.5,1,2.77,0.0912,5.03,19,109.82,0,14669,1,2,1,0,1,0,0.0,0.0,0,0.0,0.0,0.0,0.0,0.0,0.0,0.0,0.0,0.0,0.0,0.0,0.0,0.0,0.0,0.0,0.0,0.0,0.0,0.0,0.0,0.0,0.0,0.0,0.0,0,0.0,0
52522,3467,24,216,4.06,238.87,92,126910,5,4.5,1,1.79,0.0116,5.94,14,273.62,0,14669,1,2,1,0,1,0,0.0,0.0,0,0.0,0.0,0.0,0.0,0.0,0.0,0.0,0.0,0.0,0.0,1.0,0.0,1.0,0.0,9.0,0.0,0.0,0.0,0.0,0.0,0.0,0.0,0.0,0.0,0,0.0,0
52523,3467,24,216,4.06,238.87,92,132203,5,4.5,1,2.64,0.0637,6.1,16,379.77,0,14669,1,2,1,0,1,0,0.0,0.0,0,0.0,0.0,0.0,-1.0,0.0,7.0,0.0,0.0,7.0,0.0,0.0,0.0,0.0,0.0,0.0,0.0,0.0,0.0,0.0,0.0,0.0,0.0,1.0,0.0,0,0.0,0
52524,3467,24,216,4.06,238.87,92,134393,5,4.5,1,3.33,0.0848,5.84,20,242.5,0,14669,1,2,1,0,1,0,0.0,0.0,0,0.0,0.0,0.0,0.0,0.0,0.0,-1.0,0.0,10.0,0.0,0.0,0.0,0.0,0.0,0.0,0.0,0.0,0.0,0.0,0.0,0.0,-1.0,0.0,15.0,0,0.0,0
52525,3467,24,216,4.06,238.87,92,138615,5,4.0,0,3.14,0.0679,5.18,21,162.22,1,14669,1,2,1,0,1,0,0.0,0.0,0,0.0,0.0,0.0,-1.0,0.0,7.0,0.0,1.0,0.0,0.0,0.0,0.0,0.0,0.0,0.0,0.0,0.0,0.0,0.0,0.0,0.0,1.0,0.0,11.0,0,0.0,0
60016,3999,24,50,0.0,0.0,50,3072,2,0.0,0,4.06,0.0174,3.67,2,16.39,0,874,1,0,1,0,1,1,0.0,3.03,0,0.0,0.0,0.0,0.0,0.0,0.0,0.0,0.0,0.0,0.0,0.0,0.0,0.0,0.0,0.0,0.0,0.0,0.0,0.0,0.0,0.0,0.0,0.0,0.0,0,0.0,0
60017,3999,24,50,0.0,0.0,50,20864,3,0.0,0,0.69,0.0,5.07,14,112.35,0,874,1,0,1,0,1,1,0.0,18.37,0,0.0,0.0,0.0,0.0,0.0,0.0,0.0,0.0,0.0,0.0,0.0,0.0,0.0,0.0,0.0,0.0,0.0,0.0,0.0,0.0,0.0,0.0,0.0,0.0,0,0.0,0
60018,3999,24,50,0.0,0.0,50,24341,3,0.0,0,2.83,0.0028,4.4,9,84.26,0,874,1,0,1,0,1,1,0.0,4.7,0,0.0,0.0,0.0,0.0,0.0,0.0,0.0,0.0,0.0,0.0,0.0,0.0,-1.0,0.0,10.0,0.0,0.0,0.0,0.0,0.0,0.0,0.0,0.0,0.0,0,0.0,0
60019,3999,24,50,0.0,0.0,50,25289,4,4.0,0,3.33,0.0122,5.5,22,150.0,1,874,1,0,1,0,1,1,0.0,4.62,0,0.0,0.0,0.0,0.0,0.0,0.0,0.0,0.0,0.0,0.0,0.0,0.0,-1.0,0.0,16.0,0.0,0.0,0.0,0.0,0.0,0.0,0.0,0.0,0.0,0,0.0,0
60020,3999,24,50,0.0,0.0,50,34857,4,4.5,0,4.03,0.0372,5.48,21,148.74,1,874,1,0,1,0,1,1,0.0,3.97,0,0.0,0.0,0.0,0.0,0.0,0.0,0.0,0.0,0.0,0.0,0.0,0.0,-1.0,1.0,27.0,0.0,0.0,0.0,0.0,0.0,0.0,0.0,0.0,0.0,0,0.0,0
60021,3999,24,50,0.0,0.0,50,51449,2,0.0,0,2.94,0.0009,4.45,3,16.85,0,874,1,0,1,0,1,1,0.0,2.19,0,0.0,0.0,0.0,0.0,0.0,0.0,0.0,0.0,0.0,0.0,0.0,0.0,0.0,0.0,0.0,0.0,0.0,0.0,0.0,0.0,0.0,0.0,0.0,0.0,0,0.0,0
60022,3999,24,50,0.0,0.0,50,52395,2,3.5,0,4.45,0.0774,3.36,4,18.72,0,874,1,0,1,0,1,1,0.0,0.64,0,0.0,0.0,0.0,0.0,0.0,0.0,0.0,0.0,0.0,0.0,0.0,0.0,0.0,0.0,0.0,0.0,0.0,0.0,0.0,0.0,0.0,0.0,0.0,0.0,1,18.72,1
60023,3999,24,50,0.0,0.0,50,52430,3,3.0,0,2.4,0.0015,5.45,12,102.99,0,874,1,0,1,0,1,1,0.0,7.63,0,0.0,0.0,0.0,0.0,0.0,0.0,0.0,0.0,0.0,0.0,0.0,0.0,0.0,0.0,0.0,0.0,0.0,0.0,0.0,0.0,0.0,0.0,0.0,0.0,0,0.0,0
60024,3999,24,50,0.0,0.0,50,53041,4,2.0,0,4.14,0.0234,4.99,24,163.86,0,874,1,0,1,0,1,1,0.0,3.89,0,0.0,0.0,0.0,0.0,0.0,0.0,0.0,0.0,0.0,0.0,0.0,0.0,-1.0,0.0,11.0,0.0,0.0,0.0,0.0,0.0,0.0,0.0,0.0,0.0,0,0.0,0
60025,3999,24,50,0.0,0.0,50,56404,4,3.5,0,2.2,0.009,5.43,30,198.5,0,874,1,0,1,0,1,1,0.0,8.69,0,0.0,0.0,0.0,0.0,0.0,0.0,0.0,0.0,0.0,0.0,0.0,0.0,-1.0,0.0,4.0,0.0,0.0,0.0,0.0,0.0,0.0,0.0,0.0,0.0,0,0.0,0
60026,3999,24,50,0.0,0.0,50,64206,2,2.0,0,4.06,0.0088,4.45,6,37.45,0,874,1,0,1,0,1,1,0.0,4.01,0,0.0,0.0,0.0,0.0,0.0,0.0,0.0,0.0,0.0,0.0,0.0,0.0,0.0,-1.0,0.0,0.0,0.0,0.0,0.0,0.0,0.0,0.0,0.0,0.0,0,0.0,0
60027,3999,24,50,0.0,0.0,50,77432,4,0.0,0,1.61,0.0012,5.52,25,164.32,0,874,1,0,1,0,1,1,0.0,10.03,0,0.0,0.0,0.0,0.0,0.0,0.0,0.0,0.0,0.0,0.0,0.0,0.0,0.0,0.0,0.0,0.0,0.0,0.0,0.0,0.0,0.0,0.0,0.0,0.0,0,0.0,0
60028,3999,24,50,0.0,0.0,50,80876,3,3.0,0,3.95,0.0218,5.07,15,118.44,1,874,1,0,1,0,1,1,0.0,4.19,0,0.0,0.0,0.0,0.0,0.0,0.0,0.0,0.0,0.0,0.0,0.0,0.0,-1.0,0.0,19.0,0.0,0.0,0.0,0.0,0.0,0.0,0.0,0.0,0.0,0,0.0,0
60029,3999,24,50,0.0,0.0,50,84929,4,3.5,0,4.09,0.083,5.77,28,182.93,1,874,1,0,1,0,1,1,0.0,1.01,0,0.0,0.0,0.0,0.0,0.0,0.0,0.0,0.0,0.0,0.0,0.0,0.0,-1.0,0.0,4.0,0.0,0.0,0.0,0.0,0.0,0.0,0.0,0.0,0.0,0,0.0,0
60030,3999,24,50,0.0,0.0,50,92495,2,0.0,0,4.25,0.0283,3.36,1,16.39,0,874,1,0,1,0,1,1,0.0,3.54,0,0.0,0.0,0.0,0.0,0.0,0.0,0.0,0.0,0.0,0.0,0.0,0.0,0.0,0.0,0.0,0.0,0.0,0.0,0.0,0.0,0.0,0.0,0.0,0.0,0,0.0,0
60031,3999,24,50,0.0,0.0,50,97711,3,1.0,0,2.89,0.0035,4.48,8,79.6,0,874,1,0,1,0,1,1,0.0,4.7,0,0.0,0.0,0.0,0.0,0.0,0.0,0.0,0.0,0.0,0.0,0.0,0.0,1.0,0.0,3.0,0.0,0.0,0.0,0.0,0.0,0.0,0.0,0.0,0.0,0,0.0,0
60032,3999,24,50,0.0,0.0,50,98738,3,0.0,0,4.06,0.0071,5.45,7,44.48,0,874,1,0,1,0,1,1,0.0,3.11,0,0.0,0.0,0.0,0.0,0.0,0.0,0.0,0.0,0.0,0.0,0.0,0.0,0.0,0.0,0.0,0.0,0.0,0.0,0.0,0.0,0.0,0.0,0.0,0.0,0,0.0,0
60033,3999,24,50,0.0,0.0,50,98992,4,3.5,1,3.64,0.0673,5.49,29,190.0,0,874,1,0,1,0,1,1,0.0,1.39,0,0.0,0.0,0.0,0.0,0.0,0.0,0.0,0.0,0.0,0.0,0.0,0.0,-1.0,0.0,8.0,0.0,0.0,0.0,0.0,0.0,0.0,0.0,0.0,0.0,0,0.0,0
60034,3999,24,50,0.0,0.0,50,100894,4,4.5,0,3.91,0.0183,5.5,20,147.47,1,874,1,0,1,0,1,1,0.0,2.93,0,0.0,0.0,0.0,0.0,0.0,0.0,0.0,0.0,0.0,0.0,0.0,0.0,-1.0,0.0,25.0,0.0,0.0,0.0,0.0,0.0,0.0,0.0,0.0,0.0,0,0.0,0
60035,3999,24,50,0.0,0.0,50,103767,4,2.0,0,0.0,0.0004,4.95,13,112.35,0,874,1,0,1,0,1,1,0.0,12.16,0,0.0,0.0,0.0,0.0,0.0,0.0,0.0,0.0,0.0,0.0,0.0,0.0,0.0,1.0,0.0,0.0,0.0,0.0,0.0,0.0,0.0,0.0,0.0,0.0,0,0.0,0
60036,3999,24,50,0.0,0.0,50,111286,4,3.5,0,1.61,0.0094,5.75,19,139.97,1,874,1,0,1,0,1,1,0.0,13.1,0,0.0,0.0,0.0,0.0,0.0,0.0,0.0,0.0,0.0,0.0,0.0,0.0,0.0,1.0,0.0,0.0,0.0,0.0,0.0,0.0,0.0,0.0,0.0,0.0,0,0.0,0
60037,3999,24,50,0.0,0.0,50,116443,4,3.5,1,1.61,0.0095,5.48,31,198.5,0,874,1,0,1,0,1,1,0.0,13.12,0,0.0,0.0,0.0,0.0,0.0,0.0,0.0,0.0,0.0,0.0,0.0,0.0,0.0,0.0,0.0,0.0,0.0,0.0,0.0,0.0,0.0,0.0,0.0,0.0,0,0.0,0
60038,3999,24,50,0.0,0.0,50,121158,3,3.0,0,4.32,0.1412,5.47,26,180.0,0,874,1,0,1,0,1,1,0.0,0.83,0,0.0,0.0,0.0,0.0,0.0,0.0,0.0,0.0,0.0,0.0,0.0,0.0,-1.0,-1.0,4.0,0.0,0.0,0.0,0.0,0.0,0.0,0.0,0.0,0.0,0,0.0,0
60039,3999,24,50,0.0,0.0,50,123347,3,0.0,0,0.0,0.0,5.38,16,123.59,0,874,1,0,1,0,1,1,0.0,6.52,0,0.0,0.0,0.0,0.0,0.0,0.0,0.0,0.0,0.0,0.0,0.0,0.0,1.0,0.0,9.0,0.0,0.0,0.0,0.0,0.0,0.0,0.0,0.0,0.0,0,0.0,0
60040,3999,24,50,0.0,0.0,50,126492,3,2.0,1,0.0,0.0031,5.38,18,129.22,0,874,1,0,1,0,1,1,0.0,8.39,0,0.0,0.0,0.0,0.0,0.0,0.0,0.0,0.0,0.0,0.0,0.0,0.0,1.0,0.0,4.0,0.0,0.0,0.0,0.0,0.0,0.0,0.0,0.0,0.0,0,0.0,0
60041,3999,24,50,0.0,0.0,50,129170,4,4.0,0,4.13,0.1046,5.62,27,182.78,1,874,1,0,1,0,1,1,0.0,0.99,0,0.0,0.0,0.0,0.0,0.0,0.0,0.0,0.0,0.0,0.0,0.0,0.0,0.0,1.0,0.0,0.0,0.0,0.0,0.0,0.0,0.0,0.0,0.0,0.0,0,0.0,0
60042,3999,24,50,0.0,0.0,50,131696,3,5.0,0,4.01,0.0062,4.53,10,93.63,0,874,1,0,1,0,1,1,0.0,3.78,0,0.0,0.0,0.0,0.0,0.0,0.0,0.0,0.0,0.0,0.0,0.0,0.0,-1.0,0.0,10.0,0.0,0.0,0.0,0.0,0.0,0.0,0.0,0.0,0.0,0,0.0,0
64201,4268,5,219,0.0,0.0,219,16630,5,4.5,1,3.09,0.0615,0.0,2,669.0,0,7037,4,7,2,1,1,0,0.0,2366.16,0,0.0,0.0,0.0,0.0,0.0,0.0,0.0,0.0,0.0,0.0,0.0,0.0,0.0,0.0,0.0,0.0,0.0,0.0,0.0,0.0,0.0,0.0,0.0,0.0,0,0.0,0
64202,4268,5,219,0.0,0.0,219,31111,4,4.5,1,3.09,0.0624,0.0,6,444.0,0,7037,4,7,2,1,1,0,0.0,2368.83,0,0.0,0.0,0.0,0.0,0.0,0.0,0.0,0.0,0.0,0.0,0.0,0.0,0.0,0.0,0.0,0.0,0.0,0.0,0.0,0.0,0.0,0.0,0.0,0.0,1,4664.45,1
64203,4268,5,219,0.0,0.0,219,43698,4,4.5,1,2.89,0.1733,0.0,4,389.0,0,7037,4,7,2,1,1,0,0.0,2369.67,0,0.0,0.0,0.0,0.0,0.0,0.0,0.0,0.0,2.0,0.0,0.0,0.0,0.0,0.0,0.0,0.0,0.0,0.0,0.0,0.0,0.0,0.0,0.0,0.0,0,0.0,0
64204,4268,5,219,0.0,0.0,219,46497,4,4.5,0,0.69,0.0344,0.0,9,420.0,0,7037,4,7,2,1,1,0,0.0,2367.61,0,0.0,0.0,0.0,0.0,0.0,0.0,0.0,0.0,0.0,0.0,0.0,0.0,0.0,0.0,0.0,0.0,0.0,0.0,0.0,0.0,0.0,0.0,0.0,0.0,0,0.0,0
64205,4268,5,219,0.0,0.0,219,52192,4,0.0,0,2.48,0.0,0.0,10,1250.0,0,7037,4,7,2,1,1,0,0.0,2364.77,0,0.0,0.0,0.0,0.0,0.0,0.0,0.0,0.0,0.0,0.0,0.0,0.0,0.0,0.0,0.0,0.0,0.0,0.0,0.0,0.0,0.0,0.0,0.0,0.0,0,0.0,0
64206,4268,5,219,0.0,0.0,219,92950,5,5.0,1,3.0,0.0512,0.0,7,1745.0,0,7037,4,7,2,1,1,0,0.0,2366.43,0,0.0,0.0,0.0,0.0,0.0,0.0,1.0,0.0,64.0,0.0,0.0,0.0,0.0,0.0,0.0,0.0,0.0,0.0,0.0,0.0,0.0,0.0,0.0,0.0,0,0.0,0
64207,4268,5,219,0.0,0.0,219,101905,5,4.5,1,2.89,0.0413,0.0,3,812.0,0,7037,4,7,2,1,1,0,0.0,2366.51,0,0.0,0.0,0.0,0.0,0.0,25.0,0.0,0.0,24.0,0.0,0.0,0.0,0.0,0.0,24.0,0.0,0.0,0.0,0.0,0.0,0.0,0.0,0.0,24.0,0,0.0,0
64208,4268,5,219,0.0,0.0,219,103457,4,4.5,1,2.77,0.141,0.0,8,479.0,0,7037,4,7,2,1,1,0,0.0,2369.8,0,0.0,0.0,0.0,-1.0,0.0,41.0,0.0,0.0,0.0,0.0,0.0,0.0,0.0,0.0,0.0,0.0,0.0,0.0,0.0,0.0,0.0,0.0,0.0,0.0,0,0.0,0
64209,4268,5,219,0.0,0.0,219,125075,4,4.5,1,3.09,0.0304,0.0,1,309.0,0,7037,4,7,2,1,1,0,0.0,2365.96,0,0.0,0.0,0.0,0.0,0.0,0.0,0.0,0.0,0.0,0.0,0.0,0.0,0.0,0.0,0.0,0.0,0.0,0.0,0.0,0.0,0.0,0.0,0.0,0.0,0,0.0,0
67354,4494,5,219,0.0,0.0,219,7898,3,4.0,1,2.08,0.0012,0.0,12,119.0,0,9402,1,2,4,2,2,1,0.0,315.78,0,0.0,0.0,0.0,0.0,0.0,0.0,0.0,0.0,0.0,0.0,0.0,0.0,0.0,0.0,0.0,0.0,0.0,0.0,0.0,0.0,0.0,0.0,0.0,0.0,0,0.0,0
