,srch_id,date_time,site_id,visitor_location_country_id,visitor_hist_starrating,visitor_hist_adr_usd,prop_country_id,prop_id,prop_starrating,prop_review_score,prop_brand_bool,prop_location_score1,prop_location_score2,prop_log_historical_price,position,price_usd,promotion_flag,srch_destination_id,srch_length_of_stay,srch_booking_window,srch_adults_count,srch_children_count,srch_room_count,srch_saturday_night_bool,srch_query_affinity_score,orig_destination_distance,random_bool,comp1_rate,comp1_inv,comp1_rate_percent_diff,comp2_rate,comp2_inv,comp2_rate_percent_diff,comp3_rate,comp3_inv,comp3_rate_percent_diff,comp4_rate,comp4_inv,comp4_rate_percent_diff,comp5_rate,comp5_inv,comp5_rate_percent_diff,comp6_rate,comp6_inv,comp6_rate_percent_diff,comp7_rate,comp7_inv,comp7_rate_percent_diff,comp8_rate,comp8_inv,comp8_rate_percent_diff,click_bool,gross_bookings_usd,booking_bool,season
147,17,2012-11-05 19:52:18,18,129,,,31,2196,4,4.5,0,6.83,0.7355,5.58,29,275.11,1,6285,4,194,4,1,2,1,,433.61,1,,,,,,,,,,,,,0.0,0.0,,1.0,0.0,3.0,1.0,0.0,3.0,,,,0,,0,4
148,17,2012-11-05 19:52:18,18,129,,,31,3309,3,3.5,0,6.64,0.3716,4.66,2,150.99,0,6285,4,194,4,1,2,1,,434.25,1,,,,,,,,,,,,,,,,,,,0.0,0.0,,,,,0,,0,4
149,17,2012-11-05 19:52:18,18,129,,,31,11331,4,4.0,0,6.89,0.7774,5.17,6,305.82,0,6285,4,194,4,1,2,1,,433.88,1,,,,,,,,,,,,,0.0,0.0,,,,,,,,,,,0,,0,4
150,17,2012-11-05 19:52:18,18,129,,,31,17795,4,4.0,0,6.87,0.7659,5.5,25,271.27,1,6285,4,194,4,1,2,1,,433.97,1,,,,,,,,,,,,,,,,1.0,0.0,11.0,1.0,0.0,220.0,,,,0,,0,4
151,17,2012-11-05 19:52:18,18,129,,,31,21770,3,4.5,0,6.73,0.6478,5.12,14,168.91,0,6285,4,194,4,1,2,1,,433.46,1,,,,,,,,,,,,,1.0,0.0,10.0,,,,1.0,0.0,24.0,,,,0,,0,4
152,17,2012-11-05 19:52:18,18,129,,,31,23984,4,4.0,0,6.9,0.6856,5.33,10,327.58,0,6285,4,194,4,1,2,1,,433.82,1,,,,,,,,,,,,,-1.0,0.0,30.0,-1.0,0.0,30.0,1.0,0.0,148.0,,,,0,,0,4
153,17,2012-11-05 19:52:18,18,129,,,31,28503,4,4.5,0,6.87,0.6705,5.55,21,203.45,0,6285,4,194,4,1,2,1,,434.08,1,,,,,,,,,,,,,0.0,0.0,,0.0,0.0,,0.0,0.0,,,,,0,,0,4
154,17,2012-11-05 19:52:18,18,129,,,31,35054,4,3.5,0,6.75,0.7072,5.52,22,310.94,0,6285,4,194,4,1,2,1,,433.56,1,,,,,,,,,,,,,0.0,0.0,,0.0,0.0,,0.0,0.0,,,,,0,,0,4
155,17,2012-11-05 19:52:18,18,129,,,31,43549,3,4.0,0,6.89,0.7204,5.34,19,189.38,1,6285,4,194,4,1,2,1,,433.8,1,,,,,,,,,,,,,0.0,0.0,,,,,0.0,0.0,,,,,0,,0,4
156,17,2012-11-05 19:52:18,18,129,,,31,45379,3,4.0,0,6.7,0.6259,5.03,30,278.95,0,6285,4,194,4,1,2,1,,433.56,1,,,,,,,,,,,,,0.0,0.0,,,,,0.0,0.0,,,,,0,,0,4
157,17,2012-11-05 19:52:18,18,129,,,31,56046,4,4.0,0,6.69,0.6168,5.0,9,229.05,0,6285,4,194,4,1,2,1,,433.43,1,,,,,,,,,,,,,0.0,0.0,,0.0,0.0,,,1.0,,,,,0,,0,4
158,17,2012-11-05 19:52:18,18,129,,,31,58295,4,4.5,1,6.89,0.7829999999999999,5.67,4,323.74,0,6285,4,194,4,1,2,1,,433.88,1,,,,,,,,,,,,,-1.0,0.0,15.0,-1.0,0.0,15.0,,1.0,,,,,0,,0,4
159,17,2012-11-05 19:52:18,18,129,,,31,66095,4,3.5,0,6.88,0.7731,5.23,26,235.44,1,6285,4,194,4,1,2,1,,433.96,1,,,,,,,,,,,,,,,,-1.0,0.0,9.0,,1.0,,,,,0,,0,4
160,17,2012-11-05 19:52:18,18,129,,,31,66890,4,4.0,1,6.7,0.5063,5.31,35,255.92,1,6285,4,194,4,1,2,1,,434.23,1,,,,,,,,,,,,,0.0,0.0,,0.0,0.0,,0.0,0.0,,,,,0,,0,4
161,17,2012-11-05 19:52:18,18,129,,,31,73557,3,4.0,0,6.79,0.7462,5.15,7,174.02,0,6285,4,194,4,1,2,1,,433.67,1,,,,,,,,,,,,,0.0,0.0,,,,,-1.0,0.0,5.0,,,,0,,0,4
162,17,2012-11-05 19:52:18,18,129,,,31,73790,3,4.0,0,6.69,0.6081,5.15,34,197.06,0,6285,4,194,4,1,2,1,,433.42,1,,,,,,,,,,,,,0.0,0.0,,1.0,0.0,16.0,,,,,,,0,,0,4
163,17,2012-11-05 19:52:18,18,129,,,31,78834,3,4.5,0,6.91,0.6483,5.58,12,299.42,0,6285,4,194,4,1,2,1,,433.81,1,,,,,,,,,,,,,-1.0,0.0,18.0,-1.0,0.0,18.0,-1.0,0.0,18.0,,,,0,,0,4
164,17,2012-11-05 19:52:18,18,129,,,31,82886,4,4.5,0,6.9,0.7496,5.34,3,202.18,1,6285,4,194,4,1,2,1,,433.88,1,,,,,,,,,,,,,0.0,0.0,,0.0,0.0,,0.0,0.0,,,,,0,,0,4
165,17,2012-11-05 19:52:18,18,129,,,31,83594,3,4.0,0,6.76,0.7088,5.1,33,179.14,0,6285,4,194,4,1,2,1,,433.61,1,,,,,,,,,,,,,1.0,0.0,4.0,,1.0,,1.0,0.0,3.0,,,,0,,0,4
166,17,2012-11-05 19:52:18,18,129,,,31,84999,3,4.5,0,6.8,0.767,5.15,20,243.12,0,6285,4,194,4,1,2,1,,433.66,1,,,,,,,,,,,,,,,,,,,,,,,,,0,,0,4
167,17,2012-11-05 19:52:18,18,129,,,31,85819,3,3.0,0,6.35,0.1618,5.06,15,138.2,0,6285,4,194,4,1,2,1,,434.43,1,,,,,,,,,,,,,0.0,0.0,,,,,,,,,,,0,,0,4
168,17,2012-11-05 19:52:18,18,129,,,31,87596,3,2.5,0,6.91,0.727,5.07,28,182.98,0,6285,4,194,4,1,2,1,,433.87,1,,,,,,,,,,,,,,,,,,,,,,,,,1,,0,4
169,17,2012-11-05 19:52:18,18,129,,,31,90634,4,4.0,0,6.4,0.1864,5.54,1,185.54,1,6285,4,194,4,1,2,1,,434.46,1,,,,,,,,,,,,,0.0,0.0,,0.0,0.0,,0.0,0.0,,,,,0,,0,4
170,17,2012-11-05 19:52:18,18,129,,,31,91671,3,4.0,0,6.74,0.7005,5.14,8,225.21,0,6285,4,194,4,1,2,1,,433.54,1,,,,,,,,,,,,,0.0,0.0,,,,,,,,,,,0,,0,4
171,17,2012-11-05 19:52:18,18,129,,,31,101782,4,4.0,0,6.9,0.7543,5.7,32,231.61,1,6285,4,194,4,1,2,1,,433.87,1,,,,,,,,,,,,,0.0,0.0,,0.0,0.0,,0.0,0.0,,,,,0,,0,4
172,17,2012-11-05 19:52:18,18,129,,,31,104381,4,4.0,0,6.74,0.6728,5.3,24,262.32,0,6285,4,194,4,1,2,1,,433.67,1,,,,,,,,,,,,,0.0,0.0,,0.0,0.0,,,,,,,,0,,0,4
173,17,2012-11-05 19:52:18,18,129,,,31,114872,4,4.5,0,6.82,0.7505,5.73,18,225.21,0,6285,4,194,4,1,2,1,,433.61,1,,,,,,,,,,,,,,,,,,,,,,,,,0,,0,4
174,17,2012-11-05 19:52:18,18,129,,,31,116414,3,3.0,0,6.89,0.7614,5.22,13,165.07,0,6285,4,194,4,1,2,1,,433.92,1,,,,,,,,,,,,,0.0,0.0,,,,,,,,,,,0,,0,4
175,17,2012-11-05 19:52:18,18,129,,,31,119357,3,4.0,0,6.88,0.7592,5.04,27,190.66,0,6285,4,194,4,1,2,1,,433.98,1,,,,,,,,,,,,,0.0,0.0,,1.0,0.0,3.0,1.0,1.0,7.0,,,,0,,0,4
176,17,2012-11-05 19:52:18,18,129,,,31,122245,3,3.5,0,6.72,0.6225,5.12,16,221.37,0,6285,4,194,4,1,2,1,,433.69,1,,,,,,,,,,,,,-1.0,0.0,4.0,,,,,,,,,,0,,0,4
177,17,2012-11-05 19:52:18,18,129,,,31,136312,4,4.0,0,6.91,0.7394,5.49,31,301.98,0,6285,4,194,4,1,2,1,,433.89,1,,,,,,,,,,,,,0.0,0.0,,0.0,0.0,,0.0,0.0,,,,,0,,0,4
391,40,2012-12-26 11:38:48,32,220,,,98,1795,3,4.5,0,4.37,0.1573,4.31,32,58.12,0,6753,2,90,2,0,1,0,,,1,,,,,,,,,,,,,,,,,,,,,,,,,0,,0,1
392,40,2012-12-26 11:38:48,32,220,,,98,2636,4,5.0,0,4.49,0.2697,4.48,30,91.32,0,6753,2,90,2,0,1,0,,,1,,,,,,,,,,,,,,,,,,,,,,,,,0,,0,1
393,40,2012-12-26 11:38:48,32,220,,,98,9109,4,4.0,0,4.41,0.0922,4.39,15,40.47,0,6753,2,90,2,0,1,0,,,1,,,,,,,,,,,,,,,,,,,,,,,,,0,,0,1
394,40,2012-12-26 11:38:48,32,220,,,98,10396,3,3.5,0,4.42,0.3606,4.36,9,64.34,0,6753,2,90,2,0,1,0,,,1,,,,,,,,,,,,,,,,,,,,,,,,,0,,0,1
395,40,2012-12-26 11:38:48,32,220,,,98,21090,4,4.0,0,4.37,0.3224,4.55,25,77.83,1,6753,2,90,2,0,1,0,,,1,,,,,,,,,,,,,,,,,,,,,,,,,0,,0,1
396,40,2012-12-26 11:38:48,32,220,,,98,25048,3,3.0,0,4.36,0.1865,3.9,3,36.32,0,6753,2,90,2,0,1,0,,,1,,,,,,,,,,,,,,,,,,,,,,,,,0,,0,1
397,40,2012-12-26 11:38:48,32,220,,,98,30219,4,4.0,0,4.44,0.3723,4.34,6,52.93,0,6753,2,90,2,0,1,0,,,1,,,,,,,,,,,,,,,,,,,,,,,,,0,,0,1
398,40,2012-12-26 11:38:48,32,220,,,98,40075,3,3.5,0,4.47,0.3945,4.09,4,28.02,0,6753,2,90,2,0,1,0,,,1,,,,,,,,,,,,,,,,,,,,,,,,,0,,0,1
399,40,2012-12-26 11:38:48,32,220,,,98,47442,4,4.5,0,1.95,0.0067,4.91,12,70.57,1,6753,2,90,2,0,1,0,,,1,,,,,,,,,,,,,,,,,,,,,,,,,0,,0,1
400,40,2012-12-26 11:38:48,32,220,,,98,47865,3,2.5,0,4.51,0.3523,4.16,18,41.51,0,6753,2,90,2,0,1,0,,,1,,,,,,,,,,,,,,,,,,,,,,,,,0,,0,1
401,40,2012-12-26 11:38:48,32,220,,,98,57473,4,4.0,0,4.33,0.3334,4.59,28,74.72,0,6753,2,90,2,0,1,0,,,1,,,,,,,,,,,,,,,,,,,,,,,,,0,,0,1
402,40,2012-12-26 11:38:48,32,220,,,98,59364,4,3.5,0,4.39,0.4086,4.25,8,56.04,0,6753,2,90,2,0,1,0,,,1,,,,,,,,,,,,,,,,,,,,,,,,,1,,0,1
403,40,2012-12-26 11:38:48,32,220,,,98,60476,4,4.0,1,4.41,0.3659,4.66,1,89.25,1,6753,2,90,2,0,1,0,,,1,,,,,,,,,,,,,,,,,,,,,,,,,0,,0,1
404,40,2012-12-26 11:38:48,32,220,,,98,61104,3,0.0,0,4.42,0.3362,4.2,24,45.66,0,6753,2,90,2,0,1,0,,,1,,,,,,,,,,,,,,,,,,,,,,,,,0,,0,1
405,40,2012-12-26 11:38:48,32,220,,,98,65998,3,4.0,0,4.37,0.3209,4.1,36,44.62,1,6753,2,90,2,0,1,0,,,1,,,,,,,,,,,,,,,,,,,,,,,,,0,,0,1
406,40,2012-12-26 11:38:48,32,220,,,98,67123,3,0.0,0,3.37,,4.25,13,28.02,0,6753,2,90,2,0,1,0,,,1,,,,,,,,,,,,,,,,,,,,,,,,,0,,0,1
407,40,2012-12-26 11:38:48,32,220,,,98,70867,4,4.0,1,4.26,0.1442,4.43,29,50.85,0,6753,2,90,2,0,1,0,,,1,,,,,,,,,,,,,,,,,,,,,,,,,0,,0,1
408,40,2012-12-26 11:38:48,32,220,,,98,79020,4,4.0,1,4.28,0.2688,4.91,34,62.27,1,6753,2,90,2,0,1,0,,,1,,,,,,,,,,,,,,,,,,,,,,,,,0,,0,1
409,40,2012-12-26 11:38:48,32,220,,,98,82378,3,4.0,0,4.45,0.2291,4.26,27,36.32,1,6753,2,90,2,0,1,0,,,1,,,,,,,,,,,,,,,,,,,,,,,,,0,,0,1
410,40,2012-12-26 11:38:48,32,220,,,98,89643,4,4.5,1,4.28,0.0782,5.05,16,75.76,1,6753,2,90,2,0,1,0,,,1,,,,,,,,,,,,,,,,,,,,,,,,,0,,0,1
411,40,2012-12-26 11:38:48,32,220,,,98,89845,3,3.5,0,4.06,0.0543,4.03,31,26.98,0,6753,2,90,2,0,1,0,,,1,,,,,,,,,,,,,,,,,,,,,,,,,0,,0,1
412,40,2012-12-26 11:38:48,32,220,,,98,91079,4,4.5,0,4.34,0.39899999999999997,4.34,19,60.19,0,6753,2,90,2,0,1,0,,,1,,,,,,,,,,,,,,,,,,,,,,,,,0,,0,1
413,40,2012-12-26 11:38:48,32,220,,,98,92919,4,4.0,1,4.52,0.2955,4.35,26,58.12,1,6753,2,90,2,0,1,0,,,1,,,,,,,,,,,,,,,,,,,,,,,,,0,,0,1
414,40,2012-12-26 11:38:48,32,220,,,98,93761,4,4.0,0,3.76,0.0863,4.6,20,66.42,0,6753,2,90,2,0,1,0,,,1,,,,,,,,,,,,,,,,,,,,,,,,,0,,0,1
415,40,2012-12-26 11:38:48,32,220,,,98,102933,4,0.0,1,2.3,,4.42,7,78.87,0,6753,2,90,2,0,1,0,,,1,,,,,,,,,,,,,,,,,,,,,,,,,0,,0,1
416,40,2012-12-26 11:38:48,32,220,,,98,105152,5,4.5,0,4.29,0.1353,4.84,33,107.93,0,6753,2,90,2,0,1,0,,,1,,,,,,,,,,,,,,,,,,,,,,,,,0,,0,1
417,40,2012-12-26 11:38:48,32,220,,,98,105466,4,3.5,0,4.44,0.3728,4.31,10,37.36,0,6753,2,90,2,0,1,0,,,1,,,,,,,,,,,,,,,,,,,,,,,,,0,,0,1
418,40,2012-12-26 11:38:48,32,220,,,98,105819,3,4.0,0,4.25,0.2625,3.99,21,33.21,0,6753,2,90,2,0,1,0,,,1,,,,,,,,,,,,,,,,,,,,,,,,,0,,0,1
419,40,2012-12-26 11:38:48,32,220,,,98,122082,3,3.0,0,4.42,0.3413,4.12,14,39.44,0,6753,2,90,2,0,1,0,,,1,,,,,,,,,,,,,,,,,,,,,,,,,0,,0,1
420,40,2012-12-26 11:38:48,32,220,,,98,127369,4,3.5,0,4.38,0.317,4.46,22,67.46,1,6753,2,90,2,0,1,0,,,1,,,,,,,,,,,,,,,,,,,,,,,,,0,,0,1
421,40,2012-12-26 11:38:48,32,220,,,98,131168,4,3.5,0,4.2,0.1512,4.61,35,28.02,0,6753,2,90,2,0,1,0,,,1,,,,,,,,,,,,,,,,,,,,,,,,,0,,0,1
422,40,2012-12-26 11:38:48,32,220,,,98,137812,3,0.0,0,3.43,,4.25,2,33.21,1,6753,2,90,2,0,1,0,,,1,,,,,,,,,,,,,,,,,,,,,,,,,0,,0,1
817,66,2013-03-04 20:44:30,5,219,,,219,2459,3,3.5,1,2.77,,4.74,30,81.0,0,5483,1,18,2,0,1,1,-37.7935,,0,,,,0.0,0.0,,0.0,0.0,,,,,,,,,,,,,,0.0,0.0,,0,,0,2
818,66,2013-03-04 20:44:30,5,219,,,219,2746,3,5.0,1,2.71,0.1137,4.71,10,84.0,0,5483,1,18,2,0,1,1,-24.4869,,0,,,,-1.0,0.0,5.0,-1.0,0.0,5.0,,,,1.0,0.0,5.0,,,,,,,-1.0,0.0,5.0,0,,0,2
819,66,2013-03-04 20:44:30,5,219,,,219,4746,2,2.0,0,2.64,,3.99,34,35.0,0,5483,1,18,2,0,1,1,-49.5173,,0,,,,,,,,,,,,,1.0,0.0,42.0,,,,,,,1.0,0.0,42.0,0,,0,2
820,66,2013-03-04 20:44:30,5,219,,,219,12518,3,4.0,1,2.89,0.2235,4.74,4,69.0,0,5483,1,18,2,0,1,1,-20.6911,,0,,,,0.0,0.0,12.0,0.0,0.0,15.0,,,,,1.0,,,,,,,,0.0,0.0,6.0,0,,0,2
821,66,2013-03-04 20:44:30,5,219,,,219,22849,3,3.0,1,2.71,,5.08,25,79.0,0,5483,1,18,2,0,1,1,-37.8893,,0,,,,0.0,0.0,,0.0,0.0,,,,,,,,,,,,,,0.0,0.0,,0,,0,2
822,66,2013-03-04 20:44:30,5,219,,,219,24719,2,2.0,0,2.83,,4.38,33,45.0,1,5483,1,18,2,0,1,1,-54.473,,0,,,,0.0,0.0,,,1.0,,,,,-1.0,0.0,5.0,,,,,,,-1.0,0.0,5.0,0,,0,2
823,66,2013-03-04 20:44:30,5,219,,,219,26022,3,4.5,1,2.48,0.1111,4.56,36,89.0,0,5483,1,18,2,0,1,1,-31.7636,,0,,,,0.0,0.0,,-1.0,0.0,6.0,,,,,,,,,,,,,0.0,0.0,,0,,0,2
824,66,2013-03-04 20:44:30,5,219,,,219,30250,2,2.5,0,2.89,,4.38,9,70.0,0,5483,1,18,2,0,1,1,-25.1099,,0,,,,,,,1.0,0.0,13.0,,,,-1.0,0.0,49.0,,,,,,,-1.0,0.0,49.0,0,,0,2
825,66,2013-03-04 20:44:30,5,219,,,219,34900,3,4.5,1,2.77,,4.58,29,65.0,0,5483,1,18,2,0,1,1,-54.0638,,0,,,,0.0,0.0,,0.0,0.0,,,,,,,,,,,,,,0.0,0.0,,0,,0,2
826,66,2013-03-04 20:44:30,5,219,,,219,35202,3,4.5,1,2.71,,4.8,12,84.0,0,5483,1,18,2,0,1,1,-25.8023,,0,,,,0.0,0.0,,0.0,0.0,,,,,,,,,,,,,,0.0,0.0,,1,96.39,1,2
827,66,2013-03-04 20:44:30,5,219,,,219,37697,2,3.0,1,2.64,,4.42,32,40.0,1,5483,1,18,2,0,1,1,-40.4776,,0,,,,0.0,0.0,,0.0,0.0,,,,,1.0,1.0,20.0,,,,,,,0.0,0.0,,0,,0,2
828,66,2013-03-04 20:44:30,5,219,,,219,39862,3,4.0,1,2.64,,4.75,35,79.0,0,5483,1,18,2,0,1,1,-29.7078,,0,,,,0.0,0.0,,0.0,0.0,,,,,,,,,,,,,,0.0,0.0,,0,,0,2
829,66,2013-03-04 20:44:30,5,219,,,219,40830,3,4.5,1,2.77,,4.74,26,109.0,0,5483,1,18,2,0,1,1,-52.9695,,0,,,,0.0,0.0,8.0,0.0,0.0,9.0,,,,0.0,0.0,8.0,,,,,,,0.0,0.0,8.0,0,,0,2
830,66,2013-03-04 20:44:30,5,219,,,219,46260,2,3.0,1,2.56,,4.47,38,45.0,0,5483,1,18,2,0,1,1,-31.3259,,0,,,,-1.0,0.0,6.0,-1.0,0.0,6.0,,,,0.0,0.0,,,,,,,,-1.0,0.0,6.0,0,,0,2
831,66,2013-03-04 20:44:30,5,219,,,219,46647,3,4.0,1,2.48,,4.51,24,60.0,0,5483,1,18,2,0,1,1,-41.9181,,0,,,,-1.0,0.0,16.0,1.0,0.0,8.0,,,,1.0,0.0,33.0,,,,,,,-1.0,0.0,16.0,0,,0,2
832,66,2013-03-04 20:44:30,5,219,,,219,56595,2,2.0,0,2.71,,4.12,7,45.0,0,5483,1,18,2,0,1,1,-52.1366,,0,,,,0.0,0.0,,0.0,0.0,,,,,,,,,,,,,,0.0,0.0,,0,,0,2
833,66,2013-03-04 20:44:30,5,219,,,219,58953,2,3.0,1,2.77,,4.81,27,69.0,0,5483,1,18,2,0,1,1,-29.0397,,0,,,,-1.0,0.0,6.0,-1.0,0.0,6.0,,,,,,,,,,,,,,,,0,,0,2
834,66,2013-03-04 20:44:30,5,219,,,219,58982,2,1.0,1,1.39,,4.38,19,40.0,0,5483,1,18,2,0,1,1,-51.7313,,0,,,,,,,,,,,,,,,,,,,,,,0.0,0.0,,0,,0,2
835,66,2013-03-04 20:44:30,5,219,,,219,60429,2,3.5,1,2.94,,4.22,37,55.0,0,5483,1,18,2,0,1,1,-33.2359,,0,,,,0.0,0.0,,0.0,0.0,,,,,-1.0,0.0,9.0,,,,,,,-1.0,0.0,9.0,0,,0,2
836,66,2013-03-04 20:44:30,5,219,,,219,61507,3,4.5,1,1.79,,4.88,2,89.0,0,5483,1,18,2,0,1,1,-21.568,,0,,,,,,,0.0,0.0,,,,,0.0,0.0,,,,,,,,0.0,0.0,,0,,0,2
837,66,2013-03-04 20:44:30,5,219,,,219,61656,2,3.0,1,2.71,,4.28,15,46.0,0,5483,1,18,2,0,1,1,-28.5939,,0,,,,0.0,0.0,,0.0,0.0,,,,,1.0,0.0,19.0,,,,,,,0.0,0.0,,0,,0,2
838,66,2013-03-04 20:44:30,5,219,,,219,67107,2,3.0,1,2.71,,4.82,18,59.0,0,5483,1,18,2,0,1,1,-29.9172,,0,,,,1.0,0.0,2.0,0.0,0.0,,,,,0.0,0.0,,,,,,,,0.0,0.0,,0,,0,2
839,66,2013-03-04 20:44:30,5,219,,,219,70572,3,4.0,1,2.83,,4.59,6,75.0,0,5483,1,18,2,0,1,1,-21.5865,,0,,,,0.0,0.0,,0.0,0.0,,,,,,,,,,,,,,0.0,0.0,,0,,0,2
840,66,2013-03-04 20:44:30,5,219,,,219,74211,4,4.0,1,2.64,,5.11,31,149.0,0,5483,1,18,2,0,1,1,-27.7258,,0,,,,1.0,0.0,13.0,1.0,0.0,13.0,,,,0.0,0.0,,,,,,,,0.0,0.0,,0,,0,2
841,66,2013-03-04 20:44:30,5,219,,,219,75863,3,5.0,1,2.48,,5.05,21,107.0,0,5483,1,18,2,0,1,1,-53.4193,,0,,,,,,,0.0,0.0,,,,,0.0,0.0,,,,,,,,0.0,0.0,,0,,0,2
842,66,2013-03-04 20:44:30,5,219,,,219,77376,4,4.5,1,2.48,,5.12,22,109.0,0,5483,1,18,2,0,1,1,-39.6056,,0,,,,0.0,0.0,,0.0,0.0,,,,,0.0,0.0,,,,,,,,0.0,0.0,,0,,0,2
843,66,2013-03-04 20:44:30,5,219,,,219,87074,3,4.5,1,2.89,,4.93,3,89.0,0,5483,1,18,2,0,1,1,-24.0421,,0,,,,0.0,0.0,19.0,0.0,0.0,19.0,,,,,,,,,,,,,0.0,0.0,19.0,0,,0,2
844,66,2013-03-04 20:44:30,5,219,,,219,92809,3,4.0,1,2.71,,4.57,13,70.0,0,5483,1,18,2,0,1,1,-25.6313,,0,,,,0.0,0.0,,0.0,0.0,,,,,0.0,0.0,,,,,,,,0.0,0.0,,0,,0,2
845,66,2013-03-04 20:44:30,5,219,,,219,95966,2,2.5,0,2.56,,4.38,28,45.0,0,5483,1,18,2,0,1,1,-40.7431,,0,,,,,,,,,,,,,0.0,0.0,,,,,,,,0.0,0.0,,0,,0,2
846,66,2013-03-04 20:44:30,5,219,,,219,99362,4,4.5,1,1.79,,5.31,1,100.0,0,5483,1,18,2,0,1,1,-19.9259,,0,,,,0.0,0.0,,0.0,0.0,,,,,1.0,0.0,10.0,,,,,,,0.0,0.0,,0,,0,2
847,66,2013-03-04 20:44:30,5,219,,,219,109192,2,2.5,1,1.79,,4.45,16,50.0,0,5483,1,18,2,0,1,1,-40.9891,,0,,,,0.0,0.0,,0.0,0.0,,,,,,,,,,,,,,0.0,0.0,,0,,0,2
848,66,2013-03-04 20:44:30,5,219,,,219,116079,2,4.5,1,2.83,,4.66,8,80.0,0,5483,1,18,2,0,1,1,-18.6654,,0,,,,0.0,0.0,,0.0,0.0,,,,,0.0,0.0,,,,,,,,0.0,0.0,,0,,0,2
849,66,2013-03-04 20:44:30,5,219,,,219,129399,2,3.0,1,1.79,,4.1,14,42.0,0,5483,1,18,2,0,1,1,-41.846000000000004,,0,,,,0.0,0.0,,0.0,0.0,,,,,,,,,,,,,,0.0,0.0,20.0,0,,0,2
850,66,2013-03-04 20:44:30,5,219,,,219,131102,4,4.0,1,2.4,,4.97,20,99.0,0,5483,1,18,2,0,1,1,-24.5182,,0,,,,0.0,0.0,,0.0,0.0,,,,,0.0,0.0,,,,,,,,0.0,0.0,,0,,0,2
1449,102,2012-12-31 16:20:08,5,219,,,219,11810,3,4.5,1,2.64,0.1533,4.79,3,99.0,0,18017,2,1,2,0,1,0,,326.94,0,,,,,,,,,,,,,,,,,,,,,,,,,0,,0,1
1450,102,2012-12-31 16:20:08,5,219,,,219,17899,2,4.0,1,1.61,0.0147,4.3,14,47.0,1,18017,2,1,2,0,1,0,,326.28,0,,,,,,,,,,,,,,,,,,,,,,,,,0,,0,1
1451,102,2012-12-31 16:20:08,5,219,,,219,20881,2,4.0,1,2.2,,4.32,27,72.0,0,18017,2,1,2,0,1,0,,329.41,0,,,,,,,,,,,,,,,,,,,,,,,,,0,,0,1
1452,102,2012-12-31 16:20:08,5,219,,,219,22273,2,4.0,1,0.0,0.0065,4.57,20,84.0,0,18017,2,1,2,0,1,0,,324.59,0,,,,,,,,,,,,,,,,,,,,,,,,,0,,0,1
1453,102,2012-12-31 16:20:08,5,219,,,219,29378,3,4.0,1,2.56,0.3414,4.67,12,79.0,0,18017,2,1,2,0,1,0,,327.4,0,,,,,,,,,,,,,,,,,,,,,,,,,0,,0,1
1454,102,2012-12-31 16:20:08,5,219,,,219,33453,3,4.0,1,2.64,0.3526,4.49,10,79.0,0,18017,2,1,2,0,1,0,,327.19,0,,,,,,,,,,,,,,,,,,,,,,,,,0,,0,1
1455,102,2012-12-31 16:20:08,5,219,,,219,33926,2,1.5,1,2.2,,4.3,28,60.0,0,18017,2,1,2,0,1,0,,329.42,0,,,,,,,,,,,,,,,,,,,,,,,,,0,,0,1
1456,102,2012-12-31 16:20:08,5,219,,,219,42504,3,4.5,1,2.2,0.0522,5.01,25,79.0,0,18017,2,1,2,0,1,0,,329.51,0,,,,,,,,,,,,,,,,,,,,,,,,,0,,0,1
1457,102,2012-12-31 16:20:08,5,219,,,219,47215,2,3.5,1,1.39,0.0836,4.3,16,51.0,0,18017,2,1,2,0,1,0,,326.16,0,,,,,,,,,,,,,,,,,,,,,,,,,0,,0,1
1458,102,2012-12-31 16:20:08,5,219,,,219,47839,3,4.5,1,1.1,0.0161,4.68,33,80.0,0,18017,2,1,2,0,1,0,,322.42,0,,,,,,,,,,,,,,,,,,,,,,,,,0,,0,1
1459,102,2012-12-31 16:20:08,5,219,,,219,57865,3,4.5,1,2.64,0.3536,4.63,9,109.0,0,18017,2,1,2,0,1,0,,327.19,0,,,,,,,,,,,,,,,,,,,,,,,,,0,,0,1
1460,102,2012-12-31 16:20:08,5,219,,,219,62688,3,5.0,1,1.39,0.0175,4.86,32,85.0,0,18017,2,1,2,0,1,0,,322.66,0,,,,,,,,,,,,,,,,,,,,,,,,,0,,0,1
1461,102,2012-12-31 16:20:08,5,219,,,219,64408,4,4.5,1,2.2,0.0609,5.08,21,119.0,0,18017,2,1,2,0,1,0,,329.87,0,,,,,,,,,,,,,,,,,,,,,,,,,0,,0,1
1462,102,2012-12-31 16:20:08,5,219,,,219,66715,2,4.5,1,2.64,0.1897,4.3,8,77.0,0,18017,2,1,2,0,1,0,,327.39,0,,,,,,,,,,,,,,,,,,,,,,,,,0,,0,1
1463,102,2012-12-31 16:20:08,5,219,,,219,71096,4,4.5,1,2.71,0.1211,5.08,1,129.0,0,18017,2,1,2,0,1,0,,327.22,0,,,,,,,,,,,,,,,,,,,,,,,,,0,,0,1
1464,102,2012-12-31 16:20:08,5,219,,,219,74800,4,5.0,1,1.1,0.0326,5.17,18,279.0,0,18017,2,1,2,0,1,0,,328.93,0,,,,,,,,,,,,,,,,,,,,,,,,,0,,0,1
1465,102,2012-12-31 16:20:08,5,219,,,219,75137,3,4.0,1,1.61,0.0434,4.52,15,75.0,0,18017,2,1,2,0,1,0,,326.31,0,,,,,,,,,,,,,,,,,,,,,,,,,1,168.12,1,1
1466,102,2012-12-31 16:20:08,5,219,,,219,75320,4,4.5,1,2.64,0.1252,5.42,2,189.0,0,18017,2,1,2,0,1,0,,327.18,0,,,,,,,,,,,,,,,,,,,,,,,,,0,,0,1
1467,102,2012-12-31 16:20:08,5,219,,,219,84362,2,3.5,1,1.95,0.0524,4.3,13,60.0,0,18017,2,1,2,0,1,0,,326.57,0,,,,,,,,,,,,,,,,,,,,,,,,,0,,0,1
1468,102,2012-12-31 16:20:08,5,219,,,219,84459,2,3.0,1,2.2,,4.3,29,61.0,0,18017,2,1,2,0,1,0,,329.96,0,,,,,,,,,,,,,,,,,,,,,,,,,0,,0,1
1469,102,2012-12-31 16:20:08,5,219,,,219,86608,3,0.0,1,2.2,,4.63,35,159.0,0,18017,2,1,2,0,1,0,,327.31,0,,,,,,,,,,,,,,,,,,,,,,,,,0,,0,1
1470,102,2012-12-31 16:20:08,5,219,,,219,87705,3,5.0,1,0.69,,4.72,30,100.0,0,18017,2,1,2,0,1,0,,323.54,0,,,,,,,,,,,,,,,,,,,,,,,,,0,,0,1
1471,102,2012-12-31 16:20:08,5,219,,,219,90077,3,4.0,1,2.2,,4.55,26,79.0,0,18017,2,1,2,0,1,0,,329.45,0,,,,,,,,,,,,,,,,,,,,,,,,,0,,0,1
1472,102,2012-12-31 16:20:08,5,219,,,219,108340,3,4.0,1,2.64,0.3418,4.63,7,79.0,0,18017,2,1,2,0,1,0,,327.17,0,,,,,,,,,,,,,,,,,,,,,,,,,0,,0,1
1473,102,2012-12-31 16:20:08,5,219,,,219,117170,2,3.5,1,2.2,0.0818,3.88,22,42.0,0,18017,2,1,2,0,1,0,,329.72,0,,,,,,,,,,,,,,,,,,,,,,,,,0,,0,1
1474,102,2012-12-31 16:20:08,5,219,,,219,121072,3,4.5,1,2.64,0.3916,4.63,6,89.0,0,18017,2,1,2,0,1,0,,327.27,0,,,,,,,,,,,,,,,,,,,,,,,,,0,,0,1
1475,102,2012-12-31 16:20:08,5,219,,,219,121976,3,4.5,1,2.2,0.0828,4.73,19,79.0,0,18017,2,1,2,0,1,0,,329.71,0,,,,,,,,,,,,,,,,,,,,,,,,,0,,0,1
1476,102,2012-12-31 16:20:08,5,219,,,219,124347,2,3.5,1,2.64,0.3913,4.11,4,57.0,0,18017,2,1,2,0,1,0,,327.28,0,,,,,,,,,,,,,,,,,,,,,,,,,0,,0,1
1477,102,2012-12-31 16:20:08,5,219,,,219,129075,3,4.5,1,1.1,0.0048,4.51,34,119.0,0,18017,2,1,2,0,1,0,,322.23,0,,,,,,,,,,,,,,,,,,,,,,,,,0,,0,1
1478,102,2012-12-31 16:20:08,5,219,,,219,130837,4,4.0,1,1.95,,5.17,31,130.0,0,18017,2,1,2,0,1,0,,326.6,0,,,,,,,,,,,,,,,,,,,,,,,,,0,,0,1
1479,102,2012-12-31 16:20:08,5,219,,,219,139280,3,4.5,1,2.2,0.0726,4.63,24,89.0,0,18017,2,1,2,0,1,0,,329.62,0,,,,,,,,,,,,,,,,,,,,,,,,,0,,0,1
1493,104,2013-05-10 00:01:48,14,100,,,100,10243,3,5.0,1,1.39,0.1419,5.2,2,142.57,0,3004,3,76,2,1,1,1,,1008.45,1,,,,,,,,,,,,,,,,,,,,,,,,,1,499.22,1,2
1494,104,2013-05-10 00:01:48,14,100,,,100,37910,3,3.0,1,1.39,0.3552,4.86,6,110.89,0,3004,3,76,2,1,1,1,,1007.77,1,,,,,,,,,,,,,,,,,,,,,,,,,0,,0,2
1495,104,2013-05-10 00:01:48,14,100,,,100,48041,4,4.5,0,1.1,0.2714,5.36,1,126.73,1,3004,3,76,2,1,1,1,,1008.29,1,,,,,,,,,,,,,,,,,,,,,,,,,0,,0,2
1496,104,2013-05-10 00:01:48,14,100,,,100,77585,3,4.0,1,1.1,0.2624,5.06,4,131.68,0,3004,3,76,2,1,1,1,,1008.27,1,,,,,,,,,,,,,,,,,,,,,,,,,0,,0,2
1497,104,2013-05-10 00:01:48,14,100,,,100,95762,2,4.0,1,1.79,0.2021,4.85,7,141.58,0,3004,3,76,2,1,1,1,,1008.04,1,,,,,,,,,,,,,,,,,,,,,,,,,0,,0,2
1498,104,2013-05-10 00:01:48,14,100,,,100,127444,2,3.5,1,1.39,0.3788,4.8,3,102.97,0,3004,3,76,2,1,1,1,,1007.89,1,,,,,,,,,,,,,,,,,,,,,,,,,0,,0,2
2018,133,2013-03-14 11:27:28,5,219,,,219,14082,4,4.0,1,4.29,0.239,5.36,34,198.0,0,8192,3,99,1,0,1,1,,397.75,1,,,,0.0,0.0,,,,,,,,0.0,0.0,,,,,,,,0.0,0.0,4.0,0,,0,2
2019,133,2013-03-14 11:27:28,5,219,,,219,21018,4,4.0,1,3.43,0.1043,5.48,30,271.0,1,8192,3,99,1,0,1,1,,398.15,1,,,,0.0,0.0,,0.0,0.0,,,,,0.0,0.0,,,,,,,,0.0,0.0,,0,,0,2
2020,133,2013-03-14 11:27:28,5,219,,,219,24545,4,4.0,0,4.04,0.278,5.21,25,134.0,1,8192,3,99,1,0,1,1,,398.05,1,,,,,,,1.0,0.0,24.0,,,,1.0,0.0,24.0,,,,,,,1.0,0.0,24.0,0,,0,2
2021,133,2013-03-14 11:27:28,5,219,,,219,29633,3,4.5,1,4.22,0.2547,5.43,6,188.0,0,8192,3,99,1,0,1,1,,397.67,1,,,,,,,,,,,,,,,,,,,,,,,,,0,,0,2
2022,133,2013-03-14 11:27:28,5,219,,,219,35223,4,4.0,1,4.3,0.2373,5.35,35,308.0,0,8192,3,99,1,0,1,1,,397.77,1,,,,0.0,0.0,,0.0,0.0,,,,,1.0,0.0,14.0,,,,,,,0.0,0.0,,0,,0,2
2023,133,2013-03-14 11:27:28,5,219,,,219,37818,4,3.5,1,3.95,0.2317,5.16,1,196.0,1,8192,3,99,1,0,1,1,,398.05,1,,,,-1.0,0.0,4.0,0.0,0.0,,,,,-1.0,0.0,4.0,,,,,,,0.0,0.0,,0,,0,2
2024,133,2013-03-14 11:27:28,5,219,,,219,38419,5,4.0,1,4.19,0.2573,5.61,27,351.0,0,8192,3,99,1,0,1,1,,397.62,1,,,,0.0,0.0,,0.0,0.0,,,,,0.0,0.0,,,,,,,,0.0,0.0,,0,,0,2
2025,133,2013-03-14 11:27:28,5,219,,,219,38904,3,4.0,0,3.85,0.0694,4.79,32,146.0,0,8192,3,99,1,0,1,1,,397.83,1,,,,-1.0,0.0,2.0,,1.0,,,,,,,,,,,,,,-1.0,0.0,24.0,0,,0,2
2026,133,2013-03-14 11:27:28,5,219,,,219,40279,5,4.5,1,4.29,0.2385,5.96,36,332.0,1,8192,3,99,1,0,1,1,,397.74,1,,,,0.0,0.0,,0.0,0.0,,,,,0.0,0.0,,,,,,,,0.0,0.0,,0,,0,2
2027,133,2013-03-14 11:27:28,5,219,,,219,46274,5,4.5,1,4.08,0.1012,5.88,8,377.0,1,8192,3,99,1,0,1,1,,397.68,1,,,,0.0,0.0,,,,,,,,0.0,0.0,,,,,,,,0.0,0.0,,0,,0,2
2028,133,2013-03-14 11:27:28,5,219,,,219,49656,3,3.5,0,3.76,0.0937,4.89,22,139.0,1,8192,3,99,1,0,1,1,,397.8,1,,,,0.0,0.0,,,,,,,,0.0,0.0,,,,,,,,0.0,0.0,,0,,0,2
2029,133,2013-03-14 11:27:28,5,219,,,219,57952,2,3.0,1,3.76,0.0931,4.51,24,74.0,0,8192,3,99,1,0,1,1,,397.8,1,,,,0.0,0.0,,0.0,0.0,,,,,0.0,0.0,,,,,,,,0.0,0.0,,0,,0,2
2030,133,2013-03-14 11:27:28,5,219,,,219,59657,5,4.5,0,4.33,0.2398,5.86,21,463.0,0,8192,3,99,1,0,1,1,,397.78,1,,,,,1.0,,,1.0,,,,,0.0,0.0,,,,,,,,0.0,0.0,,1,,0,2
2031,133,2013-03-14 11:27:28,5,219,,,219,60468,5,4.5,1,4.16,0.2332,5.9,16,272.0,0,8192,3,99,1,0,1,1,,397.6,1,,,,0.0,0.0,,,,,,,,0.0,0.0,,,,,,,,0.0,0.0,,0,,0,2
2032,133,2013-03-14 11:27:28,5,219,,,219,60846,4,4.5,1,4.13,0.2318,5.56,3,226.0,1,8192,3,99,1,0,1,1,,397.59,1,,,,-1.0,0.0,9.0,0.0,0.0,,,,,-1.0,0.0,9.0,,,,,,,0.0,0.0,5.0,0,,0,2
2033,133,2013-03-14 11:27:28,5,219,,,219,68420,3,3.5,0,3.04,0.0512,4.95,12,149.0,1,8192,3,99,1,0,1,1,,397.94,1,,,,0.0,0.0,,0.0,0.0,,,,,1.0,0.0,25.0,,,,,,,0.0,0.0,,0,,0,2
2034,133,2013-03-14 11:27:28,5,219,,,219,70177,4,3.5,1,4.22,0.2547,5.13,15,212.0,0,8192,3,99,1,0,1,1,,397.67,1,,,,-1.0,0.0,2.0,0.0,0.0,,,,,-1.0,0.0,2.0,,,,,,,0.0,0.0,5.0,0,,0,2
2035,133,2013-03-14 11:27:28,5,219,,,219,77089,3,3.5,1,3.99,0.2896,4.93,26,161.0,1,8192,3,99,1,0,1,1,,398.0,1,,,,0.0,0.0,,0.0,0.0,,,,,0.0,0.0,,,,,,,,0.0,0.0,,0,,0,2
2036,133,2013-03-14 11:27:28,5,219,,,219,77795,5,4.5,1,4.11,0.1743,5.82,18,382.0,0,8192,3,99,1,0,1,1,,397.64,1,,,,0.0,0.0,,,,,,,,0.0,0.0,,,,,,,,0.0,0.0,,0,,0,2
2037,133,2013-03-14 11:27:28,5,219,,,219,77914,3,4.0,0,4.33,0.2397,5.06,33,240.0,1,8192,3,99,1,0,1,1,,397.78,1,,,,0.0,0.0,,,,,,,,-1.0,0.0,5.0,,,,,,,-1.0,0.0,5.0,0,,0,2
2038,133,2013-03-14 11:27:28,5,219,,,219,90809,3,4.0,0,3.85,0.0692,4.69,14,109.0,1,8192,3,99,1,0,1,1,,397.84,1,,,,,,,,,,,,,,-1.0,,,,,,,,,,,0,,0,2
2039,133,2013-03-14 11:27:28,5,219,,,219,90845,4,4.0,1,4.16,0.2573,4.94,20,212.0,0,8192,3,99,1,0,1,1,,397.61,1,,,,0.0,0.0,,,,,,,,0.0,0.0,8.0,,,,,,,0.0,0.0,,0,,0,2
2040,133,2013-03-14 11:27:28,5,219,,,219,94455,5,4.5,1,4.08,0.1,5.88,9,379.0,1,8192,3,99,1,0,1,1,,397.68,1,,,,0.0,0.0,,0.0,0.0,,,,,0.0,0.0,,,,,,,,0.0,0.0,,0,,0,2
2041,133,2013-03-14 11:27:28,5,219,,,219,104517,4,4.0,1,4.16,0.2534,5.29,29,206.0,1,8192,3,99,1,0,1,1,,397.74,1,,,,-1.0,0.0,2.0,-1.0,0.0,2.0,,,,-1.0,0.0,2.0,,,,,,,0.0,0.0,,0,,0,2
2042,133,2013-03-14 11:27:28,5,219,,,219,114932,3,4.0,1,4.32,0.256,5.21,31,215.0,1,8192,3,99,1,0,1,1,,397.85,1,,,,,,,,,,,,,,,,,,,,,,,,,0,,0,2
2043,133,2013-03-14 11:27:28,5,219,,,219,117294,5,5.0,1,3.37,0.0615,5.97,2,276.0,0,8192,3,99,1,0,1,1,,398.2,1,,,,,,,0.0,0.0,,,,,-1.0,0.0,6.0,,,,,,,0.0,0.0,6.0,0,,0,2
2044,133,2013-03-14 11:27:28,5,219,,,219,122112,5,5.0,1,4.29,0.2668,5.96,7,298.0,0,8192,3,99,1,0,1,1,,397.85,1,,,,0.0,0.0,,0.0,0.0,,,,,0.0,0.0,,,,,,,,0.0,0.0,,0,,0,2
2045,133,2013-03-14 11:27:28,5,219,,,219,124342,4,4.0,1,4.19,0.2997,5.32,28,216.0,1,8192,3,99,1,0,1,1,,397.91,1,,,,0.0,0.0,,0.0,0.0,,,,,0.0,0.0,,,,,,,,0.0,0.0,,0,,0,2
2046,133,2013-03-14 11:27:28,5,219,,,219,125083,4,4.5,1,3.61,0.0696,5.07,4,192.0,1,8192,3,99,1,0,1,1,,397.84,1,,,,,,,,,,,,,,,,,,,,,,,,,0,,0,2
2047,133,2013-03-14 11:27:28,5,219,,,219,131892,4,4.0,1,4.25,0.2474,4.98,13,194.0,0,8192,3,99,1,0,1,1,,397.71,1,,,,0.0,0.0,,1.0,0.0,2.0,,,,0.0,0.0,,,,,,,,0.0,0.0,2.0,0,,0,2
2048,133,2013-03-14 11:27:28,5,219,,,219,134154,3,3.5,1,3.76,0.0937,4.64,19,129.0,1,8192,3,99,1,0,1,1,,397.79,1,,,,0.0,0.0,,-1.0,0.0,4.0,,,,0.0,0.0,,,,,,,,0.0,0.0,,0,,0,2
2049,133,2013-03-14 11:27:28,5,219,,,219,137997,4,4.0,1,4.09,0.3046,5.54,10,273.0,1,8192,3,99,1,0,1,1,,397.97,1,,,,0.0,0.0,,0.0,0.0,,,,,-1.0,0.0,6.0,,,,,,,0.0,0.0,4.0,0,,0,2
2136,139,2013-06-13 03:47:02,24,219,,,219,7919,4,3.5,1,5.8,0.6668,0.0,9,180.35,0,24700,1,18,2,0,1,0,,24.86,1,-1.0,0.0,5.0,0.0,0.0,,0.0,0.0,,1.0,0.0,15.0,-1.0,0.0,5.0,,,,,,,-1.0,0.0,5.0,0,,0,3
2137,139,2013-06-13 03:47:02,24,219,,,219,8586,3,3.5,0,5.78,0.6519,0.0,1,161.11,0,24700,1,18,2,0,1,0,,24.83,1,0.0,0.0,19.0,0.0,0.0,,0.0,0.0,,,,,0.0,0.0,,,,,,,,0.0,0.0,,0,,0,3
2138,139,2013-06-13 03:47:02,24,219,,,219,20592,3,3.5,0,5.77,0.638,0.0,2,162.21,1,24700,1,18,2,0,1,0,,24.79,1,,,,0.0,0.0,,0.0,0.0,,,,,,,,,,,,,,,,,0,,0,3
2139,139,2013-06-13 03:47:02,24,219,,,219,23268,4,3.5,0,5.79,0.619,0.0,13,200.27,1,24700,1,18,2,0,1,0,,24.99,1,0.0,0.0,16.0,,,,,,,,1.0,,0.0,0.0,,,,,,,,0.0,0.0,,0,,0,3
2140,139,2013-06-13 03:47:02,24,219,,,219,40517,4,4.0,0,5.66,0.527,0.0,6,171.18,0,24700,1,18,2,0,1,0,,24.87,1,0.0,0.0,14.0,0.0,0.0,,0.0,0.0,,0.0,0.0,,0.0,0.0,11.0,,,,,,,0.0,0.0,,0,,0,3
2141,139,2013-06-13 03:47:02,24,219,,,219,41278,4,4.0,0,5.81,0.6633,0.0,8,180.23,0,24700,1,18,2,0,1,0,,24.92,1,0.0,0.0,16.0,0.0,0.0,,,,,,,,0.0,0.0,,,,,,,,0.0,0.0,,0,,0,3
2142,139,2013-06-13 03:47:02,24,219,,,219,70606,4,4.0,1,5.97,0.4391,0.0,7,180.23,0,24700,1,18,2,0,1,0,,24.65,1,0.0,0.0,16.0,0.0,0.0,,0.0,0.0,,,,,0.0,0.0,,,,,,,,0.0,0.0,,0,,0,3
2143,139,2013-06-13 03:47:02,24,219,,,219,70839,4,4.5,1,5.84,0.3853,0.0,14,200.38,0,24700,1,18,2,0,1,0,,24.46,1,0.0,0.0,16.0,0.0,0.0,,0.0,0.0,,,,,0.0,0.0,,,,,,,,0.0,0.0,,0,,0,3
2144,139,2013-06-13 03:47:02,24,219,,,219,71181,3,3.5,0,5.95,0.5757,0.0,10,184.47,1,24700,1,18,2,0,1,0,,24.75,1,1.0,0.0,12.0,,,,1.0,0.0,6.0,,,,1.0,0.0,12.0,,,,,,,1.0,0.0,12.0,0,,0,3
2145,139,2013-06-13 03:47:02,24,219,,,219,86639,4,4.5,0,5.96,0.5773,0.0,15,204.55,1,24700,1,18,2,0,1,0,,24.8,1,0.0,0.0,16.0,0.0,0.0,,-1.0,0.0,8.0,0.0,0.0,,0.0,0.0,,,,,,,,0.0,0.0,,0,,0,3
2146,139,2013-06-13 03:47:02,24,219,,,219,101627,2,4.0,1,5.77,0.6241,0.0,4,170.17,0,24700,1,18,2,0,1,0,,24.95,1,-1.0,0.0,21.0,0.0,0.0,,0.0,0.0,15.0,-1.0,0.0,10.0,-1.0,0.0,21.0,,,,,,,-1.0,0.0,21.0,0,,0,3
2147,139,2013-06-13 03:47:02,24,219,,,219,125311,5,4.5,1,5.97,0.4618,0.0,16,208.64,1,24700,1,18,2,0,1,0,,24.7,1,1.0,0.0,25.0,1.0,0.0,56.0,,,,0.0,0.0,,1.0,0.0,25.0,,,,,,,0.0,0.0,,0,,0,3
2148,139,2013-06-13 03:47:02,24,219,,,219,126264,4,3.5,0,5.71,0.4991,0.0,3,162.21,1,24700,1,18,2,0,1,0,,24.65,1,0.0,0.0,16.0,0.0,0.0,,0.0,0.0,,0.0,0.0,,0.0,0.0,,,,,,,,0.0,0.0,,0,,0,3
2149,139,2013-06-13 03:47:02,24,219,,,219,135499,3,4.5,1,5.7,0.5670000000000001,0.0,12,195.99,0,24700,1,18,2,0,1,0,,24.8,1,1.0,0.0,2.0,,,,1.0,0.0,2.0,0.0,1.0,2.0,1.0,0.0,2.0,,,,,,,1.0,0.0,2.0,1,,0,3
2640,175,2013-05-29 12:29:11,14,100,,,100,5847,4,4.5,0,4.49,0.0663,5.23,32,201.91,0,6792,1,3,2,1,1,1,,44.36,0,,,,0.0,0.0,4.0,,,,,,,0.0,0.0,14.0,,,,,,,0.0,0.0,14.0,0,,0,2
2641,175,2013-05-29 12:29:11,14,100,,,100,8456,4,4.0,1,4.51,0.1301,5.45,35,217.37,0,6792,1,3,2,1,1,1,,44.03,0,,,,0.0,0.0,,,,,,,,0.0,0.0,,,,,,,,0.0,0.0,,0,,0,2
2642,175,2013-05-29 12:29:11,14,100,,,100,11284,5,5.0,0,4.51,0.1496,5.68,12,253.12,1,6792,1,3,2,1,1,1,,44.25,0,,,,0.0,0.0,,,,,,,,0.0,0.0,,,,,,,,0.0,0.0,,0,,0,2
2643,175,2013-05-29 12:29:11,14,100,,,100,12912,4,4.5,1,4.47,0.1555,5.45,14,230.9,0,6792,1,3,2,1,1,1,,44.48,0,,,,0.0,0.0,,,,,,,,1.0,0.0,7.0,,,,,,,1.0,0.0,7.0,0,,0,2
2644,175,2013-05-29 12:29:11,14,100,,,100,13120,3,4.0,1,4.42,0.0874,5.07,36,201.91,0,6792,1,3,2,1,1,1,,43.75,0,,,,0.0,0.0,41.0,,,,,,,0.0,0.0,,,,,,,,0.0,0.0,,0,,0,2
2645,175,2013-05-29 12:29:11,14,100,,,100,21062,4,4.5,1,0.0,0.0031,5.75,13,237.66,1,6792,1,3,2,1,1,1,,38.01,0,,,,0.0,0.0,,,,,,,,0.0,0.0,,,,,,,,0.0,0.0,,0,,0,2
2646,175,2013-05-29 12:29:11,14,100,,,100,25566,3,4.0,0,4.45,0.0745,5.28,7,153.61,0,6792,1,3,2,1,1,1,,44.23,0,,,,,1.0,,,,,,,,1.0,0.0,153.0,,,,,,,1.0,0.0,153.0,0,,0,2
2647,175,2013-05-29 12:29:11,14,100,,,100,25684,5,4.5,1,4.39,0.0727,5.76,27,346.83,0,6792,1,3,2,1,1,1,,44.79,0,,,,0.0,0.0,,,,,,,,1.0,0.0,11.0,,,,,,,1.0,0.0,11.0,0,,0,2
2648,175,2013-05-29 12:29:11,14,100,,,100,29006,3,4.0,1,2.4,0.0056,4.69,26,95.64,0,6792,1,3,2,1,1,1,,39.86,0,,,,0.0,0.0,,,,,,,,0.0,0.0,11.0,,,,,,,0.0,0.0,8.0,0,,0,2
2649,175,2013-05-29 12:29:11,14,100,,,100,29953,4,4.0,1,4.19,0.0275,5.29,10,209.64,1,6792,1,3,2,1,1,1,,44.16,0,,,,0.0,0.0,7.0,,,,,,,0.0,0.0,10.0,,,,,,,0.0,0.0,10.0,0,,0,2
2650,175,2013-05-29 12:29:11,14,100,,,100,40380,3,4.5,1,4.43,0.0959,5.13,18,210.61,1,6792,1,3,2,1,1,1,,43.79,0,,,,1.0,0.0,15.0,,,,,,,0.0,0.0,5.0,,,,,,,0.0,0.0,4.0,0,,0,2
2651,175,2013-05-29 12:29:11,14,100,,,100,42013,3,4.0,1,3.0,0.0096,4.94,22,114.96,1,6792,1,3,2,1,1,1,,39.51,0,,,,0.0,0.0,,,,,,,,0.0,0.0,,,,,,,,0.0,0.0,,0,,0,2
2652,175,2013-05-29 12:29:11,14,100,,,100,48230,4,4.5,0,4.45,0.1014,5.54,25,278.23,1,6792,1,3,2,1,1,1,,44.68,0,,,,,0.0,,,,,,,,1.0,0.0,3.0,,,,,,,,0.0,,0,,0,2
2653,175,2013-05-29 12:29:11,14,100,,,100,55871,3,4.5,0,4.51,0.0972,5.47,31,188.39,1,6792,1,3,2,1,1,1,,44.41,0,,,,,,,,,,,,,0.0,0.0,,,,,,,,0.0,0.0,,0,,0,2
2654,175,2013-05-29 12:29:11,14,100,,,100,56662,2,3.5,1,1.79,0.0121,4.9,6,118.83,0,6792,1,3,2,1,1,1,,46.73,0,,,,-1.0,0.0,7.0,,,,,,,-1.0,0.0,8.0,,,,,,,-1.0,0.0,7.0,0,,0,2
2655,175,2013-05-29 12:29:11,14,100,,,100,67887,5,4.5,1,4.33,0.0626,5.83,1,254.08,1,6792,1,3,2,1,1,1,,44.83,0,,,,0.0,0.0,,,,,,,,0.0,0.0,8.0,,,,,,,0.0,0.0,9.0,0,,0,2
2656,175,2013-05-29 12:29:11,14,100,,,100,69688,4,4.5,0,4.45,0.1225,5.45,37,259.88,0,6792,1,3,2,1,1,1,,44.5,0,,,,0.0,0.0,33.0,,,,,,,1.0,0.0,21.0,,,,,,,1.0,0.0,21.0,0,,0,2
2657,175,2013-05-29 12:29:11,14,100,,,100,70196,5,4.5,1,4.47,0.1585,6.06,34,449.23,0,6792,1,3,2,1,1,1,,44.44,0,,,,,,,,,,,,,-1.0,0.0,8.0,,,,,,,-1.0,0.0,9.0,0,,0,2
2658,175,2013-05-29 12:29:11,14,100,,,100,71662,4,4.5,0,4.42,0.0583,5.35,9,221.23,0,6792,1,3,2,1,1,1,,44.29,0,,,,0.0,0.0,3.0,,,,,,,-1.0,0.0,10.0,,,,,,,0.0,0.0,10.0,0,,0,2
2659,175,2013-05-29 12:29:11,14,100,,,100,74827,2,3.5,0,1.79,0.0121,4.68,28,81.15,1,6792,1,3,2,1,1,1,,46.67,0,,,,,,,,,,,,,1.0,0.0,33.0,,,,,,,1.0,0.0,33.0,0,,0,2
2660,175,2013-05-29 12:29:11,14,100,,,100,76087,3,3.5,0,4.43,0.0641,4.97,21,169.07,0,6792,1,3,2,1,1,1,,44.38,0,,,,0.0,0.0,10.0,,,,,,,0.0,0.0,11.0,,,,,,,0.0,0.0,10.0,0,,0,2
2661,175,2013-05-29 12:29:11,14,100,,,100,77192,4,3.5,1,2.08,0.0132,4.97,19,103.37,1,6792,1,3,2,1,1,1,,37.68,0,,,,0.0,0.0,,,,,,,,0.0,0.0,15.0,,,,,,,1.0,0.0,24.0,0,,0,2
2662,175,2013-05-29 12:29:11,14,100,,,100,78541,4,4.5,1,2.56,0.0038,5.07,20,124.63,0,6792,1,3,2,1,1,1,,38.82,0,,,,0.0,0.0,,,,,,,,0.0,0.0,,,,,,,,0.0,0.0,,1,143.31,1,2
2663,175,2013-05-29 12:29:11,14,100,,,100,90227,3,4.0,1,1.95,0.0021,5.01,30,100.47,1,6792,1,3,2,1,1,1,,46.73,0,,,,0.0,0.0,,,,,,,,0.0,0.0,,,,,,,,0.0,0.0,,0,,0,2
2664,175,2013-05-29 12:29:11,14,100,,,100,94837,3,3.5,1,2.77,0.0175,4.74,16,85.98,1,6792,1,3,2,1,1,1,,39.67,0,,,,0.0,0.0,33.0,,,,,,,0.0,0.0,33.0,,,,,,,0.0,0.0,33.0,0,,0,2
2665,175,2013-05-29 12:29:11,14,100,,,100,95519,3,4.0,0,2.3,0.0146,4.91,15,85.98,1,6792,1,3,2,1,1,1,,39.59,0,,,,0.0,0.0,,,,,,,,0.0,0.0,,,,,,,,0.0,0.0,,0,,0,2
2666,175,2013-05-29 12:29:11,14,100,,,100,96099,4,4.5,0,4.48,0.1459,5.44,3,182.59,1,6792,1,3,2,1,1,1,,44.55,0,,,,0.0,0.0,,,,,,,,0.0,0.0,,,,,,,,0.0,0.0,,0,,0,2
2667,175,2013-05-29 12:29:11,14,100,,,100,100586,4,4.5,1,4.5,0.1544,5.65,24,230.9,0,6792,1,3,2,1,1,1,,44.47,0,,,,0.0,0.0,,,,,,,,0.0,0.0,,,,,,,,0.0,0.0,,0,,0,2
2668,175,2013-05-29 12:29:11,14,100,,,100,113586,5,4.5,1,4.52,0.1426,5.66,8,239.59,1,6792,1,3,2,1,1,1,,44.24,0,,,,0.0,0.0,,,,,,,,-1.0,0.0,15.0,,,,,,,-1.0,0.0,10.0,0,,0,2
2669,175,2013-05-29 12:29:11,14,100,,,100,115048,5,4.5,1,4.51,0.1471,5.54,2,192.25,0,6792,1,3,2,1,1,1,,44.28,0,,,,1.0,0.0,13.0,,,,,,,-1.0,0.0,9.0,,,,,,,-1.0,0.0,17.0,0,,0,2
2670,175,2013-05-29 12:29:11,14,100,,,100,121732,4,4.5,1,1.61,0.0036,5.27,29,134.29,0,6792,1,3,2,1,1,1,,46.3,0,,,,1.0,0.0,4.0,,,,,,,0.0,0.0,,,,,,,,0.0,0.0,,0,,0,2
2671,175,2013-05-29 12:29:11,14,100,,,100,131410,4,4.0,1,2.64,0.0136,5.0,33,114.96,0,6792,1,3,2,1,1,1,,39.64,0,,,,0.0,0.0,,,,,,,,0.0,0.0,,,,,,,,0.0,0.0,,0,,0,2
2672,175,2013-05-29 12:29:11,14,100,,,100,139172,2,3.5,0,1.79,0.0109,4.71,4,90.81,1,6792,1,3,2,1,1,1,,46.8,0,,,,,,,,,,,,,1.0,0.0,34.0,,,,,,,1.0,0.0,34.0,0,,0,2
2673,176,2013-04-28 12:25:18,25,215,,,59,9768,5,0.0,0,0.69,,5.8,10,187.62,1,6659,5,116,1,0,1,0,,,1,,,,,,,,,,,,,,,,,,,,,,,,,0,,0,2
2674,176,2013-04-28 12:25:18,25,215,,,59,32015,4,4.5,0,1.1,0.0075,6.21,33,204.56,1,6659,5,116,1,0,1,0,,,1,,,,,,,,,,,,,,,,,,,,,,,,,0,,0,2
2675,176,2013-04-28 12:25:18,25,215,,,59,43575,4,4.0,0,3.0,0.1075,6.04,8,284.04,1,6659,5,116,1,0,1,0,,,1,,,,,,,,,,,,,,,,,,,,,,,,,0,,0,2
2676,176,2013-04-28 12:25:18,25,215,,,59,43849,4,4.5,1,3.89,0.0757,6.11,24,239.74,1,6659,5,116,1,0,1,0,,,1,,,,,,,,,,,,,,,,,,,,,,,,,0,,0,2
2677,176,2013-04-28 12:25:18,25,215,,,59,46161,5,5.0,1,2.4,0.0404,6.21,1,592.83,1,6659,5,116,1,0,1,0,,,1,,,,,,,,,,,,,,,,,,,,,,,,,0,,0,2
2678,176,2013-04-28 12:25:18,25,215,,,59,46527,4,5.0,1,2.4,0.0719,6.0,6,134.2,1,6659,5,116,1,0,1,0,,,1,,,,,,,,,,,,,,,,,,,,,,,,,0,,0,2
2679,176,2013-04-28 12:25:18,25,215,,,59,48658,5,4.5,1,3.04,0.0809,6.21,15,419.54,0,6659,5,116,1,0,1,0,,,1,,,,,,,,,,,,,,,,,,,,,,,,,0,,0,2
2680,176,2013-04-28 12:25:18,25,215,,,59,52394,4,4.5,1,2.2,0.0105,6.14,21,192.83,1,6659,5,116,1,0,1,0,,,1,,,,,,,,,,,,,,,,,,,,,,,,,0,,0,2
2681,176,2013-04-28 12:25:18,25,215,,,59,53866,4,4.5,1,2.77,0.2562,6.14,28,251.47,1,6659,5,116,1,0,1,0,,,1,,,,,,,,,,,,,,,,,,,,,,,,,0,,0,2
2682,176,2013-04-28 12:25:18,25,215,,,59,56825,4,4.5,0,3.69,0.0481,6.08,31,169.38,1,6659,5,116,1,0,1,0,,,1,,,,,,,,,,,,,,,,,,,,,,,,,0,,0,2
2683,176,2013-04-28 12:25:18,25,215,,,59,57948,5,4.5,1,3.04,0.1226,6.21,26,166.78,1,6659,5,116,1,0,1,0,,,1,,,,,,,,,,,,,,,,,,,,,,,,,1,,0,2
2684,176,2013-04-28 12:25:18,25,215,,,59,61024,5,0.0,0,2.71,,6.21,9,700.98,1,6659,5,116,1,0,1,0,,,1,,,,,,,,,,,,,,,,,,,,,,,,,0,,0,2
2685,176,2013-04-28 12:25:18,25,215,,,59,62142,4,4.5,1,3.09,0.0071,5.92,18,160.26,1,6659,5,116,1,0,1,0,,,1,,,,,,,,,,,,,,,,,,,,,,,,,0,,0,2
2686,176,2013-04-28 12:25:18,25,215,,,59,65085,4,5.0,0,2.08,,5.97,12,547.23,0,6659,5,116,1,0,1,0,,,1,,,,,,,,,,,,,,,,,,,,,,,,,0,,0,2
2687,176,2013-04-28 12:25:18,25,215,,,59,69256,4,4.5,1,1.79,0.0124,5.93,22,139.41,1,6659,5,116,1,0,1,0,,,1,,,,,,,,,,,,,,,,,,,,,,,,,0,,0,2
2688,176,2013-04-28 12:25:18,25,215,,,59,69420,5,4.5,1,2.4,0.0363,6.21,14,872.96,0,6659,5,116,1,0,1,0,,,1,,,,,,,,,,,,,,,,,,,,,,,,,0,,0,2
2689,176,2013-04-28 12:25:18,25,215,,,59,72681,5,5.0,0,1.95,0.0022,6.21,19,551.14,0,6659,5,116,1,0,1,0,,,1,,,,,,,,,,,,,,,,,,,,,,,,,0,,0,2
2690,176,2013-04-28 12:25:18,25,215,,,59,75251,4,4.5,0,3.69,0.0481,6.05,2,144.63,1,6659,5,116,1,0,1,0,,,1,,,,,,,,,,,,,,,,,,,,,,,,,0,,0,2
2691,176,2013-04-28 12:25:18,25,215,,,59,76171,5,4.0,0,3.5,0.0297,6.21,16,290.55,1,6659,5,116,1,0,1,0,,,1,,,,,,,,,,,,,,,,,,,,,,,,,0,,0,2
2692,176,2013-04-28 12:25:18,25,215,,,59,84957,4,4.0,1,3.87,0.0762,6.05,20,225.41,1,6659,5,116,1,0,1,0,,,1,,,,,,,,,,,,,,,,,,,,,,,,,0,,0,2
2693,176,2013-04-28 12:25:18,25,215,,,59,93869,5,5.0,1,0.69,0.0111,6.21,29,432.57,1,6659,5,116,1,0,1,0,,,1,,,,,,,,,,,,,,,,,,,,,,,,,0,,0,2
2694,176,2013-04-28 12:25:18,25,215,,,59,98092,5,4.5,0,2.3,0.0196,6.21,7,474.27,1,6659,5,116,1,0,1,0,,,1,,,,,,,,,,,,,,,,,,,,,,,,,0,,0,2
2695,176,2013-04-28 12:25:18,25,215,,,59,98214,4,5.0,0,2.2,0.0001,5.98,30,265.8,0,6659,5,116,1,0,1,0,,,1,,,,,,,,,,,,,,,,,,,,,,,,,0,,0,2
2696,176,2013-04-28 12:25:18,25,215,,,59,106918,5,4.5,0,3.5,0.0686,6.21,25,231.92,1,6659,5,116,1,0,1,0,,,1,,,,,,,,,,,,,,,,,,,,,,,,,0,,0,2
2697,176,2013-04-28 12:25:18,25,215,,,59,115263,4,5.0,0,3.14,0.0186,5.89,34,265.8,0,6659,5,116,1,0,1,0,,,1,,,,,,,,,,,,,,,,,,,,,,,,,0,,0,2
2698,176,2013-04-28 12:25:18,25,215,,,59,115908,4,4.5,0,1.79,0.0283,5.84,4,252.77,1,6659,5,116,1,0,1,0,,,1,,,,,,,,,,,,,,,,,,,,,,,,,0,,0,2
2699,176,2013-04-28 12:25:18,25,215,,,59,118410,5,4.5,0,2.08,0.0267,6.21,3,259.28,1,6659,5,116,1,0,1,0,,,1,,,,,,,,,,,,,,,,,,,,,,,,,1,,0,2
2700,176,2013-04-28 12:25:18,25,215,,,59,123239,4,4.0,0,3.87,0.0719,5.93,27,173.29,0,6659,5,116,1,0,1,0,,,1,,,,,,,,,,,,,,,,,,,,,,,,,0,,0,2
2701,176,2013-04-28 12:25:18,25,215,,,59,127400,5,4.5,0,1.79,0.0549,6.21,32,475.57,1,6659,5,116,1,0,1,0,,,1,,,,,,,,,,,,,,,,,,,,,,,,,0,,0,2
2702,176,2013-04-28 12:25:18,25,215,,,59,131645,4,4.5,0,3.5,0.0686,6.21,13,211.07,1,6659,5,116,1,0,1,0,,,1,,,,,,,,,,,,,,,,,,,,,,,,,0,,0,2
2981,190,2013-05-28 20:12:34,5,219,,,109,8937,5,4.5,0,4.98,,5.26,10,144.0,0,22270,3,22,1,0,1,0,,6903.31,0,,,,,,,,,,,,,,,,,,,,,,,,,1,462.84,1,2
2982,190,2013-05-28 20:12:34,5,219,,,109,14055,4,3.0,0,5.01,,4.77,15,95.0,0,22270,3,22,1,0,1,0,,6903.24,0,,,,,,,,,,,,,,,,,,,,,,,,,0,,0,2
2983,190,2013-05-28 20:12:34,5,219,,,109,53038,4,4.5,0,4.42,0.7979,5.38,1,150.0,0,22270,3,22,1,0,1,0,,6903.68,0,,,,,,,,,,,,,,,,,,,,,,,,,0,,0,2
2984,190,2013-05-28 20:12:34,5,219,,,109,59499,5,4.5,1,3.09,,5.33,14,190.0,0,22270,3,22,1,0,1,0,,6903.9,0,,,,,,,,,,,,,,,,,,,,,,,,,0,,0,2
2985,190,2013-05-28 20:12:34,5,219,,,109,76040,4,4.0,0,4.98,,4.93,16,141.0,0,22270,3,22,1,0,1,0,,6903.31,0,,,,,,,,,,,,,,,,,,,,,,,,,0,,0,2
2986,190,2013-05-28 20:12:34,5,219,,,109,81130,5,4.0,0,4.33,0.7201,5.49,2,144.0,0,22270,3,22,1,0,1,0,,6903.77,0,,,,,,,,,,,,,,,,,,,,,,,,,0,,0,2
2987,190,2013-05-28 20:12:34,5,219,,,109,86257,4,4.5,0,4.42,0.6749,5.2,4,141.0,0,22270,3,22,1,0,1,0,,6903.58,0,,,,,,,,,,,,,,,,,,,,,,,,,0,,0,2
