,srch_id,date_time,site_id,visitor_location_country_id,visitor_hist_starrating,visitor_hist_adr_usd,prop_country_id,prop_id,prop_starrating,prop_review_score,prop_brand_bool,prop_location_score1,prop_location_score2,prop_log_historical_price,position,price_usd,promotion_flag,srch_destination_id,srch_length_of_stay,srch_booking_window,srch_adults_count,srch_children_count,srch_room_count,srch_saturday_night_bool,srch_query_affinity_score,orig_destination_distance,random_bool,comp1_rate,comp1_inv,comp1_rate_percent_diff,comp2_rate,comp2_inv,comp2_rate_percent_diff,comp3_rate,comp3_inv,comp3_rate_percent_diff,comp4_rate,comp4_inv,comp4_rate_percent_diff,comp5_rate,comp5_inv,comp5_rate_percent_diff,comp6_rate,comp6_inv,comp6_rate_percent_diff,comp7_rate,comp7_inv,comp7_rate_percent_diff,comp8_rate,comp8_inv,comp8_rate_percent_diff,click_bool,gross_bookings_usd,booking_bool,hour,month,diff_usd,diff_starrating,prop_starrating|srch_id_normalized,prop_review_score|srch_id_normalized,prop_location_score1|srch_id_normalized,prop_location_score2|srch_id_normalized,price_usd|srch_id_normalized,orig_destination_distance|srch_id_normalized
0,1,2013-04-04 08:32:15,12,187,,,219,893,3,3.5,1,2.83,0.0438,4.95,27,104.77,0,23246,1,0,4,0,1,1,,,1,,,,0.0,0.0,,0.0,0.0,,,,,0.0,0.0,,,,,,,,0.0,0.0,,0,,0,8,4,,,0.5,0.7777777777777778,0.9511111111111111,0.3196850393700787,0.03749516814843447,
1,1,2013-04-04 08:32:15,12,187,,,219,10404,4,4.0,1,2.2,0.0149,5.03,26,170.74,0,23246,1,0,4,0,1,1,,,1,,,,,,,0.0,0.0,,,,,0.0,1.0,,,,,,,,0.0,0.0,,0,,0,8,4,,,1.0,0.8888888888888888,0.6711111111111112,0.09212598425196851,0.1649980672593738,
2,1,2013-04-04 08:32:15,12,187,,,219,21315,3,4.5,1,2.2,0.0245,4.92,21,179.8,0,23246,1,0,4,0,1,1,,,1,,,,0.0,0.0,,0.0,0.0,,,,,0.0,0.0,,,,,,,,0.0,0.0,,0,,0,8,4,,,0.5,1.0,0.6711111111111112,0.16771653543307086,0.18250869733281797,
3,1,2013-04-04 08:32:15,12,187,,,219,27348,2,4.0,1,2.83,0.0125,4.39,34,602.77,0,23246,1,0,4,0,1,1,,,1,,,,-1.0,0.0,5.0,-1.0,0.0,5.0,,,,0.0,1.0,,,,,,,,-1.0,0.0,5.0,0,,0,8,4,,,0.0,0.8888888888888888,0.9511111111111111,0.07322834645669292,1.0,
4,1,2013-04-04 08:32:15,12,187,,,219,29604,4,3.5,1,2.64,0.1241,4.93,4,143.58,0,23246,1,0,4,0,1,1,,,1,,,,0.0,0.0,,0.0,0.0,,,,,0.0,0.0,,,,,,,,0.0,0.0,,0,,0,8,4,,,1.0,0.7777777777777778,0.8666666666666667,0.9519685039370079,0.11250483185156554,
5,1,2013-04-04 08:32:15,12,187,,,219,30184,4,4.5,1,2.77,0.1302,5.2,7,195.32,0,23246,1,0,4,0,1,1,,,1,,,,,,,0.0,0.0,7.0,,,,0.0,0.0,,,,,,,,0.0,0.0,7.0,0,,0,8,4,,,1.0,1.0,0.9244444444444445,1.0,0.21250483185156552,
6,1,2013-04-04 08:32:15,12,187,,,219,44147,3,3.5,1,2.2,0.0356,4.81,18,129.35,0,23246,1,0,4,0,1,1,,,1,,,,0.0,0.0,,0.0,0.0,,,,,,,,,,,,,,0.0,0.0,,0,,0,8,4,,,0.5,0.7777777777777778,0.6711111111111112,0.25511811023622044,0.08500193274062619,
7,1,2013-04-04 08:32:15,12,187,,,219,50984,2,0.0,0,1.61,,4.14,35,85.37,0,23246,1,0,4,0,1,1,,,1,,,,,,,,,,,,,,,,,,,,,,,,,0,,0,8,4,,,0.0,0.0,0.40888888888888897,,0.0,
8,1,2013-04-04 08:32:15,12,187,,,219,53341,4,4.0,1,2.56,0.1238,5.18,3,150.05,0,23246,1,0,4,0,1,1,,,1,,,,0.0,0.0,,0.0,0.0,,,,,,,,,,,,,,0.0,0.0,6.0,0,,0,8,4,,,1.0,0.8888888888888888,0.8311111111111111,0.9496062992125984,0.12500966370313105,
9,1,2013-04-04 08:32:15,12,187,,,219,56880,4,4.0,1,2.83,0.1028,5.15,10,280.69,0,23246,1,0,4,0,1,1,,,1,,,,0.0,0.0,,0.0,0.0,,,,,0.0,0.0,,,,,,,,0.0,0.0,,0,,0,8,4,,,1.0,0.8888888888888888,0.9511111111111111,0.7842519685039371,0.3775028991109393,
10,1,2013-04-04 08:32:15,12,187,,,219,59267,3,0.0,1,2.2,,5.08,20,190.14,0,23246,1,0,4,0,1,1,,,1,,,,1.0,0.0,11.0,0.0,0.0,,,,,,,,,,,,,,0.0,0.0,,0,,0,8,4,,,0.5,0.0,0.6711111111111112,,0.20249323540780825,
11,1,2013-04-04 08:32:15,12,187,,,219,59526,3,3.5,0,2.2,0.0377,4.78,19,100.89,0,23246,1,0,4,0,1,1,,,1,,,,0.0,0.0,,-1.0,0.0,5.0,,,,,,,,,,,,,1.0,0.0,31.0,0,,0,8,4,,,0.5,0.7777777777777778,0.6711111111111112,0.2716535433070866,0.029996134518747577,
12,1,2013-04-04 08:32:15,12,187,,,219,68914,2,3.0,1,2.2,0.0206,4.44,13,100.89,0,23246,1,0,4,0,1,1,,,1,,,,0.0,0.0,11.0,0.0,0.0,,,,,0.0,-1.0,,,,,,,,0.0,0.0,11.0,1,114.29,1,8,4,,,0.0,0.6666666666666666,0.6711111111111112,0.13700787401574802,0.029996134518747577,
13,1,2013-04-04 08:32:15,12,187,,,219,74474,3,4.5,1,2.4,0.1255,5.03,2,210.84,0,23246,1,0,4,0,1,1,,,1,,,,0.0,0.0,,0.0,0.0,,,,,0.0,0.0,,,,,,,,0.0,0.0,,0,,0,8,4,,,0.5,1.0,0.76,0.962992125984252,0.24250096637031313,
14,1,2013-04-04 08:32:15,12,187,,,219,81437,3,4.0,1,2.3,0.0155,5.03,15,138.4,0,23246,1,0,4,0,1,1,,,1,,,,0.0,0.0,,0.0,0.0,,,,,0.0,0.0,,,,,,,,0.0,0.0,,0,,0,8,4,,,0.5,0.8888888888888888,0.7155555555555555,0.09685039370078741,0.10249323540780828,
15,1,2013-04-04 08:32:15,12,187,,,219,85728,2,3.0,1,1.79,0.0072,4.5,31,100.89,0,23246,1,0,4,0,1,1,,,1,,,,0.0,0.0,,0.0,0.0,8.0,,,,1.0,-1.0,14.0,,,,,,,0.0,0.0,,0,,0,8,4,,,0.0,0.6666666666666666,0.48888888888888893,0.031496062992125984,0.029996134518747577,
16,1,2013-04-04 08:32:15,12,187,,,219,88096,4,4.0,1,2.94,0.066,5.18,23,152.63,1,23246,1,0,4,0,1,1,,,1,,,,0.0,0.0,5.0,0.0,0.0,5.0,,,,1.0,0.0,5.0,,,,,,,0.0,0.0,15.0,0,,0,8,4,,,1.0,0.8888888888888888,1.0,0.49448818897637803,0.12999613451874759,
17,1,2013-04-04 08:32:15,12,187,,,219,88127,3,3.0,1,1.39,0.0038,4.8,36,138.4,0,23246,1,0,4,0,1,1,,,1,,,,0.0,0.0,,0.0,0.0,,,,,,,,,,,,,,0.0,0.0,,0,,0,8,4,,,0.5,0.6666666666666666,0.3111111111111111,0.004724409448818897,0.10249323540780828,
18,1,2013-04-04 08:32:15,12,187,,,219,88218,4,3.5,1,2.77,0.1266,4.98,8,115.12,0,23246,1,0,4,0,1,1,,,1,,,,0.0,0.0,,0.0,0.0,,,,,0.0,-1.0,,,,,,,,0.0,0.0,,0,,0,8,4,,,1.0,0.7777777777777778,0.9244444444444445,0.9716535433070865,0.0574990336296869,
19,1,2013-04-04 08:32:15,12,187,,,219,89073,4,4.0,1,2.08,0.015,5.28,6,191.44,0,23246,1,0,4,0,1,1,,,1,,,,,,,0.0,0.0,5.0,,,,0.0,0.0,,,,,,,,0.0,0.0,5.0,0,,0,8,4,,,1.0,0.8888888888888888,0.6177777777777779,0.09291338582677165,0.20500579822187862,
20,1,2013-04-04 08:32:15,12,187,,,219,95166,3,4.0,1,2.71,0.0359,4.71,28,122.88,0,23246,1,0,4,0,1,1,,,1,,,,0.0,0.0,12.0,0.0,0.0,6.0,,,,,,,,,,,,,0.0,0.0,,0,,0,8,4,,,0.5,0.8888888888888888,0.8977777777777778,0.2574803149606299,0.07249710088906067,
21,1,2013-04-04 08:32:15,12,187,,,219,95307,4,3.5,1,2.4,0.1149,4.93,1,139.7,0,23246,1,0,4,0,1,1,,,1,,,,,,,0.0,0.0,29.0,,,,,1.0,,,,,,,,-1.0,0.0,27.0,0,,0,8,4,,,1.0,0.7777777777777778,0.76,0.8795275590551181,0.1050057982218786,
22,1,2013-04-04 08:32:15,12,187,,,219,97247,2,3.5,1,2.83,0.0145,4.68,32,115.12,0,23246,1,0,4,0,1,1,,,1,,,,0.0,0.0,,0.0,0.0,5.0,,,,1.0,1.0,9.0,,,,,,,-1.0,0.0,5.0,0,,0,8,4,,,0.0,0.7777777777777778,0.9511111111111111,0.08897637795275591,0.0574990336296869,
23,1,2013-04-04 08:32:15,12,187,,,219,107872,2,3.5,1,2.71,0.0465,4.44,12,128.06,0,23246,1,0,4,0,1,1,,,1,,,,0.0,0.0,23.0,0.0,0.0,10.0,,,,1.0,-1.0,3.0,,,,,,,0.0,0.0,14.0,0,,0,8,4,,,0.0,0.7777777777777778,0.8977777777777778,0.34094488188976374,0.08250869733281793,
24,1,2013-04-04 08:32:15,12,187,,,219,111000,3,4.5,1,2.2,0.0164,5.02,24,181.09,0,23246,1,0,4,0,1,1,,,1,,,,0.0,0.0,,0.0,0.0,,,,,0.0,0.0,,,,,,,,0.0,0.0,,0,,0,8,4,,,0.5,1.0,0.6711111111111112,0.10393700787401576,0.1850019327406262,
25,1,2013-04-04 08:32:15,12,187,,,219,111106,3,2.5,1,0.69,0.0071,4.67,37,120.29,0,23246,1,0,4,0,1,1,,,1,,,,0.0,0.0,,0.0,0.0,,,,,,,,,,,,,,0.0,0.0,,0,,0,8,4,,,0.5,0.5555555555555556,0.0,0.030708661417322838,0.06749130266718208,
26,1,2013-04-04 08:32:15,12,187,,,219,114766,2,3.5,1,1.61,0.0052,4.67,33,104.77,0,23246,1,0,4,0,1,1,,,1,,,,,,,,,,,,,,-1.0,,,,,,,,,,,0,,0,8,4,,,0.0,0.7777777777777778,0.40888888888888897,0.01574803149606299,0.03749516814843447,
27,1,2013-04-04 08:32:15,12,187,,,219,122844,3,4.5,1,2.3,0.0032,5.46,29,190.14,0,23246,1,0,4,0,1,1,,,1,,,,0.0,0.0,,0.0,0.0,,,,,0.0,0.0,,,,,,,,0.0,0.0,,0,,0,8,4,,,0.5,1.0,0.7155555555555555,0.0,0.20249323540780825,
28,4,2012-12-31 08:59:22,5,219,,,219,3625,4,4.0,0,3.22,0.2544,5.98,21,295.0,0,12588,2,46,1,0,1,1,,238.35,1,,,,,,,,,,,,,,,,,,,,,,,,,0,,0,8,12,,,0.8,0.8,0.9844357976653698,0.67065036131184,0.42452830188679247,0.9593147751605999
29,4,2012-12-31 08:59:22,5,219,,,219,11622,4,4.0,0,2.71,,5.64,36,299.0,0,12588,2,46,1,0,1,1,,238.34,1,,,,,,,,,,,,,,,,,,,,,,,,,0,,0,8,12,,,0.8,0.8,0.7859922178988328,,0.4320754716981132,0.9571734475374756
30,4,2012-12-31 08:59:22,5,219,,,219,11826,5,4.5,1,3.22,0.1924,6.1,22,373.0,1,12588,2,46,1,0,1,1,,238.33,1,,,,,,,,,,,,,,,,,,,,,,,,,0,,0,8,12,,,1.0,1.0,0.9844357976653698,0.4983324068927181,0.5716981132075472,0.9550321199143511
31,4,2012-12-31 08:59:22,5,219,,,219,22824,3,4.0,0,3.26,0.3729,5.74,4,329.0,0,12588,2,46,1,0,1,1,,238.29,1,,,,,,,,,,,,,,,,,,,,,,,,,0,,0,8,12,,,0.6,0.8,1.0,1.0,0.48867924528301887,0.9464668094218414
32,4,2012-12-31 08:59:22,5,219,,,219,37581,5,4.5,0,3.09,0.2508,6.21,26,600.0,0,12588,2,46,1,0,1,1,,238.35,1,,,,,,,,,,,,,,,,,,,,,,,,,0,,0,8,12,,,1.0,1.0,0.933852140077821,0.6606448026681491,1.0,0.9593147751605999
33,4,2012-12-31 08:59:22,5,219,,,219,39993,4,4.0,1,3.09,0.1692,5.69,3,365.0,0,12588,2,46,1,0,1,1,,237.94,1,,,,,,,,,,,,,,,,,,,,,,,,,0,,0,8,12,,,0.8,0.8,0.933852140077821,0.43385214007782097,0.5566037735849056,0.8715203426124206
34,4,2012-12-31 08:59:22,5,219,,,219,46162,4,4.5,0,3.26,0.3582,5.73,24,331.0,1,12588,2,46,1,0,1,1,,238.32,1,,,,,,,,,,,,,,,,,,,,,,,,,0,,0,8,12,,,0.8,1.0,1.0,0.9591439688715954,0.49245283018867925,0.9528907922912206
35,4,2012-12-31 08:59:22,5,219,,,219,49152,4,4.5,1,3.09,0.1417,5.92,9,329.0,0,12588,2,46,1,0,1,1,,238.3,1,,,,,,,,,,,,,,,,,,,,,,,,,0,,0,8,12,,,0.8,1.0,0.933852140077821,0.35742078932740406,0.48867924528301887,0.9486081370449719
36,4,2012-12-31 08:59:22,5,219,,,219,56063,4,4.5,0,3.26,0.3246,5.91,18,259.0,0,12588,2,46,1,0,1,1,,238.33,1,,,,,,,,,,,,,,,,,,,,,,,,,0,,0,8,12,,,0.8,1.0,1.0,0.8657587548638132,0.35660377358490564,0.9550321199143511
37,4,2012-12-31 08:59:22,5,219,,,219,56472,4,4.5,1,1.1,0.0149,5.55,10,335.0,0,12588,2,46,1,0,1,1,,238.54,1,,,,,,,,,,,,,,,,,,,,,,,,,0,,0,8,12,,,0.8,1.0,0.15953307392996116,0.005002779321845468,0.5,1.0
38,4,2012-12-31 08:59:22,5,219,,,219,58696,0,4.5,0,1.61,0.0823,5.39,29,219.0,0,12588,2,46,1,0,1,1,,236.91,1,,,,,,,,,,,,,,,,,,,,,,,,,0,,0,8,12,,,0.0,1.0,0.3579766536964981,0.1923290717065036,0.2811320754716981,0.6509635974304069
39,4,2012-12-31 08:59:22,5,219,,,219,64344,4,3.0,1,1.79,,5.79,31,267.0,0,12588,2,46,1,0,1,1,,238.4,1,,,,,,,,,,,,,,,,,,,,,,,,,0,,0,8,12,,,0.8,0.4,0.42801556420233466,,0.37169811320754714,0.9700214132762341
40,4,2012-12-31 08:59:22,5,219,,,219,65984,2,3.5,0,3.09,0.223,5.08,25,194.0,0,12588,2,46,1,0,1,1,,238.31,1,,,,,,,,,,,,,,,,,,,,,,,,,0,,0,8,12,,,0.4,0.6,0.933852140077821,0.5833796553640912,0.2339622641509434,0.9507494646680963
41,4,2012-12-31 08:59:22,5,219,,,219,71258,1,2.0,0,0.69,0.0131,4.29,19,70.0,0,12588,2,46,1,0,1,1,,236.59,1,,,,,,,,,,,,,,,,,,,,,,,,,0,,0,8,12,,,0.2,0.0,0.0,0.0,0.0,0.5824411134903653
42,4,2012-12-31 08:59:22,5,219,,,219,75491,2,3.5,0,3.22,0.3696,5.52,8,189.0,0,12588,2,46,1,0,1,1,,238.3,1,,,,,,,,,,,,,,,,,,,,,,,,,0,,0,8,12,,,0.4,0.6,0.9844357976653698,0.9908282379099499,0.22452830188679246,0.9486081370449719
43,4,2012-12-31 08:59:22,5,219,,,219,81172,0,4.0,0,0.69,,5.56,33,289.0,0,12588,2,46,1,0,1,1,,234.51,1,,,,,,,,,,,,,,,,,,,,,,,,,0,,0,8,12,,,0.0,0.8,0.0,,0.41320754716981134,0.1370449678800831
44,4,2012-12-31 08:59:22,5,219,,,219,83045,3,3.5,0,3.26,0.3431,5.6,2,219.0,0,12588,2,46,1,0,1,1,,238.33,1,,,,,,,,,,,,,,,,,,,,,,,,,0,,0,8,12,,,0.6,0.6,1.0,0.9171762090050029,0.2811320754716981,0.9550321199143511
45,4,2012-12-31 08:59:22,5,219,,,219,83430,4,4.5,0,2.77,0.0362,5.85,27,405.0,0,12588,2,46,1,0,1,1,,238.4,1,,,,,,,,,,,,,,,,,,,,,,,,,0,,0,8,12,,,0.8,1.0,0.8093385214007783,0.0642023346303502,0.6320754716981132,0.9700214132762341
46,4,2012-12-31 08:59:22,5,219,,,219,83806,4,4.0,1,3.18,0.3483,5.92,6,330.0,0,12588,2,46,1,0,1,1,,238.29,1,,,,,,,,,,,,,,,,,,,,,,,,,0,,0,8,12,,,0.8,0.8,0.9688715953307394,0.9316286826014453,0.49056603773584906,0.9464668094218414
47,4,2012-12-31 08:59:22,5,219,,,219,85567,2,4.0,1,0.69,0.0408,5.14,7,135.0,0,12588,2,46,1,0,1,1,,236.0,1,,,,,,,,,,,,,,,,,,,,,,,,,0,,0,8,12,,,0.4,0.8,0.0,0.07698721511951084,0.12264150943396226,0.4561027837259103
48,4,2012-12-31 08:59:22,5,219,,,219,85742,3,4.0,0,1.1,,5.36,30,169.0,1,12588,2,46,1,0,1,1,,234.1,1,,,,,,,,,,,,,,,,,,,,,,,,,0,,0,8,12,,,0.6,0.8,0.15953307392996116,,0.18679245283018867,0.049250535331903725
49,4,2012-12-31 08:59:22,5,219,,,219,89119,4,4.5,1,3.18,0.2742,5.6,14,255.0,1,12588,2,46,1,0,1,1,,238.06,1,,,,,,,,,,,,,,,,,,,,,,,,,0,,0,8,12,,,0.8,1.0,0.9688715953307394,0.72568093385214,0.3490566037735849,0.8972162740899376
50,4,2012-12-31 08:59:22,5,219,,,219,97099,4,4.0,1,3.22,0.3611,6.04,13,408.0,0,12588,2,46,1,0,1,1,,238.3,1,,,,,,,,,,,,,,,,,,,,,,,,,0,,0,8,12,,,0.8,0.8,0.9844357976653698,0.9672040022234574,0.6377358490566037,0.9486081370449719
51,4,2012-12-31 08:59:22,5,219,,,219,109185,4,4.5,1,3.18,0.3138,6.08,20,323.0,1,12588,2,46,1,0,1,1,,238.28,1,,,,,,,,,,,,,,,,,,,,,,,,,0,,0,8,12,,,0.8,1.0,0.9688715953307394,0.8357420789327404,0.47735849056603774,0.944325481798717
52,4,2012-12-31 08:59:22,5,219,,,219,110813,2,4.0,0,2.4,,5.14,32,139.0,1,12588,2,46,1,0,1,1,,233.87,1,,,,,,,,,,,,,,,,,,,,,,,,,0,,0,8,12,,,0.4,0.8,0.6653696498054475,,0.13018867924528302,0.0
53,4,2012-12-31 08:59:22,5,219,,,219,116696,2,4.0,0,2.4,,5.12,35,139.0,0,12588,2,46,1,0,1,1,,238.43,1,,,,0.0,0.0,,0.0,0.0,,,,,0.0,0.0,,,,,,,,0.0,0.0,,0,,0,8,12,,,0.4,0.8,0.6653696498054475,,0.13018867924528302,0.9764453961456134
54,4,2012-12-31 08:59:22,5,219,,,219,125069,3,4.0,1,1.61,0.0969,5.28,1,159.0,1,12588,2,46,1,0,1,1,,236.91,1,,,,,,,,,,,,,,,,,,,,,,,,,0,,0,8,12,,,0.6,0.8,0.3579766536964981,0.23290717065036132,0.16792452830188678,0.6509635974304069
55,4,2012-12-31 08:59:22,5,219,,,219,127808,2,2.5,0,3.0,0.0457,5.25,15,79.0,0,12588,2,46,1,0,1,1,,237.73,1,,,,,,,,,,,,,,,,,,,,,,,,,0,,0,8,12,,,0.4,0.2,0.8988326848249028,0.09060589216231238,0.016981132075471698,0.8265524625267656
56,4,2012-12-31 08:59:22,5,219,,,219,129278,3,3.5,0,1.79,,4.82,34,160.0,0,12588,2,46,1,0,1,1,,238.38,1,,,,,,,,,,,,,,,,,,,,,,,,,0,,0,8,12,,,0.6,0.6,0.42801556420233466,,0.16981132075471697,0.9657387580299792
57,4,2012-12-31 08:59:22,5,219,,,219,134162,5,4.5,0,3.09,0.2677,6.14,12,525.0,0,12588,2,46,1,0,1,1,,238.34,1,,,,,,,,,,,,,,,,,,,,,,,,,0,,0,8,12,,,1.0,1.0,0.933852140077821,0.7076153418565869,0.8584905660377359,0.9571734475374756
58,4,2012-12-31 08:59:22,5,219,,,219,137826,2,3.0,0,3.26,0.3147,5.25,28,181.0,0,12588,2,46,1,0,1,1,,238.21,1,,,,,,,,,,,,,,,,,,,,,,,,,0,,0,8,12,,,0.4,0.4,1.0,0.838243468593663,0.20943396226415095,0.9293361884368341
59,4,2012-12-31 08:59:22,5,219,,,219,139893,2,3.0,1,1.61,0.0309,5.25,16,129.0,0,12588,2,46,1,0,1,1,,236.14,1,,,,,,,,,,,,,,,,,,,,,,,,,1,,0,8,12,,,0.4,0.4,0.3579766536964981,0.049471928849360754,0.11132075471698114,0.4860813704496762
60,6,2013-06-05 12:27:51,14,100,,,100,10759,0,2.0,0,1.95,,0.0,4,97.63,0,21106,1,5,2,0,1,0,,652.84,0,,,,,,,,,,,,,,0.0,,,,,,,,,,,0,,0,12,6,,,0.0,0.4,,,0.11881593772406017,0.8571428571430891
61,6,2013-06-05 12:27:51,14,100,,,100,22135,0,5.0,0,1.95,,0.0,6,115.03,0,21106,1,5,2,0,1,0,,652.84,0,,,,,,,,,,,,,,0.0,,,,,,,,,,,0,,0,12,6,,,0.0,1.0,,,0.29703984431015057,0.8571428571430891
62,6,2013-06-05 12:27:51,14,100,,,100,52376,2,0.0,1,1.95,,0.0,2,86.03,0,21106,1,5,2,0,1,0,,652.85,0,,,,,,,,,,,,,,,,,,,,,,,,,0,,0,12,6,,,0.6666666666666666,0.0,,,0.0,1.0
63,6,2013-06-05 12:27:51,14,100,,,100,104251,3,4.0,1,1.95,,0.0,1,145.0,0,21106,1,5,2,0,1,0,,652.84,0,,,,,,,,,,,,,,,,,,,,,,,,,1,162.38,1,12,6,,,1.0,0.8,,,0.6040151592748131,0.8571428571430891
64,6,2013-06-05 12:27:51,14,100,,,100,118866,2,4.5,1,1.95,,0.0,3,183.66,0,21106,1,5,2,0,1,0,,652.78,0,,,,,,,,,,,,,,,,,,,,,,,,,0,,0,12,6,,,0.6666666666666666,0.9,,,1.0,0.0
65,8,2013-03-20 17:50:44,5,219,,,219,10250,3,3.5,1,1.39,0.0321,4.64,15,82.0,0,7082,1,0,1,0,1,0,,5.4,0,,,,0.0,0.0,,0.0,0.0,,,,,,,,,,,,,,0.0,0.0,,0,,0,17,3,,,0.6,0.7777777777777778,0.44267515923566875,0.0,0.08290155440414508,0.5905224787363305
66,8,2013-03-20 17:50:44,5,219,,,219,13252,4,4.5,1,0.0,,5.49,19,160.0,1,7082,1,0,1,0,1,0,,3.98,0,,,,,,,0.0,0.0,,,,,1.0,0.0,42.0,,,,,,,1.0,0.0,43.0,0,,0,17,3,,,0.8,1.0,0.0,,0.48704663212435234,0.4179829890643985
67,8,2013-03-20 17:50:44,5,219,,,219,22756,4,4.0,1,2.83,0.2251,5.11,10,259.0,0,7082,1,0,1,0,1,0,,4.41,0,,,,0.0,0.0,,-1.0,0.0,7.0,,,,0.0,0.0,7.0,,,,,,,-1.0,0.0,7.0,0,,0,17,3,,,0.8,0.8888888888888888,0.9012738853503185,0.9164292497625831,1.0,0.47023086269744835
68,8,2013-03-20 17:50:44,5,219,,,219,27669,3,3.5,1,3.0,0.2107,4.62,16,85.0,0,7082,1,0,1,0,1,0,,4.17,0,,,,,,,0.0,0.0,,,,,,1.0,,,,,,,,0.0,0.0,,1,96.41,1,17,3,,,0.6,0.7777777777777778,0.9554140127388535,0.8480531813865148,0.09844559585492228,0.4410692588092345
69,8,2013-03-20 17:50:44,5,219,,,219,30630,3,4.0,1,0.0,,4.81,20,109.0,0,7082,1,0,1,0,1,0,,3.69,0,,,,1.0,0.0,4.0,-1.0,0.0,9.0,,,,,,,,,,,,,0.0,0.0,,0,,0,17,3,,,0.6,0.8888888888888888,0.0,,0.22279792746113988,0.3827460510328068
70,8,2013-03-20 17:50:44,5,219,,,219,32491,3,4.5,1,2.3,0.0516,5.18,6,199.0,0,7082,1,0,1,0,1,0,,4.45,0,,,,,1.0,,,,,,,,,1.0,,,,,,,,,1.0,,0,,0,17,3,,,0.6,1.0,0.732484076433121,0.0925925925925926,0.689119170984456,0.47509113001215064
71,8,2013-03-20 17:50:44,5,219,,,219,33805,3,3.5,1,3.14,0.1393,4.89,13,119.0,1,7082,1,0,1,0,1,0,,3.83,0,,,,0.0,0.0,,0.0,0.0,,,,,0.0,0.0,,,,,,,,0.0,0.0,,0,,0,17,3,,,0.6,0.7777777777777778,1.0,0.5090218423551758,0.27461139896373055,0.39975698663426484
72,8,2013-03-20 17:50:44,5,219,,,219,35397,3,4.5,1,1.39,0.1,4.82,12,119.0,1,7082,1,0,1,0,1,0,,5.07,0,,,,0.0,0.0,,1.0,0.0,25.0,,,,0.0,0.0,,,,,,,,0.0,0.0,,0,,0,17,3,,,0.6,1.0,0.44267515923566875,0.32241215574548915,0.27461139896373055,0.5504252733900364
73,8,2013-03-20 17:50:44,5,219,,,219,39137,2,3.5,1,1.61,0.0813,4.55,14,80.0,0,7082,1,0,1,0,1,0,,4.85,0,,,,0.0,0.0,,0.0,0.0,,,,,0.0,0.0,,,,,,,,0.0,0.0,,0,,0,17,3,,,0.4,0.7777777777777778,0.5127388535031847,0.2336182336182336,0.07253886010362694,0.5236938031591737
74,8,2013-03-20 17:50:44,5,219,,,219,41497,3,4.5,1,1.79,0.0432,5.1,1,189.0,0,7082,1,0,1,0,1,0,,1.64,0,,,,0.0,0.0,,1.0,0.0,5.0,,,,0.0,0.0,,,,,,,,0.0,0.0,,0,,0,17,3,,,0.6,1.0,0.5700636942675159,0.05270655270655273,0.6373056994818653,0.13365735115431346
75,8,2013-03-20 17:50:44,5,219,,,219,54403,2,3.5,1,0.0,,4.44,22,66.0,0,7082,1,0,1,0,1,0,,8.77,0,,,,0.0,0.0,,0.0,0.0,,,,,0.0,0.0,,,,,,,,0.0,0.0,,0,,0,17,3,,,0.4,0.7777777777777778,0.0,,0.0,1.0
76,8,2013-03-20 17:50:44,5,219,,,219,58176,0,0.0,0,1.79,,4.71,25,150.0,0,7082,1,0,1,0,1,0,,0.54,0,,,,,,,,,,,,,,,,,,,,,,,,,0,,0,17,3,,,0.0,0.0,0.5700636942675159,,0.43523316062176165,0.0
77,8,2013-03-20 17:50:44,5,219,,,219,63511,3,4.5,1,1.39,,5.36,21,209.0,0,7082,1,0,1,0,1,0,,1.49,0,,,,0.0,0.0,,0.0,0.0,,,,,0.0,0.0,,,,,,,,0.0,1.0,,0,,0,17,3,,,0.6,1.0,0.44267515923566875,,0.7409326424870466,0.11543134872417982
78,8,2013-03-20 17:50:44,5,219,,,219,66444,4,4.5,1,1.39,,5.34,18,239.0,0,7082,1,0,1,0,1,0,,1.41,0,,,,,1.0,,,,,,,,,1.0,,,,,,,,,1.0,,0,,0,17,3,,,0.8,1.0,0.44267515923566875,,0.8963730569948186,0.10571081409477519
79,8,2013-03-20 17:50:44,5,219,,,219,67150,4,4.5,1,2.89,0.2295,5.39,4,259.0,0,7082,1,0,1,0,1,0,,4.34,0,,,,0.0,0.0,,0.0,0.0,,,,,,1.0,,,,,,,,0.0,0.0,,0,,0,17,3,,,0.8,1.0,0.9203821656050956,0.9373219373219374,1.0,0.46172539489671927
80,8,2013-03-20 17:50:44,5,219,,,219,73738,3,4.5,1,1.39,0.0883,5.14,3,189.0,0,7082,1,0,1,0,1,0,,4.8,0,,,,,,,0.0,0.0,,,,,0.0,0.0,,,,,,,,0.0,0.0,,0,,0,17,3,,,0.6,1.0,0.44267515923566875,0.26685660018993357,0.6373056994818653,0.5176184690157958
81,8,2013-03-20 17:50:44,5,219,,,219,83293,3,4.5,1,2.94,0.0731,5.12,2,239.0,0,7082,1,0,1,0,1,0,,4.05,0,,,,,1.0,,,,,,,,,1.0,,,,,,,,,1.0,,0,,0,17,3,,,0.6,1.0,0.9363057324840763,0.19468186134852802,0.8963730569948186,0.42648845686512754
82,8,2013-03-20 17:50:44,5,219,,,219,90151,5,4.5,0,2.56,0.1592,5.7,7,259.0,0,7082,1,0,1,0,1,0,,4.52,0,,,,,,,,,,,,,,,,,,,,,,,,,0,,0,17,3,,,1.0,1.0,0.8152866242038216,0.603513770180437,1.0,0.4835965978128796
83,8,2013-03-20 17:50:44,5,219,,,219,119302,3,3.5,1,1.95,,4.76,24,93.0,0,7082,1,0,1,0,1,0,,1.16,0,,,,0.0,0.0,,0.0,0.0,,,,,,,,,,,,,,0.0,1.0,,0,,0,17,3,,,0.6,0.7777777777777778,0.6210191082802548,,0.13989637305699482,0.07533414337788577
84,8,2013-03-20 17:50:44,5,219,,,219,125655,3,4.0,1,3.0,0.2427,4.97,9,149.0,0,7082,1,0,1,0,1,0,,4.26,0,,,,0.0,0.0,,0.0,0.0,,,,,0.0,0.0,,,,,,,,0.0,0.0,,0,,0,17,3,,,0.6,0.8888888888888888,0.9554140127388535,1.0,0.43005181347150256,0.4520048602673146
85,8,2013-03-20 17:50:44,5,219,,,219,134607,3,4.5,1,1.79,0.0434,4.99,8,189.0,0,7082,1,0,1,0,1,0,,1.61,0,,,,-1.0,0.0,5.0,0.0,0.0,,,,,0.0,0.0,5.0,,,,,,,0.0,0.0,,0,,0,17,3,,,0.6,1.0,0.5700636942675159,0.053656220322887006,0.6373056994818653,0.13001215066828675
86,11,2013-02-25 08:39:33,5,219,,,219,6492,2,4.0,1,2.3,,3.91,36,47.0,0,12610,1,39,2,0,1,1,,284.56,1,,,,1.0,0.0,12.0,0.0,0.0,,,,,,,,,,,,,,1.0,0.0,12.0,0,,0,8,2,,,0.0,0.8,0.9583333333333333,,0.1092436974789916,0.7151799687010959
87,11,2013-02-25 08:39:33,5,219,,,219,8946,3,4.5,1,1.95,,5.17,19,84.0,0,12610,1,39,2,0,1,1,,288.12,1,,,,0.0,1.0,,0.0,0.0,,,,,1.0,0.0,20.0,,,,,,,0.0,0.0,,0,,0,8,2,,,0.5,0.9,0.8125,,0.42016806722689076,0.993740219092333
88,11,2013-02-25 08:39:33,5,219,,,219,9952,2,3.0,1,1.61,,4.1,14,50.0,0,12610,1,39,2,0,1,1,,275.55,1,,,,,,,,,,,,,,,,,,,,,,,,,0,,0,8,2,,,0.0,0.6,0.6708333333333334,,0.13445378151260504,0.010172143974960543
89,11,2013-02-25 08:39:33,5,219,,,219,19470,2,3.5,1,1.39,,4.37,9,60.0,0,12610,1,39,2,0,1,1,,275.42,1,,,,,,,,,,,,,,,,,,,,,,,,,0,,0,8,2,,,0.0,0.7,0.5791666666666666,,0.2184873949579832,0.0
90,11,2013-02-25 08:39:33,5,219,,,219,20499,2,3.5,1,2.2,,4.11,31,45.0,0,12610,1,39,2,0,1,1,,284.67,1,,,,0.0,0.0,,0.0,0.0,,,,,,,,,,,,,,0.0,0.0,,1,,0,8,2,,,0.0,0.7,0.9166666666666667,,0.09243697478991597,0.7237871674491408
91,11,2013-02-25 08:39:33,5,219,,,219,24526,3,4.0,1,0.69,0.1099,4.94,2,119.0,0,12610,1,39,2,0,1,1,,278.73,1,,,,0.0,0.0,,0.0,0.0,,,,,0.0,0.0,,,,,,,,0.0,0.0,,0,,0,8,2,,,0.5,0.8,0.2875,0.20861797162375195,0.7142857142857143,0.2589984350547738
92,11,2013-02-25 08:39:33,5,219,,,219,26421,3,5.0,1,2.08,,5.07,25,89.0,0,12610,1,39,2,0,1,1,,287.79,1,,,,,1.0,,0.0,0.0,,,,,0.0,0.0,,,,,,,,0.0,0.0,,0,,0,8,2,,,0.5,1.0,0.8666666666666667,,0.46218487394957986,0.9679186228482027
93,11,2013-02-25 08:39:33,5,219,,,219,27675,3,4.5,1,1.1,0.1626,4.7,7,85.0,0,12610,1,39,2,0,1,1,,279.74,1,,,,0.0,0.0,,0.0,0.0,,,,,,,,,,,,,,0.0,0.0,,0,,0,8,2,,,0.5,0.9,0.45833333333333337,0.4855491329479768,0.42857142857142855,0.33802816901408467
94,11,2013-02-25 08:39:33,5,219,,,219,28364,3,4.5,1,1.61,0.2046,4.73,3,79.0,0,12610,1,39,2,0,1,1,,280.57,1,,,,0.0,0.0,,0.0,0.0,,,,,0.0,0.0,,,,,,,,0.0,0.0,,0,,0,8,2,,,0.5,0.9,0.6708333333333334,0.7062532842879664,0.37815126050420167,0.4029733959311415
95,11,2013-02-25 08:39:33,5,219,,,219,33980,3,5.0,1,1.1,,5.03,13,98.0,0,12610,1,39,2,0,1,1,,283.87,1,,,,,1.0,,0.0,0.0,,,,,0.0,0.0,,,,,,,,0.0,0.0,,0,,0,8,2,,,0.5,1.0,0.45833333333333337,,0.5378151260504201,0.6611893583724575
96,11,2013-02-25 08:39:33,5,219,,,219,35021,3,4.0,1,2.08,,4.99,26,153.0,0,12610,1,39,2,0,1,1,,287.83,1,,,,0.0,0.0,,,,,,,,,,,,,,,,,0.0,0.0,,0,,0,8,2,,,0.5,0.8,0.8666666666666667,,1.0,0.971048513302034
97,11,2013-02-25 08:39:33,5,219,,,219,38443,3,4.0,1,2.4,,4.58,18,60.0,0,12610,1,39,2,0,1,1,,284.42,1,,,,-1.0,0.0,10.0,-1.0,1.0,10.0,,,,,,,,,,,,,-1.0,0.0,10.0,0,,0,8,2,,,0.5,0.8,1.0,,0.2184873949579832,0.7042253521126776
98,11,2013-02-25 08:39:33,5,219,,,219,47116,3,4.5,1,2.08,,4.95,22,84.0,0,12610,1,39,2,0,1,1,,287.82,1,,,,0.0,0.0,11.0,0.0,0.0,11.0,,,,,,,,,,,,,0.0,0.0,11.0,0,,0,8,2,,,0.5,0.9,0.8666666666666667,,0.42016806722689076,0.9702660406885761
99,11,2013-02-25 08:39:33,5,219,,,219,59898,3,0.0,1,2.08,,4.84,32,76.0,0,12610,1,39,2,0,1,1,,288.1,1,,,,,,,0.0,0.0,,,,,,,,,,,,,,0.0,0.0,,0,,0,8,2,,,0.5,0.0,0.8666666666666667,,0.35294117647058826,0.9921752738654174
100,11,2013-02-25 08:39:33,5,219,,,219,63095,2,3.5,1,1.61,,4.92,33,65.0,0,12610,1,39,2,0,1,1,,287.66,1,,,,0.0,0.0,,0.0,0.0,,,,,0.0,0.0,,,,,,,,0.0,0.0,,0,,0,8,2,,,0.0,0.7,0.6708333333333334,,0.2605042016806723,0.9577464788732422
101,11,2013-02-25 08:39:33,5,219,,,219,69993,2,2.5,1,2.2,,4.22,27,34.0,0,12610,1,39,2,0,1,1,,284.47,1,,,,0.0,-1.0,,0.0,-1.0,,,,,1.0,-1.0,17.0,,,,,,,0.0,-1.0,,0,,0,8,2,,,0.0,0.5,0.9166666666666667,,0.0,0.7081377151799712
102,11,2013-02-25 08:39:33,5,219,,,219,73511,3,5.0,1,0.0,,4.91,29,75.0,0,12610,1,39,2,0,1,1,,287.02,1,,,,0.0,1.0,,0.0,0.0,,,,,0.0,0.0,,,,,,,,0.0,0.0,,0,,0,8,2,,,0.5,1.0,0.0,,0.3445378151260504,0.9076682316118928
103,11,2013-02-25 08:39:33,5,219,,,219,74499,3,4.5,1,0.69,0.1555,4.68,8,74.0,0,12610,1,39,2,0,1,1,,279.07,1,,,,,,,1.0,0.0,20.0,,,,1.0,0.0,20.0,,,,,,,1.0,0.0,20.0,0,,0,8,2,,,0.5,0.9,0.2875,0.44823962165002623,0.33613445378151263,0.2856025039123619
104,11,2013-02-25 08:39:33,5,219,,,219,75743,3,4.5,1,0.0,,4.88,24,93.0,0,12610,1,39,2,0,1,1,,276.98,1,,,,,,,,,,,,,,,,,,,,,,,,,0,,0,8,2,,,0.5,0.9,0.0,,0.4957983193277311,0.12206572769953096
105,11,2013-02-25 08:39:33,5,219,,,219,78768,3,5.0,1,2.08,,4.95,12,93.0,0,12610,1,39,2,0,1,1,,287.89,1,,,,,,,-1.0,0.0,9.0,,,,-1.0,0.0,9.0,,,,,,,-1.0,0.0,9.0,0,,0,8,2,,,0.5,1.0,0.8666666666666667,,0.4957983193277311,0.9757433489827854
106,11,2013-02-25 08:39:33,5,219,,,219,80764,2,3.5,1,1.79,,3.87,21,60.0,0,12610,1,39,2,0,1,1,,283.89,1,,,,0.0,0.0,,,1.0,,,,,,,,,,,,,,-1.0,0.0,10.0,0,,0,8,2,,,0.0,0.7,0.7458333333333333,,0.2184873949579832,0.6627543035993732
107,11,2013-02-25 08:39:33,5,219,,,219,83769,4,4.5,1,2.08,,5.24,37,123.0,0,12610,1,39,2,0,1,1,,288.09,1,,,,,1.0,,0.0,0.0,,,,,0.0,0.0,,,,,,,,-1.0,0.0,7.0,0,,0,8,2,,,1.0,0.9,0.8666666666666667,,0.7478991596638656,0.9913928012519551
108,11,2013-02-25 08:39:33,5,219,,,219,85264,2,3.0,1,1.95,,4.31,30,70.0,0,12610,1,39,2,0,1,1,,285.8,1,,,,0.0,0.0,,0.0,0.0,,,,,,,,,,,,,,0.0,0.0,,0,,0,8,2,,,0.0,0.6,0.8125,,0.3025210084033613,0.8122065727699544
109,11,2013-02-25 08:39:33,5,219,,,219,86294,2,3.0,1,2.2,,4.01,28,51.0,0,12610,1,39,2,0,1,1,,284.72,1,,,,0.0,0.0,,0.0,0.0,,,,,,,,,,,,,,0.0,0.0,,0,,0,8,2,,,0.0,0.6,0.9166666666666667,,0.14285714285714285,0.7276995305164343
110,11,2013-02-25 08:39:33,5,219,,,219,93949,3,4.0,0,1.61,,4.64,35,74.0,0,12610,1,39,2,0,1,1,,287.04,1,,,,0.0,0.0,3.0,0.0,0.0,3.0,,,,,,,,,,,,,-1.0,0.0,10.0,0,,0,8,2,,,0.5,0.8,0.6708333333333334,,0.33613445378151263,0.9092331768388129
111,11,2013-02-25 08:39:33,5,219,,,219,95615,3,4.5,0,1.39,0.0702,4.64,6,80.0,0,12610,1,39,2,0,1,1,,280.76,1,,,,0.0,0.0,,0.0,0.0,,,,,0.0,0.0,,,,,,,,0.0,0.0,,0,,0,8,2,,,0.5,0.9,0.5791666666666666,0.0,0.3865546218487395,0.4178403755868534
112,11,2013-02-25 08:39:33,5,219,,,219,100969,4,4.5,0,1.39,,4.98,16,89.0,1,12610,1,39,2,0,1,1,,287.77,1,,,,1.0,0.0,25.0,0.0,0.0,,,,,,,,,,,,,,1.0,0.0,25.0,0,,0,8,2,,,1.0,0.9,0.5791666666666666,,0.46218487394957986,0.9663536776212827
113,11,2013-02-25 08:39:33,5,219,,,219,102705,3,5.0,1,1.39,0.2323,4.86,4,87.0,0,12610,1,39,2,0,1,1,,280.41,1,,,,,1.0,,0.0,0.0,,,,,1.0,0.0,9.0,,,,,,,0.0,0.0,,0,,0,8,2,,,0.5,1.0,0.5791666666666666,0.8518129269574356,0.44537815126050423,0.3904538341158075
114,11,2013-02-25 08:39:33,5,219,,,219,114096,3,4.0,1,1.61,,4.98,34,62.0,0,12610,1,39,2,0,1,1,,288.2,1,,,,0.0,0.0,,0.0,0.0,,,,,1.0,0.0,107.0,,,,,,,0.0,0.0,,0,,0,8,2,,,0.5,0.8,0.6708333333333334,,0.23529411764705882,1.0
115,11,2013-02-25 08:39:33,5,219,,,219,122888,3,4.5,1,1.1,0.2605,4.89,1,71.0,0,12610,1,39,2,0,1,1,,281.08,1,,,,0.0,1.0,,0.0,0.0,,,,,0.0,0.0,,,,,,,,0.0,0.0,,0,,0,8,2,,,0.5,0.9,0.45833333333333337,1.0,0.31092436974789917,0.44287949921752584
116,11,2013-02-25 08:39:33,5,219,,,219,124104,3,4.0,1,1.1,,4.64,10,85.0,0,12610,1,39,2,0,1,1,,275.81,1,,,,,,,,,,,,,,,,,,,,,,,,,0,,0,8,2,,,0.5,0.8,0.45833333333333337,,0.42857142857142855,0.030516431924881626
117,11,2013-02-25 08:39:33,5,219,,,219,134563,3,4.0,1,2.2,,4.73,20,73.0,0,12610,1,39,2,0,1,1,,284.5,1,,,,0.0,0.0,,0.0,0.0,,,,,0.0,0.0,,,,,,,,0.0,0.0,,0,,0,8,2,,,0.5,0.8,0.9166666666666667,,0.3277310924369748,0.7104851330203446
118,11,2013-02-25 08:39:33,5,219,,,219,136184,3,4.0,0,2.2,,4.59,15,81.0,0,12610,1,39,2,0,1,1,,284.78,1,,,,0.0,0.0,,0.0,0.0,,,,,,,,,,,,,,0.0,0.0,,0,,0,8,2,,,0.5,0.8,0.9166666666666667,,0.3949579831932773,0.7323943661971812
119,12,2013-03-15 14:55:16,5,219,,,158,7814,3,3.5,0,0.0,0.0476,4.46,25,43.0,1,26648,2,21,3,0,1,1,,9270.55,1,,,,,,,,,,,,,0.0,0.0,,,,,,,,,,,0,,0,14,3,,,0.0,0.7777777777777778,0.0,0.0,0.08247422680412371,0.0
120,12,2013-03-15 14:55:16,5,219,,,158,10881,3,3.0,0,3.14,,4.46,28,44.0,0,26648,2,21,3,0,1,1,,9285.88,1,,,,,,,,,,,,,1.0,0.0,16.0,,,,,,,,,,0,,0,14,3,,,0.0,0.6666666666666666,0.9515151515151516,,0.08762886597938144,0.8326996197718658
121,12,2013-03-15 14:55:16,5,219,,,158,12510,4,0.0,0,1.1,,4.41,24,51.0,0,26648,2,21,3,0,1,1,,9288.15,1,,,,,,,,,,,,,,,,,,,,,,,,,0,,0,14,3,,,0.5,0.0,0.33333333333333337,,0.12371134020618557,0.9560021727322381
122,12,2013-03-15 14:55:16,5,219,,,158,17122,4,3.5,0,2.64,,4.22,13,53.0,0,26648,2,21,3,0,1,1,,9278.6,1,,,,,,,,,,,,,,,,,,,,,,,,,0,,0,14,3,,,0.5,0.7777777777777778,0.8,,0.13402061855670103,0.4372623574145114
123,12,2013-03-15 14:55:16,5,219,,,158,18012,5,4.5,0,3.22,0.1909,5.66,18,221.0,0,26648,2,21,3,0,1,1,,9286.02,1,,,,,,,,,,,,,0.0,0.0,,,,,,,,,,,0,,0,14,3,,,1.0,1.0,0.9757575757575758,0.32724366293674356,1.0,0.8403041825095756
124,12,2013-03-15 14:55:16,5,219,,,158,29081,3,0.0,0,3.3,,4.41,3,37.0,0,26648,2,21,3,0,1,1,,9286.32,1,,,,,,,,,,,,,,,,,,,,,,,,,0,,0,14,3,,,0.0,0.0,1.0,,0.05154639175257732,0.8565996740901989
125,12,2013-03-15 14:55:16,5,219,,,158,43250,3,0.0,1,3.3,,4.46,14,40.0,0,26648,2,21,3,0,1,1,,9286.38,1,,,,,,,,,,,,,1.0,0.0,39.0,,,,,,,,,,0,,0,14,3,,,0.0,0.0,1.0,,0.06701030927835051,0.8598587724063038
126,12,2013-03-15 14:55:16,5,219,,,158,45722,3,4.0,0,3.26,,4.46,4,29.0,1,26648,2,21,3,0,1,1,,9286.44,1,,,,,,,,,,,,,1.0,0.0,56.0,,,,,,,,,,0,,0,14,3,,,0.0,0.8888888888888888,0.9878787878787879,,0.010309278350515464,0.8631178707225075
127,12,2013-03-15 14:55:16,5,219,,,158,47902,3,3.5,0,3.26,,4.46,22,49.0,0,26648,2,21,3,0,1,1,,9286.15,1,,,,,,,,,,,,,,1.0,,,,,,,,,,,0,,0,14,3,,,0.0,0.7777777777777778,0.9878787878787879,,0.1134020618556701,0.847365562194486
128,12,2013-03-15 14:55:16,5,219,,,158,55331,5,4.5,0,2.3,,5.62,15,138.0,1,26648,2,21,3,0,1,1,,9288.85,1,,,,,,,,,,,,,0.0,0.0,,,,,,,,,,,0,,0,14,3,,,1.0,1.0,0.6969696969696969,,0.5721649484536082,0.9940249864204909
129,12,2013-03-15 14:55:16,5,219,,,158,59368,3,2.0,0,3.18,,4.46,26,35.0,0,26648,2,21,3,0,1,1,,9286.5,1,,,,,,,,,,,,,1.0,0.0,5.0,,,,,,,,,,0,,0,14,3,,,0.0,0.4444444444444444,0.9636363636363637,,0.041237113402061855,0.8663769690386124
130,12,2013-03-15 14:55:16,5,219,,,158,73964,3,2.0,0,3.09,0.1419,4.58,32,29.0,1,26648,2,21,3,0,1,1,,9285.73,1,,,,,,,,,,,,,,1.0,,,,,,,,,,,0,,0,14,3,,,0.0,0.4444444444444444,0.9363636363636364,0.21534596939940626,0.010309278350515464,0.824551873981554
131,12,2013-03-15 14:55:16,5,219,,,158,82017,4,3.5,0,2.64,,4.22,19,93.0,0,26648,2,21,3,0,1,1,,9278.98,1,,,,,,,,,,,,,,,,,,,,,,,,,0,,0,14,3,,,0.5,0.7777777777777778,0.8,,0.3402061855670103,0.4579033134166408
132,12,2013-03-15 14:55:16,5,219,,,158,83229,5,4.5,1,2.64,0.1429,4.12,7,147.0,1,26648,2,21,3,0,1,1,,9278.98,1,,,,,,,,,,,,,,,,,,,,,,,,,0,,0,14,3,,,1.0,1.0,0.8,0.21762959579812743,0.6185567010309279,0.4579033134166408
133,12,2013-03-15 14:55:16,5,219,,,158,84441,3,4.0,0,2.64,0.0476,3.75,9,41.0,1,26648,2,21,3,0,1,1,,9278.89,1,,,,,,,,,,,,,,,,,,,,,,,,,0,,0,14,3,,,0.0,0.8888888888888888,0.8,0.0,0.07216494845360824,0.45301466594243406
134,12,2013-03-15 14:55:16,5,219,,,158,89698,3,4.0,0,2.71,,4.46,6,74.0,0,26648,2,21,3,0,1,1,,9287.12,1,,,,,,,,,,,,,1.0,0.0,12.0,,,,,,,,,,0,,0,14,3,,,0.0,0.8888888888888888,0.8212121212121213,,0.2422680412371134,0.900054318305359
135,12,2013-03-15 14:55:16,5,219,,,158,92506,3,3.0,0,3.14,,4.46,29,35.0,0,26648,2,21,3,0,1,1,,9286.65,1,,,,,,,,,,,,,1.0,0.0,40.0,,,,,,,,,,0,,0,14,3,,,0.0,0.6666666666666666,0.9515151515151516,,0.041237113402061855,0.874524714828924
136,12,2013-03-15 14:55:16,5,219,,,158,93021,4,4.0,1,2.64,,4.22,8,66.0,1,26648,2,21,3,0,1,1,,9279.04,1,,,,,,,,,,,,,,,,,,,,,,,,,0,,0,14,3,,,0.5,0.8888888888888888,0.8,,0.20103092783505155,0.46116241173284456
137,12,2013-03-15 14:55:16,5,219,,,158,97754,3,3.0,0,3.26,,4.46,2,32.0,1,26648,2,21,3,0,1,1,,9286.45,1,,,,,,,,,,,,,1.0,0.0,6.0,,,,,,,,,,0,,0,14,3,,,0.0,0.6666666666666666,0.9878787878787879,,0.02577319587628866,0.8636610537752081
138,12,2013-03-15 14:55:16,5,219,,,158,105912,3,3.0,0,2.64,,3.75,30,36.0,1,26648,2,21,3,0,1,1,,9278.72,1,,,,,,,,,,,,,,,,,,,,,,,,,0,,0,14,3,,,0.0,0.6666666666666666,0.8,,0.04639175257731959,0.4437805540467212
139,12,2013-03-15 14:55:16,5,219,,,158,108971,4,0.0,0,0.69,,4.22,27,52.0,0,26648,2,21,3,0,1,1,,9277.19,1,,,,,,,,,,,,,,,,,,,,,,,,,0,,0,14,3,,,0.5,0.0,0.20909090909090908,,0.12886597938144329,0.3606735469854041
140,12,2013-03-15 14:55:16,5,219,,,158,111957,4,4.5,0,2.4,,4.41,10,87.0,0,26648,2,21,3,0,1,1,,9288.96,1,,,,,,,,,,,,,,,,,,,,,,,,,0,,0,14,3,,,0.5,1.0,0.7272727272727273,,0.30927835051546393,1.0
141,12,2013-03-15 14:55:16,5,219,,,158,113997,3,3.5,1,2.89,0.4855,4.4,21,58.0,1,26648,2,21,3,0,1,1,,9285.47,1,,,,,,,,,,,,,0.0,0.0,,,,,,,,,,,0,,0,14,3,,,0.0,0.7777777777777778,0.8757575757575758,1.0,0.15979381443298968,0.8104291146116345
142,12,2013-03-15 14:55:16,5,219,,,158,114662,4,4.0,0,2.71,,4.22,12,50.0,1,26648,2,21,3,0,1,1,,9278.91,1,,,,,,,,,,,,,,,,,,,,,,,,,0,,0,14,3,,,0.5,0.8888888888888888,0.8212121212121213,,0.11855670103092783,0.4541010320478353
143,12,2013-03-15 14:55:16,5,219,,,158,117707,5,4.0,0,3.3,,5.09,16,106.0,1,26648,2,21,3,0,1,1,,9286.31,1,,,,,,,,,,,,,0.0,0.0,,,,,,,,,,,0,,0,14,3,,,1.0,0.8888888888888888,1.0,,0.4072164948453608,0.8560564910374983
144,12,2013-03-15 14:55:16,5,219,,,158,121983,5,4.5,1,2.77,,5.38,31,174.0,1,26648,2,21,3,0,1,1,,9285.44,1,,,,,,,,,,,,,1.0,0.0,6.0,,,,,,,,,,0,,0,14,3,,,1.0,1.0,0.8393939393939395,,0.7577319587628866,0.8087995654536314
145,12,2013-03-15 14:55:16,5,219,,,158,129310,3,3.5,0,0.0,0.0476,3.75,1,27.0,0,26648,2,21,3,0,1,1,,9283.62,1,,,,,,,,,,,,,,,,,,,,,,,,,1,,0,14,3,,,0.0,0.7777777777777778,0.0,0.0,0.0,0.7099402498642928
146,12,2013-03-15 14:55:16,5,219,,,158,139181,3,0.0,0,2.94,,4.46,20,55.0,0,26648,2,21,3,0,1,1,,9286.88,1,,,,,,,,,,,,,,,,,,,,,,,,,0,,0,14,3,,,0.0,0.0,0.890909090909091,,0.14432989690721648,0.8870179250407418
147,17,2012-11-05 19:52:18,18,129,,,31,2196,4,4.5,0,6.83,0.7355,5.58,29,275.11,1,6285,4,194,4,1,2,1,,433.61,1,,,,,,,,,,,,,0.0,0.0,,1.0,0.0,3.0,1.0,0.0,3.0,,,,0,,0,19,11,,,1.0,1.0,0.8571428571428571,0.9235350933676757,0.7229380082374064,0.1826923076923119
148,17,2012-11-05 19:52:18,18,129,,,31,3309,3,3.5,0,6.64,0.3716,4.66,2,150.99,0,6285,4,194,4,1,2,1,,434.25,1,,,,,,,,,,,,,,,,,,,0.0,0.0,,,,,0,,0,19,11,,,0.0,0.5,0.5178571428571425,0.33773341918866706,0.06753617066216085,0.7980769230769357
149,17,2012-11-05 19:52:18,18,129,,,31,11331,4,4.0,0,6.89,0.7774,5.17,6,305.82,0,6285,4,194,4,1,2,1,,433.88,1,,,,,,,,,,,,,0.0,0.0,,,,,,,,,,,0,,0,19,11,,,1.0,0.75,0.9642857142857135,0.9909851899549259,0.8850987432675045,0.4423076923076881
150,17,2012-11-05 19:52:18,18,129,,,31,17795,4,4.0,0,6.87,0.7659,5.5,25,271.27,1,6285,4,194,4,1,2,1,,433.97,1,,,,,,,,,,,,,,,,1.0,0.0,11.0,1.0,0.0,220.0,,,,0,,0,19,11,,,1.0,0.75,0.9285714285714286,0.9724726336123634,0.7026613158728482,0.5288461538461833
151,17,2012-11-05 19:52:18,18,129,,,31,21770,3,4.5,0,6.73,0.6478,5.12,14,168.91,0,6285,4,194,4,1,2,1,,433.46,1,,,,,,,,,,,,,1.0,0.0,10.0,,,,1.0,0.0,24.0,,,,0,,0,19,11,,,0.0,1.0,0.6785714285714294,0.7823567289117838,0.16216073503009826,0.038461538461504824
152,17,2012-11-05 19:52:18,18,129,,,31,23984,4,4.0,0,6.9,0.6856,5.33,10,327.58,0,6285,4,194,4,1,2,1,,433.82,1,,,,,,,,,,,,,-1.0,0.0,30.0,-1.0,0.0,30.0,1.0,0.0,148.0,,,,0,,0,19,11,,,1.0,0.75,0.9821428571428575,0.8432066967160335,1.0,0.3846153846153762
153,17,2012-11-05 19:52:18,18,129,,,31,28503,4,4.5,0,6.87,0.6705,5.55,21,203.45,0,6285,4,194,4,1,2,1,,434.08,1,,,,,,,,,,,,,0.0,0.0,,0.0,0.0,,0.0,0.0,,,,,0,,0,19,11,,,1.0,1.0,0.9285714285714286,0.8188989053444945,0.3445453585383884,0.6346153846153763
154,17,2012-11-05 19:52:18,18,129,,,31,35054,4,3.5,0,6.75,0.7072,5.52,22,310.94,0,6285,4,194,4,1,2,1,,433.56,1,,,,,,,,,,,,,0.0,0.0,,0.0,0.0,,0.0,0.0,,,,,0,,0,19,11,,,1.0,0.5,0.7142857142857143,0.8779781068898908,0.9121343330869153,0.1346153846153762
155,17,2012-11-05 19:52:18,18,129,,,31,43549,3,4.0,0,6.89,0.7204,5.34,19,189.38,1,6285,4,194,4,1,2,1,,433.8,1,,,,,,,,,,,,,0.0,0.0,,,,,0.0,0.0,,,,,0,,0,19,11,,,0.0,0.75,0.9642857142857135,0.8992273019961365,0.27025029042137505,0.3653846153846238
156,17,2012-11-05 19:52:18,18,129,,,31,45379,3,4.0,0,6.7,0.6259,5.03,30,278.95,0,6285,4,194,4,1,2,1,,433.56,1,,,,,,,,,,,,,0.0,0.0,,,,,0.0,0.0,,,,,0,,0,19,11,,,0.0,0.75,0.6250000000000004,0.747102382485512,0.7432147006019644,0.1346153846153762
157,17,2012-11-05 19:52:18,18,129,,,31,56046,4,4.0,0,6.69,0.6168,5.0,9,229.05,0,6285,4,194,4,1,2,1,,433.43,1,,,,,,,,,,,,,0.0,0.0,,0.0,0.0,,,1.0,,,,,0,,0,19,11,,,1.0,0.75,0.607142857142858,0.7324533161622666,0.4797233076354421,0.009615384615376206
158,17,2012-11-05 19:52:18,18,129,,,31,58295,4,4.5,1,6.89,0.7829999999999999,5.67,4,323.74,0,6285,4,194,4,1,2,1,,433.88,1,,,,,,,,,,,,,-1.0,0.0,15.0,-1.0,0.0,15.0,,1.0,,,,,0,,0,19,11,,,1.0,1.0,0.9642857142857135,1.0,0.9797233076354421,0.4423076923076881
159,17,2012-11-05 19:52:18,18,129,,,31,66095,4,3.5,0,6.88,0.7731,5.23,26,235.44,1,6285,4,194,4,1,2,1,,433.96,1,,,,,,,,,,,,,,,,-1.0,0.0,9.0,,1.0,,,,,0,,0,19,11,,,1.0,0.5,0.9464285714285711,0.9840631036703155,0.5134649910233394,0.5192307692307524
160,17,2012-11-05 19:52:18,18,129,,,31,66890,4,4.0,1,6.7,0.5063,5.31,35,255.92,1,6285,4,194,4,1,2,1,,434.23,1,,,,,,,,,,,,,0.0,0.0,,0.0,0.0,,0.0,0.0,,,,,0,,0,19,11,,,1.0,0.75,0.6250000000000004,0.5545717965228589,0.6216073503009821,0.7788461538461833
161,17,2012-11-05 19:52:18,18,129,,,31,73557,3,4.0,0,6.79,0.7462,5.15,7,174.02,0,6285,4,194,4,1,2,1,,433.67,1,,,,,,,,,,,,,0.0,0.0,,,,,-1.0,0.0,5.0,,,,0,,0,19,11,,,0.0,0.75,0.7857142857142857,0.9407598197037992,0.18914352096314302,0.2403846153846238
162,17,2012-11-05 19:52:18,18,129,,,31,73790,3,4.0,0,6.69,0.6081,5.15,34,197.06,0,6285,4,194,4,1,2,1,,433.42,1,,,,,,,,,,,,,0.0,0.0,,1.0,0.0,16.0,,,,,,,0,,0,19,11,,,0.0,0.75,0.607142857142858,0.7184481648422408,0.3108036751504912,0.0
163,17,2012-11-05 19:52:18,18,129,,,31,78834,3,4.5,0,6.91,0.6483,5.58,12,299.42,0,6285,4,194,4,1,2,1,,433.81,1,,,,,,,,,,,,,-1.0,0.0,18.0,-1.0,0.0,18.0,-1.0,0.0,18.0,,,,0,,0,19,11,,,0.0,1.0,1.0,0.7831616226658081,0.8513042559932412,0.375
164,17,2012-11-05 19:52:18,18,129,,,31,82886,4,4.5,0,6.9,0.7496,5.34,3,202.18,1,6285,4,194,4,1,2,1,,433.88,1,,,,,,,,,,,,,0.0,0.0,,0.0,0.0,,0.0,0.0,,,,,0,,0,19,11,,,1.0,1.0,0.9821428571428575,0.9462330972311657,0.3378392649699019,0.4423076923076881
165,17,2012-11-05 19:52:18,18,129,,,31,83594,3,4.0,0,6.76,0.7088,5.1,33,179.14,0,6285,4,194,4,1,2,1,,433.61,1,,,,,,,,,,,,,1.0,0.0,4.0,,1.0,,1.0,0.0,3.0,,,,0,,0,19,11,,,0.0,0.75,0.7321428571428568,0.8805537669027688,0.21617911078255359,0.1826923076923119
166,17,2012-11-05 19:52:18,18,129,,,31,84999,3,4.5,0,6.8,0.767,5.15,20,243.12,0,6285,4,194,4,1,2,1,,433.66,1,,,,,,,,,,,,,,,,,,,,,,,,,0,,0,19,11,,,0.0,1.0,0.8035714285714282,0.974243399871217,0.5540183757524555,0.23076923076924757
167,17,2012-11-05 19:52:18,18,129,,,31,85819,3,3.0,0,6.35,0.1618,5.06,15,138.2,0,6285,4,194,4,1,2,1,,434.43,1,,,,,,,,,,,,,0.0,0.0,,,,,,,,,,,0,,0,19,11,,,0.0,0.25,0.0,0.0,0.0,0.9711538461538713
168,17,2012-11-05 19:52:18,18,129,,,31,87596,3,2.5,0,6.91,0.727,5.07,28,182.98,0,6285,4,194,4,1,2,1,,433.87,1,,,,,,,,,,,,,,,,,,,,,,,,,1,,0,19,11,,,0.0,0.0,1.0,0.9098518995492594,0.23645580314711165,0.4326923076923119
169,17,2012-11-05 19:52:18,18,129,,,31,90634,4,4.0,0,6.4,0.1864,5.54,1,185.54,1,6285,4,194,4,1,2,1,,434.46,1,,,,,,,,,,,,,0.0,0.0,,0.0,0.0,,0.0,0.0,,,,,0,,0,19,11,,,1.0,0.75,0.08928571428571548,0.03960077269800388,0.24997359805681701,1.0
170,17,2012-11-05 19:52:18,18,129,,,31,91671,3,4.0,0,6.74,0.7005,5.14,8,225.21,0,6285,4,194,4,1,2,1,,433.54,1,,,,,,,,,,,,,0.0,0.0,,,,,,,,,,,0,,0,19,11,,,0.0,0.75,0.6964285714285718,0.8671925305859626,0.45944661527088404,0.11538461538462379
171,17,2012-11-05 19:52:18,18,129,,,31,101782,4,4.0,0,6.9,0.7543,5.7,32,231.61,1,6285,4,194,4,1,2,1,,433.87,1,,,,,,,,,,,,,0.0,0.0,,0.0,0.0,,0.0,0.0,,,,,0,,0,19,11,,,1.0,0.75,0.9821428571428575,0.9537990985189956,0.49324110254514747,0.4326923076923119
172,17,2012-11-05 19:52:18,18,129,,,31,104381,4,4.0,0,6.74,0.6728,5.3,24,262.32,0,6285,4,194,4,1,2,1,,433.67,1,,,,,,,,,,,,,0.0,0.0,,0.0,0.0,,,,,,,,0,,0,19,11,,,1.0,0.75,0.6964285714285718,0.822601416613007,0.6554018375752456,0.2403846153846238
173,17,2012-11-05 19:52:18,18,129,,,31,114872,4,4.5,0,6.82,0.7505,5.73,18,225.21,0,6285,4,194,4,1,2,1,,433.61,1,,,,,,,,,,,,,,,,,,,,,,,,,0,,0,19,11,,,1.0,1.0,0.8392857142857146,0.9476819059884096,0.45944661527088404,0.1826923076923119
174,17,2012-11-05 19:52:18,18,129,,,31,116414,3,3.0,0,6.89,0.7614,5.22,13,165.07,0,6285,4,194,4,1,2,1,,433.92,1,,,,,,,,,,,,,0.0,0.0,,,,,,,,,,,0,,0,19,11,,,0.0,0.25,0.9642857142857135,0.9652285898261428,0.14188404266554022,0.4807692307692476
175,17,2012-11-05 19:52:18,18,129,,,31,119357,3,4.0,0,6.88,0.7592,5.04,27,190.66,0,6285,4,194,4,1,2,1,,433.98,1,,,,,,,,,,,,,0.0,0.0,,1.0,0.0,3.0,1.0,1.0,7.0,,,,0,,0,19,11,,,0.0,0.75,0.9464285714285711,0.9616870573084352,0.27700918787622775,0.5384615384615595
176,17,2012-11-05 19:52:18,18,129,,,31,122245,3,3.5,0,6.72,0.6225,5.12,16,221.37,0,6285,4,194,4,1,2,1,,433.69,1,,,,,,,,,,,,,-1.0,0.0,4.0,,,,,,,,,,0,,0,19,11,,,0.0,0.5,0.6607142857142854,0.7416291049581456,0.439169922906326,0.2596153846153762
177,17,2012-11-05 19:52:18,18,129,,,31,136312,4,4.0,0,6.91,0.7394,5.49,31,301.98,0,6285,4,194,4,1,2,1,,433.89,1,,,,,,,,,,,,,0.0,0.0,,0.0,0.0,,0.0,0.0,,,,,0,,0,19,11,,,1.0,0.75,1.0,0.9298132646490662,0.8648220509029466,0.4519230769230643
178,25,2012-12-11 13:03:42,5,219,,,219,2863,3,4.0,1,1.95,0.027000000000000003,4.51,1,68.0,0,3735,1,0,2,0,1,0,,766.18,0,,,,0.0,0.0,,0.0,0.0,,,,,0.0,0.0,,,,,,,,0.0,0.0,,0,,0,13,12,,,0.5,0.6,0.49027237354085607,0.0675503441243946,0.36607142857142855,0.6890343698854196
179,25,2012-12-11 13:03:42,5,219,,,219,12255,2,4.5,1,2.4,0.0078,4.75,13,78.0,0,3735,1,0,2,0,1,0,,766.53,0,,,,0.0,0.0,,0.0,0.0,,,,,,,,,,,,,,0.0,0.0,,0,,0,13,12,,,0.0,0.8,0.6653696498054475,0.01860820800407851,0.45535714285714285,0.7463175122749485
180,25,2012-12-11 13:03:42,5,219,,,219,20707,4,4.0,0,2.2,0.08900000000000001,4.87,2,48.0,1,3735,1,0,2,0,1,0,,767.4,0,,,,,,,,,,,,,,,,,,,,,,,,,0,,0,13,12,,,1.0,0.6,0.5875486381322959,0.22559265867958198,0.1875,0.8887070376431977
181,25,2012-12-11 13:03:42,5,219,,,219,22710,3,3.5,0,2.2,0.1054,4.4,10,47.0,1,3735,1,0,2,0,1,0,,766.48,0,,,,0.0,0.0,,0.0,0.0,,,,,1.0,0.0,17.0,,,,,,,0.0,0.0,,0,,0,13,12,,,0.5,0.4,0.5875486381322959,0.2673973999490186,0.17857142857142858,0.7381342062193095
182,25,2012-12-11 13:03:42,5,219,,,219,23228,4,4.0,0,3.26,0.3676,4.44,22,42.0,1,3735,1,0,2,0,1,0,,767.86,0,,,,0.0,0.0,,0.0,0.0,,,,,0.0,0.0,,,,,,,,0.0,0.0,,1,47.1,1,13,12,,,1.0,0.6,1.0,0.9357634463420851,0.13392857142857142,0.9639934533551511
183,25,2012-12-11 13:03:42,5,219,,,219,30829,2,3.5,1,1.39,0.0034,4.22,29,55.0,0,3735,1,0,2,0,1,0,,767.03,0,,,,0.0,0.0,,0.0,0.0,,,,,,,,,,,,,,0.0,0.0,,0,,0,13,12,,,0.0,0.4,0.2723735408560311,0.007392301809839409,0.25,0.8281505728314131
184,25,2012-12-11 13:03:42,5,219,,,219,50684,3,3.5,1,1.61,0.0014,4.85,30,110.0,0,3735,1,0,2,0,1,0,,764.04,0,,,,0.0,0.0,,-1.0,0.0,7.0,,,,0.0,0.0,,,,,,,,0.0,0.0,,0,,0,13,12,,,0.5,0.4,0.3579766536964981,0.0022941626306398166,0.7410714285714286,0.33878887070375313
185,25,2012-12-11 13:03:42,5,219,,,219,53298,2,3.5,0,3.14,0.0655,4.54,24,53.0,1,3735,1,0,2,0,1,0,,767.92,0,,,,0.0,0.0,,0.0,0.0,,,,,,,,,,,,,,0.0,0.0,,0,,0,13,12,,,0.0,0.4,0.9533073929961091,0.16568952332398676,0.23214285714285715,0.9738134206219179
186,25,2012-12-11 13:03:42,5,219,,,219,54036,3,4.5,1,1.79,0.005,4.87,35,109.0,0,3735,1,0,2,0,1,0,,765.87,0,,,,,,,0.0,0.0,,,,,0.0,0.0,,,,,,,,0.0,0.0,,0,,0,13,12,,,0.5,0.8,0.42801556420233466,0.011470813153199083,0.7321428571428571,0.6382978723404203
187,25,2012-12-11 13:03:42,5,219,,,219,54226,4,4.0,0,1.79,0.0559,4.76,4,45.0,0,3735,1,0,2,0,1,0,,767.26,0,,,,0.0,0.0,,0.0,0.0,,,,,0.0,0.0,,,,,,,,0.0,0.0,,0,,0,13,12,,,1.0,0.6,0.42801556420233466,0.1412184552638287,0.16071428571428573,0.8657937806873898
188,25,2012-12-11 13:03:42,5,219,,,219,56370,2,3.5,1,1.39,0.0034,4.32,28,65.0,0,3735,1,0,2,0,1,0,,767.02,0,,,,1.0,0.0,7.0,1.0,0.0,7.0,,,,,,,,,,,,,1.0,0.0,7.0,0,,0,13,12,,,0.0,0.4,0.2723735408560311,0.007392301809839409,0.3392857142857143,0.8265139116202853
189,25,2012-12-11 13:03:42,5,219,,,219,61189,3,4.0,0,1.39,0.0148,4.21,27,40.0,0,3735,1,0,2,0,1,0,,763.54,0,,,,0.0,0.0,,0.0,0.0,,,,,0.0,0.0,,,,,,,,0.0,0.0,,0,,0,13,12,,,0.5,0.6,0.2723735408560311,0.036451695131277086,0.11607142857142858,0.2569558101472885
190,25,2012-12-11 13:03:42,5,219,,,219,61885,3,3.5,1,1.79,0.0061,5.72,36,139.0,0,3735,1,0,2,0,1,0,,766.02,0,,,,0.0,0.0,,0.0,0.0,,,,,0.0,0.0,,,,,,,,0.0,0.0,,0,,0,13,12,,,0.5,0.4,0.42801556420233466,0.01427478970175886,1.0,0.6628477905073561
191,25,2012-12-11 13:03:42,5,219,,,219,63731,3,5.0,1,0.69,0.0005,5.27,33,119.0,0,3735,1,0,2,0,1,0,,761.97,0,,,,0.0,0.0,,0.0,0.0,,,,,-1.0,0.0,16.0,,,,,,,-1.0,0.0,16.0,0,,0,13,12,,,0.5,1.0,0.0,0.0,0.8214285714285714,0.0
192,25,2012-12-11 13:03:42,5,219,,,219,65623,3,4.0,1,2.3,0.0153,4.92,9,110.0,0,3735,1,0,2,0,1,0,,766.33,0,,,,0.0,0.0,,-1.0,0.0,4.0,,,,0.0,0.0,,,,,,,,0.0,0.0,,0,,0,13,12,,,0.5,0.6,0.6264591439688716,0.03772622992607698,0.7410714285714286,0.7135842880523738
193,25,2012-12-11 13:03:42,5,219,,,219,66171,3,4.0,1,2.08,0.0181,4.41,6,65.0,0,3735,1,0,2,0,1,0,,766.33,0,,,,0.0,0.0,,-1.0,0.0,4.0,,,,,,,,,,,,,0.0,0.0,,0,,0,13,12,,,0.5,0.6,0.5408560311284047,0.044863624776956414,0.3392857142857143,0.7135842880523738
194,25,2012-12-11 13:03:42,5,219,,,219,66209,4,4.0,1,3.26,0.2481,4.17,19,32.0,1,3735,1,0,2,0,1,0,,767.78,0,,,,0.0,0.0,,0.0,0.0,,,,,0.0,0.0,,,,,,,,0.0,0.0,,0,,0,13,12,,,1.0,0.6,1.0,0.6311496303849095,0.044642857142857144,0.9509001636661101
195,25,2012-12-11 13:03:42,5,219,,,219,68528,4,4.0,0,2.08,0.205,4.29,7,49.0,1,3735,1,0,2,0,1,0,,766.29,0,,,,0.0,0.0,,0.0,0.0,,,,,0.0,0.0,,,,,,,,0.0,0.0,,0,,0,13,12,,,1.0,0.6,0.5408560311284047,0.5212847310731583,0.19642857142857142,0.707037643207844
196,25,2012-12-11 13:03:42,5,219,,,219,69645,2,3.5,1,1.39,0.0012,4.18,32,75.0,0,3735,1,0,2,0,1,0,,762.43,0,,,,0.0,0.0,,0.0,0.0,,,,,,,,,,,,,,0.0,0.0,,0,,0,13,12,,,0.0,0.4,0.2723735408560311,0.0017843487127198571,0.42857142857142855,0.07528641571193481
197,25,2012-12-11 13:03:42,5,219,,,219,79870,2,4.0,1,2.2,0.1053,4.06,8,37.0,1,3735,1,0,2,0,1,0,,766.48,0,,,,0.0,0.0,,0.0,0.0,,,,,,,,,,,,,,0.0,0.0,,0,,0,13,12,,,0.0,0.6,0.5875486381322959,0.26714249299005866,0.08928571428571429,0.7381342062193095
198,25,2012-12-11 13:03:42,5,219,,,219,81772,3,3.5,0,3.22,0.2775,4.16,18,29.0,0,3735,1,0,2,0,1,0,,768.08,0,,,,0.0,0.0,,0.0,0.0,,,,,0.0,0.0,,,,,,,,0.0,0.0,,0,,0,13,12,,,0.5,0.4,0.9844357976653698,0.7060922763191436,0.017857142857142856,1.0
199,25,2012-12-11 13:03:42,5,219,,,219,83281,2,3.5,1,2.08,0.0555,4.37,12,45.0,0,3735,1,0,2,0,1,0,,767.35,0,,,,1.0,0.0,11.0,0.0,0.0,,,,,0.0,0.0,,,,,,,,0.0,0.0,,0,,0,13,12,,,0.0,0.4,0.5408560311284047,0.14019882742798878,0.16071428571428573,0.8805237315875587
200,25,2012-12-11 13:03:42,5,219,,,219,88629,2,2.5,1,0.69,0.0017,4.23,31,35.0,0,3735,1,0,2,0,1,0,,768.04,0,,,,0.0,0.0,,,,,,,,,,,,,,,,,,,,0,,0,13,12,,,0.0,0.0,0.0,0.003058883507519755,0.07142857142857142,0.9934533551554702
201,25,2012-12-11 13:03:42,5,219,,,219,91587,3,4.5,1,1.61,0.0213,4.93,3,129.0,0,3735,1,0,2,0,1,0,,766.24,0,,,,0.0,0.0,,-1.0,0.0,10.0,,,,0.0,0.0,,,,,,,,0.0,0.0,,0,,0,13,12,,,0.5,0.8,0.3579766536964981,0.05302064746367576,0.9107142857142857,0.6988543371522049
202,25,2012-12-11 13:03:42,5,219,,,219,112716,4,4.0,0,1.61,0.0512,4.42,14,48.0,0,3735,1,0,2,0,1,0,,764.98,0,,,,0.0,0.0,,0.0,0.0,,,,,0.0,0.0,,,,,,,,0.0,0.0,,0,,0,13,12,,,1.0,0.6,0.3579766536964981,0.12923782819270968,0.1875,0.4926350245499156
203,25,2012-12-11 13:03:42,5,219,,,219,118859,3,4.0,1,3.26,0.3584,4.45,21,27.0,1,3735,1,0,2,0,1,0,,767.93,0,,,,1.0,0.0,19.0,0.0,0.0,,,,,0.0,0.0,,,,,,,,0.0,0.0,,0,,0,13,12,,,0.5,0.6,1.0,0.9123120061177671,0.0,0.9754500818330457
204,25,2012-12-11 13:03:42,5,219,,,219,120046,4,4.0,0,3.26,0.0955,4.68,16,50.0,0,3735,1,0,2,0,1,0,,767.68,0,,,,0.0,0.0,,0.0,0.0,,,,,0.0,0.0,,,,,,,,0.0,0.0,,0,,0,13,12,,,1.0,0.6,1.0,0.24216161101198064,0.20535714285714285,0.9345335515548134
205,25,2012-12-11 13:03:42,5,219,,,219,120328,2,3.5,1,1.79,0.0061,4.52,34,62.0,0,3735,1,0,2,0,1,0,,766.02,0,,,,0.0,0.0,,0.0,0.0,,,,,,,,,,,,,,0.0,0.0,,0,,0,13,12,,,0.0,0.4,0.42801556420233466,0.01427478970175886,0.3125,0.6628477905073561
206,25,2012-12-11 13:03:42,5,219,,,219,122279,2,3.0,1,3.04,0.008,4.2,26,38.0,0,3735,1,0,2,0,1,0,,767.34,0,,,,0.0,0.0,,0.0,0.0,,,,,0.0,0.0,,,,,,,,0.0,0.0,,0,,0,13,12,,,0.0,0.2,0.9143968871595332,0.01911802192199847,0.09821428571428571,0.8788870703764309
207,25,2012-12-11 13:03:42,5,219,,,219,125384,3,3.5,1,2.77,0.0071,4.49,25,60.0,0,3735,1,0,2,0,1,0,,767.08,0,,,,0.0,0.0,,0.0,0.0,,,,,1.0,0.0,16.0,,,,,,,0.0,0.0,,0,,0,13,12,,,0.5,0.4,0.8093385214007783,0.016823859291358656,0.29464285714285715,0.8363338788870708
208,25,2012-12-11 13:03:42,5,219,,,219,126136,4,4.0,0,3.26,0.3928,4.65,20,39.0,0,3735,1,0,2,0,1,0,,767.93,0,,,,0.0,0.0,,1.0,0.0,2.0,,,,0.0,0.0,,,,,,,,0.0,0.0,,0,,0,13,12,,,1.0,0.6,1.0,1.0,0.10714285714285714,0.9754500818330457
209,25,2012-12-11 13:03:42,5,219,,,219,126803,2,4.0,1,1.61,,4.18,15,60.0,0,3735,1,0,2,0,1,0,,767.55,0,,,,0.0,0.0,,0.0,0.0,,,,,,,,,,,,,,0.0,0.0,,0,,0,13,12,,,0.0,0.6,0.3579766536964981,,0.29464285714285715,0.9132569558101333
210,25,2012-12-11 13:03:42,5,219,,,219,133065,3,5.0,1,1.79,0.006,4.75,37,109.0,0,3735,1,0,2,0,1,0,,765.76,0,,,,,,,0.0,0.0,,,,,0.0,0.0,,,,,,,,0.0,0.0,,0,,0,13,12,,,0.5,1.0,0.42801556420233466,0.014019882742798879,0.7321428571428571,0.6202945990179959
211,29,2013-02-26 19:42:22,18,129,,,219,1722,3,4.0,0,5.72,0.1136,5.81,1,248.17,1,5143,6,144,5,0,1,0,,3748.9,0,,,,,,,,,,,,,,,,,,,,,,,,,1,1927.64,1,19,2,,,0.3333333333333333,0.8,0.911660777385159,0.5312941176470588,0.0,0.9705882352941423
212,29,2013-02-26 19:42:22,18,129,,,219,3858,4,4.5,0,5.7,0.1296,5.91,14,689.66,0,5143,6,144,5,0,1,0,,3747.89,0,,,,,,,,,,,,,,,,,,,,,,,,,0,,0,19,2,,,0.6666666666666666,0.9,0.9045936395759718,0.6065882352941177,0.40723351658487994,0.59926470588227
213,29,2013-02-26 19:42:22,18,129,,,219,7523,4,0.0,1,5.82,0.1251,5.82,13,566.88,0,5143,6,144,5,0,1,0,,3748.71,0,,,,,,,,,,,,,,,,,,,,,,,,,0,,0,19,2,,,0.6666666666666666,0.0,0.9469964664310956,0.5854117647058823,0.29398037117662257,0.9007352941176464
214,29,2013-02-26 19:42:22,18,129,,,219,7880,4,4.5,1,5.88,0.2132,6.21,6,519.85,0,5143,6,144,5,0,1,0,,3748.29,0,,,,,,,,,,,,,,,,,,,,,,,,,0,,0,19,2,,,0.6666666666666666,0.9,0.9681978798586572,1.0,0.2505995646238425,0.746323529411726
215,29,2013-02-26 19:42:22,18,129,,,219,31336,4,4.0,1,5.52,0.0758,5.96,11,441.48,0,5143,6,144,5,0,1,0,,3748.98,0,,,,,,,,,,,,,,,,,,,,,,,,,0,,0,19,2,,,0.6666666666666666,0.8,0.8409893992932861,0.35341176470588237,0.17831051913072357,1.0
216,29,2013-02-26 19:42:22,18,129,,,219,32060,4,4.5,1,5.69,0.124,5.89,3,433.65,1,5143,6,144,5,0,1,0,,3747.88,0,,,,,,,,,,,,,,,,,,,,,,,,,0,,0,19,2,,,0.6666666666666666,0.9,0.9010600706713783,0.5802352941176471,0.17108807143120688,0.5955882352941213
217,29,2013-02-26 19:42:22,18,129,,,219,36871,4,4.0,1,5.78,0.146,6.11,15,591.69,0,5143,6,144,5,0,1,0,,3747.98,0,,,,,,,,,,,,,,,,,,,,,,,,,0,,0,19,2,,,0.6666666666666666,0.8,0.932862190812721,0.6837647058823529,0.31686529166512944,0.6323529411764436
218,29,2013-02-26 19:42:22,18,129,,,219,62433,3,4.0,0,5.71,0.1044,5.76,19,1332.29,0,5143,6,144,5,0,1,0,,3748.4,0,,,,,,,,,,,,,,,,,,,,,,,,,0,,0,19,2,,,0.3333333333333333,0.8,0.9081272084805654,0.488,1.0,0.786764705882364
219,29,2013-02-26 19:42:22,18,129,,,219,73452,3,3.5,1,3.14,0.0007,5.49,8,329.15,0,5143,6,144,5,0,1,0,,3746.26,0,,,,,,,,,,,,,,,,,,,,,,,,,0,,0,19,2,,,0.3333333333333333,0.7,0.0,0.0,0.0746965280596244,0.0
220,29,2013-02-26 19:42:22,18,129,,,219,78380,3,4.5,1,5.74,0.13699999999999998,6.21,18,933.91,0,5143,6,144,5,0,1,0,,3747.94,0,,,,,,,,,,,,,,,,,,,,,,,,,0,,0,19,2,,,0.3333333333333333,0.9,0.9187279151943465,0.6414117647058822,0.6325314540825739,0.6176470588235147
221,29,2013-02-26 19:42:22,18,129,,,219,79026,4,4.5,0,5.63,0.0891,5.99,7,428.42,0,5143,6,144,5,0,1,0,,3747.65,0,,,,,,,,,,,,,,,,,,,,,,,,,0,,0,19,2,,,0.6666666666666666,0.9,0.8798586572438163,0.416,0.1662638822270598,0.5110294117646966
222,29,2013-02-26 19:42:22,18,129,,,219,89359,2,2.5,0,5.79,0.1589,5.48,12,350.05,1,5143,6,144,5,0,1,0,,3748.75,0,,,,,,,,,,,,,,,,,,,,,,,,,0,,0,19,2,,,0.0,0.5,0.9363957597173146,0.7444705882352942,0.09397483673394093,0.9154411764705753
223,29,2013-02-26 19:42:22,18,129,,,219,98239,3,4.0,0,5.29,0.0744,5.7,2,389.24,1,5143,6,144,5,0,1,0,,3748.35,0,,,,,,,,,,,,,,,,,,,,,,,,,0,,0,19,2,,,0.3333333333333333,0.8,0.7597173144876326,0.34682352941176464,0.13012397151606836,0.7683823529411193
224,29,2013-02-26 19:42:22,18,129,,,219,114304,5,4.5,1,5.77,0.1924,6.21,17,799.37,0,5143,6,144,5,0,1,0,,3747.94,0,,,,,,,,,,,,,,,,,,,,,,,,,0,,0,19,2,,,1.0,0.9,0.9293286219081272,0.9021176470588235,0.5084308010183376,0.6176470588235147
225,29,2013-02-26 19:42:22,18,129,,,219,126719,4,4.5,0,5.97,0.1746,5.95,5,414.05,0,5143,6,144,5,0,1,0,,3748.34,0,,,,,,,,,,,,,,,,,,,,,,,,,0,,0,19,2,,,0.6666666666666666,0.9,1.0,0.8183529411764706,0.15300889200457518,0.7647058823529707
226,29,2013-02-26 19:42:22,18,129,,,219,135779,5,5.0,0,5.83,0.1156,6.21,9,787.62,1,5143,6,144,5,0,1,0,,3748.64,0,,,,,,,,,,,,,,,,,,,,,,,,,0,,0,19,2,,,1.0,1.0,0.9505300353356891,0.5407058823529411,0.49759251743349453,0.8749999999999373
227,31,2013-05-28 22:05:02,24,216,,,15,1051,4,3.0,0,1.1,,5.7,9,120.83,0,19144,1,214,2,2,1,1,,,1,,,,,,,,,,0.0,0.0,,0.0,0.0,,,,,0.0,0.0,,,,,0,,0,22,5,,,1.0,0.6,0.23554603854389725,,0.41175955134945663,
228,31,2013-05-28 22:05:02,24,216,,,15,6764,2,3.5,1,1.61,0.0148,4.91,4,101.23,0,19144,1,214,2,2,1,1,,,1,,,,0.0,0.0,,,,,0.0,0.0,,0.0,0.0,,0.0,0.0,,0.0,0.0,,,,,1,,0,22,5,,,0.5,0.7,0.3447537473233405,0.147024504084014,0.2400105152471083,
229,31,2013-05-28 22:05:02,24,216,,,15,12321,0,5.0,0,4.55,,4.96,29,187.68,0,19144,1,214,2,2,1,1,,,1,,,,,1.0,,,,,,,,,,,,0.0,,,,,,,,0,,0,22,5,,,0.0,1.0,0.974304068522484,,0.997546442341395,
230,31,2013-05-28 22:05:02,24,216,,,15,18083,4,3.5,1,3.78,,5.31,30,187.96,0,19144,1,214,2,2,1,1,,,1,,,,,,,,,,0.0,0.0,,0.0,0.0,,1.0,0.0,11.0,,,,,,,0,,0,22,5,,,1.0,0.7,0.8094218415417559,,1.0,
231,31,2013-05-28 22:05:02,24,216,,,15,18516,4,4.0,0,3.83,,5.31,21,167.9,0,19144,1,214,2,2,1,1,,,1,,,,,,,,,,,,,-1.0,0.0,42.0,-1.0,0.0,36.0,1.0,0.0,55.0,,,,0,,0,22,5,,,1.0,0.8,0.8201284796573876,,0.8242201191728006,
232,31,2013-05-28 22:05:02,24,216,,,15,23462,4,3.5,0,4.47,,4.98,24,174.26,0,19144,1,214,2,2,1,1,,,1,,,,,,,,,,1.0,0.0,15.0,1.0,0.0,15.0,,,,,,,,,,0,,0,22,5,,,1.0,0.7,0.9571734475374732,,0.8799509288468278,
233,31,2013-05-28 22:05:02,24,216,,,15,28515,3,0.0,0,4.2,,4.83,7,111.88,0,19144,1,214,2,2,1,1,,,1,,,,1.0,0.0,12.0,,,,1.0,0.0,124.0,1.0,0.0,20.0,1.0,0.0,20.0,1.0,0.0,44.0,,,,0,,0,22,5,,,0.75,0.0,0.8993576017130621,,0.33333333333333326,
234,31,2013-05-28 22:05:02,24,216,,,15,47153,4,2.5,0,2.4,,5.17,19,160.84,0,19144,1,214,2,2,1,1,,,1,,,,1.0,0.0,279.0,,,,,,,0.0,0.0,,0.0,0.0,,-1.0,0.0,14.0,,,,0,,0,22,5,,,1.0,0.5,0.5139186295503212,,0.7623554153522607,
235,31,2013-05-28 22:05:02,24,216,,,15,50460,3,3.5,0,4.67,,4.78,13,138.19,0,19144,1,214,2,2,1,1,,,1,,,,,1.0,,,,,1.0,0.0,13.0,0.0,0.0,,,,,1.0,0.0,14.0,,,,0,,0,22,5,,,0.75,0.7,1.0,,0.5638801261829652,
236,31,2013-05-28 22:05:02,24,216,,,15,54904,3,4.5,0,0.0,0.0111,4.8,14,145.44,0,19144,1,214,2,2,1,1,,,1,,,,,,,,,,0.0,1.0,,0.0,0.0,,,,,,,,,,,0,,0,22,5,,,0.75,0.9,0.0,0.10385064177362892,0.627409744128987,
237,31,2013-05-28 22:05:02,24,216,,,15,64019,4,3.5,0,3.22,0.0207,5.31,15,147.68,0,19144,1,214,2,2,1,1,,,1,,,,,,,,,,0.0,0.0,,-1.0,0.0,9.0,,,,,,,,,,0,,0,22,5,,,1.0,0.7,0.689507494646681,0.2158693115519253,0.6470382053978269,
238,31,2013-05-28 22:05:02,24,216,,,15,77827,4,4.0,0,4.42,0.0879,5.18,22,172.91,0,19144,1,214,2,2,1,1,-4.5989,,1,,,,-1.0,0.0,4.0,,,,-1.0,0.0,4.0,-1.0,0.0,4.0,1.0,0.0,173.0,,,,,,,0,,0,22,5,,,1.0,0.8,0.9464668094218416,1.0,0.8681212758499823,
239,31,2013-05-28 22:05:02,24,216,,,15,78635,4,3.0,1,4.56,,5.23,16,150.37,0,19144,1,214,2,2,1,1,,,1,,,,0.0,0.0,,,,,0.0,0.0,,0.0,0.0,,1.0,0.0,12.0,1.0,0.0,12.0,,,,0,,0,22,5,,,1.0,0.6,0.9764453961456102,,0.6706098843322817,
240,31,2013-05-28 22:05:02,24,216,,,15,81183,3,1.5,0,4.44,,4.83,28,184.6,0,19144,1,214,2,2,1,1,,,1,,,,1.0,1.0,25.0,,,,1.0,0.0,25.0,-1.0,0.0,7.0,-1.0,0.0,27.0,,,,,,,0,,0,22,5,,,0.75,0.3,0.9507494646680943,,0.9705573080967401,
241,31,2013-05-28 22:05:02,24,216,,,15,82238,4,3.5,0,4.26,,4.98,27,179.01,0,19144,1,214,2,2,1,1,,,1,,,,1.0,0.0,33.0,,,,-1.0,0.0,9.0,1.0,0.0,200.0,1.0,0.0,37.0,1.0,0.0,30.0,,,,0,,0,22,5,,,1.0,0.7,0.9122055674518201,,0.9215737819838765,
242,31,2013-05-28 22:05:02,24,216,,,15,101799,3,4.5,0,1.1,0.0022,4.85,6,110.76,0,19144,1,214,2,2,1,1,,,1,,,,,,,,,,0.0,0.0,,,1.0,,,,,,,,,,,0,,0,22,5,,,0.75,0.9,0.23554603854389725,0.0,0.32351910269891343,
243,31,2013-05-28 22:05:02,24,216,,,15,101939,4,4.5,1,2.89,0.022000000000000002,5.14,8,114.12,1,19144,1,214,2,2,1,1,-4.1804,,1,,,,1.0,0.0,39.0,,,,1.0,0.0,90.0,1.0,0.0,31.0,,,,,,,,,,0,,0,22,5,,,1.0,0.9,0.6188436830835118,0.23103850641773627,0.35296179460217314,
244,31,2013-05-28 22:05:02,24,216,,,15,105110,3,5.0,0,4.19,,4.53,25,174.53,0,19144,1,214,2,2,1,1,,,1,,,,,,,,,,-1.0,0.0,9.0,1.0,0.0,49.0,,,,,,,,,,0,,0,22,5,,,0.75,1.0,0.8972162740899359,,0.882316859446197,
245,31,2013-05-28 22:05:02,24,216,,,15,110154,4,3.5,0,4.41,,5.18,3,100.69,0,19144,1,214,2,2,1,1,,,1,,,,,,,,,,0.0,0.0,,1.0,0.0,11.0,1.0,0.0,11.0,-1.0,0.0,33.0,,,,0,,0,22,5,,,1.0,0.7,0.9443254817987152,,0.2352786540483701,
246,31,2013-05-28 22:05:02,24,216,,,15,119713,4,4.0,0,1.61,0.0033,5.2,12,134.26,0,19144,1,214,2,2,1,1,,,1,,,,1.0,0.0,54.0,,,,1.0,0.0,40.0,-1.0,0.0,7.0,1.0,0.0,9.0,1.0,0.0,9.0,,,,0,,0,22,5,,,1.0,0.8,0.3447537473233405,0.012835472578763123,0.5294426919032595,
247,31,2013-05-28 22:05:02,24,216,,,15,122877,1,1.5,0,4.04,,5.1,1,73.84,0,19144,1,214,2,2,1,1,,,1,,,,,,,,,,-1.0,0.0,23.0,1.0,0.0,9.0,,,,1.0,0.0,51.0,,,,0,,0,22,5,,,0.25,0.3,0.8650963597430407,,0.0,
248,31,2013-05-28 22:05:02,24,216,,,15,124551,0,3.0,0,3.22,,4.96,10,134.26,0,19144,1,214,2,2,1,1,,,1,,,,,,,,,,,,,,,,,,,,,,,,,0,,0,22,5,,,0.0,0.6,0.689507494646681,,0.5294426919032595,
249,31,2013-05-28 22:05:02,24,216,,,15,126293,0,0.0,0,4.38,,4.97,2,88.36,0,19144,1,214,2,2,1,1,,,1,,,,,,,,,,,,,,,,,,,,,,,,,0,,0,22,5,,,0.0,0.0,0.9379014989293362,,0.1272344900105152,
