,srch_id,date_time,site_id,visitor_location_country_id,visitor_hist_starrating,visitor_hist_adr_usd,prop_country_id,prop_id,prop_starrating,prop_review_score,prop_brand_bool,prop_location_score1,prop_location_score2,prop_log_historical_price,position,price_usd,promotion_flag,srch_destination_id,srch_length_of_stay,srch_booking_window,srch_adults_count,srch_children_count,srch_room_count,srch_saturday_night_bool,srch_query_affinity_score,orig_destination_distance,random_bool,comp1_rate,comp1_inv,comp1_rate_percent_diff,comp2_rate,comp2_inv,comp2_rate_percent_diff,comp3_rate,comp3_inv,comp3_rate_percent_diff,comp4_rate,comp4_inv,comp4_rate_percent_diff,comp5_rate,comp5_inv,comp5_rate_percent_diff,comp6_rate,comp6_inv,comp6_rate_percent_diff,comp7_rate,comp7_inv,comp7_rate_percent_diff,comp8_rate,comp8_inv,comp8_rate_percent_diff,click_bool,gross_bookings_usd,booking_bool,prop_starrating|personal_difference,price_usd|personal_difference,prop_starrating|srch_id_normalized,prop_review_score|srch_id_normalized,prop_location_score1|srch_id_normalized,prop_location_score2|srch_id_normalized,price_usd|srch_id_normalized,orig_destination_distance|srch_id_normalized,prop_starrating|personal_difference|srch_id_normalized,price_usd|personal_difference|srch_id_normalized
0,8,2013-03-20 17:50:44,5,219,,,219,10250,3,3.5,1,1.39,0.0321,4.64,15,82.0,0,7082,1,0,1,0,1,0,,5.4,0,,,,0.0,0.0,,0.0,0.0,,,,,,,,,,,,,,0.0,0.0,,0,,0,,,0.6,0.777777777778,0.442675159236,0.0,0.0829015544041,0.590522478736,,
1,8,2013-03-20 17:50:44,5,219,,,219,13252,4,4.5,1,0.0,,5.49,19,160.0,1,7082,1,0,1,0,1,0,,3.98,0,,,,,,,0.0,0.0,,,,,1.0,0.0,42.0,,,,,,,1.0,0.0,43.0,0,,0,,,0.8,1.0,0.0,,0.487046632124,0.417982989064,,
2,8,2013-03-20 17:50:44,5,219,,,219,22756,4,4.0,1,2.83,0.2251,5.11,10,259.0,0,7082,1,0,1,0,1,0,,4.41,0,,,,0.0,0.0,,-1.0,0.0,7.0,,,,0.0,0.0,7.0,,,,,,,-1.0,0.0,7.0,0,,0,,,0.8,0.888888888889,0.90127388535,0.916429249763,1.0,0.470230862697,,
3,8,2013-03-20 17:50:44,5,219,,,219,27669,3,3.5,1,3.0,0.2107,4.62,16,85.0,0,7082,1,0,1,0,1,0,,4.17,0,,,,,,,0.0,0.0,,,,,,1.0,,,,,,,,0.0,0.0,,1,96.41,1,,,0.6,0.777777777778,0.955414012739,0.848053181387,0.0984455958549,0.441069258809,,
4,8,2013-03-20 17:50:44,5,219,,,219,30630,3,4.0,1,0.0,,4.81,20,109.0,0,7082,1,0,1,0,1,0,,3.69,0,,,,1.0,0.0,4.0,-1.0,0.0,9.0,,,,,,,,,,,,,0.0,0.0,,0,,0,,,0.6,0.888888888889,0.0,,0.222797927461,0.382746051033,,
5,8,2013-03-20 17:50:44,5,219,,,219,32491,3,4.5,1,2.3,0.0516,5.18,6,199.0,0,7082,1,0,1,0,1,0,,4.45,0,,,,,1.0,,,,,,,,,1.0,,,,,,,,,1.0,,0,,0,,,0.6,1.0,0.732484076433,0.0925925925926,0.689119170984,0.475091130012,,
6,8,2013-03-20 17:50:44,5,219,,,219,33805,3,3.5,1,3.14,0.1393,4.89,13,119.0,1,7082,1,0,1,0,1,0,,3.83,0,,,,0.0,0.0,,0.0,0.0,,,,,0.0,0.0,,,,,,,,0.0,0.0,,0,,0,,,0.6,0.777777777778,1.0,0.509021842355,0.274611398964,0.399756986634,,
7,8,2013-03-20 17:50:44,5,219,,,219,35397,3,4.5,1,1.39,0.1,4.82,12,119.0,1,7082,1,0,1,0,1,0,,5.07,0,,,,0.0,0.0,,1.0,0.0,25.0,,,,0.0,0.0,,,,,,,,0.0,0.0,,0,,0,,,0.6,1.0,0.442675159236,0.322412155745,0.274611398964,0.55042527339,,
8,8,2013-03-20 17:50:44,5,219,,,219,39137,2,3.5,1,1.61,0.0813,4.55,14,80.0,0,7082,1,0,1,0,1,0,,4.85,0,,,,0.0,0.0,,0.0,0.0,,,,,0.0,0.0,,,,,,,,0.0,0.0,,0,,0,,,0.4,0.777777777778,0.512738853503,0.233618233618,0.0725388601036,0.523693803159,,
9,8,2013-03-20 17:50:44,5,219,,,219,41497,3,4.5,1,1.79,0.0432,5.1,1,189.0,0,7082,1,0,1,0,1,0,,1.64,0,,,,0.0,0.0,,1.0,0.0,5.0,,,,0.0,0.0,,,,,,,,0.0,0.0,,0,,0,,,0.6,1.0,0.570063694268,0.0527065527066,0.637305699482,0.133657351154,,
10,8,2013-03-20 17:50:44,5,219,,,219,54403,2,3.5,1,0.0,,4.44,22,66.0,0,7082,1,0,1,0,1,0,,8.77,0,,,,0.0,0.0,,0.0,0.0,,,,,0.0,0.0,,,,,,,,0.0,0.0,,0,,0,,,0.4,0.777777777778,0.0,,0.0,1.0,,
11,8,2013-03-20 17:50:44,5,219,,,219,58176,0,0.0,0,1.79,,4.71,25,150.0,0,7082,1,0,1,0,1,0,,0.54,0,,,,,,,,,,,,,,,,,,,,,,,,,0,,0,,,0.0,0.0,0.570063694268,,0.435233160622,0.0,,
12,8,2013-03-20 17:50:44,5,219,,,219,63511,3,4.5,1,1.39,,5.36,21,209.0,0,7082,1,0,1,0,1,0,,1.49,0,,,,0.0,0.0,,0.0,0.0,,,,,0.0,0.0,,,,,,,,0.0,1.0,,0,,0,,,0.6,1.0,0.442675159236,,0.740932642487,0.115431348724,,
13,8,2013-03-20 17:50:44,5,219,,,219,66444,4,4.5,1,1.39,,5.34,18,239.0,0,7082,1,0,1,0,1,0,,1.41,0,,,,,1.0,,,,,,,,,1.0,,,,,,,,,1.0,,0,,0,,,0.8,1.0,0.442675159236,,0.896373056995,0.105710814095,,
14,8,2013-03-20 17:50:44,5,219,,,219,67150,4,4.5,1,2.89,0.2295,5.39,4,259.0,0,7082,1,0,1,0,1,0,,4.34,0,,,,0.0,0.0,,0.0,0.0,,,,,,1.0,,,,,,,,0.0,0.0,,0,,0,,,0.8,1.0,0.920382165605,0.937321937322,1.0,0.461725394897,,
15,8,2013-03-20 17:50:44,5,219,,,219,73738,3,4.5,1,1.39,0.0883,5.14,3,189.0,0,7082,1,0,1,0,1,0,,4.8,0,,,,,,,0.0,0.0,,,,,0.0,0.0,,,,,,,,0.0,0.0,,0,,0,,,0.6,1.0,0.442675159236,0.26685660019,0.637305699482,0.517618469016,,
16,8,2013-03-20 17:50:44,5,219,,,219,83293,3,4.5,1,2.94,0.0731,5.12,2,239.0,0,7082,1,0,1,0,1,0,,4.05,0,,,,,1.0,,,,,,,,,1.0,,,,,,,,,1.0,,0,,0,,,0.6,1.0,0.936305732484,0.194681861349,0.896373056995,0.426488456865,,
17,8,2013-03-20 17:50:44,5,219,,,219,90151,5,4.5,0,2.56,0.1592,5.7,7,259.0,0,7082,1,0,1,0,1,0,,4.52,0,,,,,,,,,,,,,,,,,,,,,,,,,0,,0,,,1.0,1.0,0.815286624204,0.60351377018,1.0,0.483596597813,,
18,8,2013-03-20 17:50:44,5,219,,,219,119302,3,3.5,1,1.95,,4.76,24,93.0,0,7082,1,0,1,0,1,0,,1.16,0,,,,0.0,0.0,,0.0,0.0,,,,,,,,,,,,,,0.0,1.0,,0,,0,,,0.6,0.777777777778,0.62101910828,,0.139896373057,0.0753341433779,,
19,8,2013-03-20 17:50:44,5,219,,,219,125655,3,4.0,1,3.0,0.2427,4.97,9,149.0,0,7082,1,0,1,0,1,0,,4.26,0,,,,0.0,0.0,,0.0,0.0,,,,,0.0,0.0,,,,,,,,0.0,0.0,,0,,0,,,0.6,0.888888888889,0.955414012739,1.0,0.430051813472,0.452004860267,,
20,8,2013-03-20 17:50:44,5,219,,,219,134607,3,4.5,1,1.79,0.0434,4.99,8,189.0,0,7082,1,0,1,0,1,0,,1.61,0,,,,-1.0,0.0,5.0,0.0,0.0,,,,,0.0,0.0,5.0,,,,,,,0.0,0.0,,0,,0,,,0.6,1.0,0.570063694268,0.0536562203229,0.637305699482,0.130012150668,,
21,11,2013-02-25 08:39:33,5,219,,,219,6492,2,4.0,1,2.3,,3.91,36,47.0,0,12610,1,39,2,0,1,1,,284.56,1,,,,1.0,0.0,12.0,0.0,0.0,,,,,,,,,,,,,,1.0,0.0,12.0,0,,0,,,0.0,0.8,0.958333333333,,0.109243697479,0.715179968701,,
22,11,2013-02-25 08:39:33,5,219,,,219,8946,3,4.5,1,1.95,,5.17,19,84.0,0,12610,1,39,2,0,1,1,,288.12,1,,,,0.0,1.0,,0.0,0.0,,,,,1.0,0.0,20.0,,,,,,,0.0,0.0,,0,,0,,,0.5,0.9,0.8125,,0.420168067227,0.993740219092,,
23,11,2013-02-25 08:39:33,5,219,,,219,9952,2,3.0,1,1.61,,4.1,14,50.0,0,12610,1,39,2,0,1,1,,275.55,1,,,,,,,,,,,,,,,,,,,,,,,,,0,,0,,,0.0,0.6,0.670833333333,,0.134453781513,0.010172143975,,
24,11,2013-02-25 08:39:33,5,219,,,219,19470,2,3.5,1,1.39,,4.37,9,60.0,0,12610,1,39,2,0,1,1,,275.42,1,,,,,,,,,,,,,,,,,,,,,,,,,0,,0,,,0.0,0.7,0.579166666667,,0.218487394958,0.0,,
25,11,2013-02-25 08:39:33,5,219,,,219,20499,2,3.5,1,2.2,,4.11,31,45.0,0,12610,1,39,2,0,1,1,,284.67,1,,,,0.0,0.0,,0.0,0.0,,,,,,,,,,,,,,0.0,0.0,,1,,0,,,0.0,0.7,0.916666666667,,0.0924369747899,0.723787167449,,
26,11,2013-02-25 08:39:33,5,219,,,219,24526,3,4.0,1,0.69,0.1099,4.94,2,119.0,0,12610,1,39,2,0,1,1,,278.73,1,,,,0.0,0.0,,0.0,0.0,,,,,0.0,0.0,,,,,,,,0.0,0.0,,0,,0,,,0.5,0.8,0.2875,0.208617971624,0.714285714286,0.258998435055,,
27,11,2013-02-25 08:39:33,5,219,,,219,26421,3,5.0,1,2.08,,5.07,25,89.0,0,12610,1,39,2,0,1,1,,287.79,1,,,,,1.0,,0.0,0.0,,,,,0.0,0.0,,,,,,,,0.0,0.0,,0,,0,,,0.5,1.0,0.866666666667,,0.46218487395,0.967918622848,,
28,11,2013-02-25 08:39:33,5,219,,,219,27675,3,4.5,1,1.1,0.1626,4.7,7,85.0,0,12610,1,39,2,0,1,1,,279.74,1,,,,0.0,0.0,,0.0,0.0,,,,,,,,,,,,,,0.0,0.0,,0,,0,,,0.5,0.9,0.458333333333,0.485549132948,0.428571428571,0.338028169014,,
29,11,2013-02-25 08:39:33,5,219,,,219,28364,3,4.5,1,1.61,0.2046,4.73,3,79.0,0,12610,1,39,2,0,1,1,,280.57,1,,,,0.0,0.0,,0.0,0.0,,,,,0.0,0.0,,,,,,,,0.0,0.0,,0,,0,,,0.5,0.9,0.670833333333,0.706253284288,0.378151260504,0.402973395931,,
30,11,2013-02-25 08:39:33,5,219,,,219,33980,3,5.0,1,1.1,,5.03,13,98.0,0,12610,1,39,2,0,1,1,,283.87,1,,,,,1.0,,0.0,0.0,,,,,0.0,0.0,,,,,,,,0.0,0.0,,0,,0,,,0.5,1.0,0.458333333333,,0.53781512605,0.661189358372,,
31,11,2013-02-25 08:39:33,5,219,,,219,35021,3,4.0,1,2.08,,4.99,26,153.0,0,12610,1,39,2,0,1,1,,287.83,1,,,,0.0,0.0,,,,,,,,,,,,,,,,,0.0,0.0,,0,,0,,,0.5,0.8,0.866666666667,,1.0,0.971048513302,,
32,11,2013-02-25 08:39:33,5,219,,,219,38443,3,4.0,1,2.4,,4.58,18,60.0,0,12610,1,39,2,0,1,1,,284.42,1,,,,-1.0,0.0,10.0,-1.0,1.0,10.0,,,,,,,,,,,,,-1.0,0.0,10.0,0,,0,,,0.5,0.8,1.0,,0.218487394958,0.704225352113,,
33,11,2013-02-25 08:39:33,5,219,,,219,47116,3,4.5,1,2.08,,4.95,22,84.0,0,12610,1,39,2,0,1,1,,287.82,1,,,,0.0,0.0,11.0,0.0,0.0,11.0,,,,,,,,,,,,,0.0,0.0,11.0,0,,0,,,0.5,0.9,0.866666666667,,0.420168067227,0.970266040689,,
34,11,2013-02-25 08:39:33,5,219,,,219,59898,3,0.0,1,2.08,,4.84,32,76.0,0,12610,1,39,2,0,1,1,,288.1,1,,,,,,,0.0,0.0,,,,,,,,,,,,,,0.0,0.0,,0,,0,,,0.5,0.0,0.866666666667,,0.352941176471,0.992175273865,,
35,11,2013-02-25 08:39:33,5,219,,,219,63095,2,3.5,1,1.61,,4.92,33,65.0,0,12610,1,39,2,0,1,1,,287.66,1,,,,0.0,0.0,,0.0,0.0,,,,,0.0,0.0,,,,,,,,0.0,0.0,,0,,0,,,0.0,0.7,0.670833333333,,0.260504201681,0.957746478873,,
36,11,2013-02-25 08:39:33,5,219,,,219,69993,2,2.5,1,2.2,,4.22,27,34.0,0,12610,1,39,2,0,1,1,,284.47,1,,,,0.0,-1.0,,0.0,-1.0,,,,,1.0,-1.0,17.0,,,,,,,0.0,-1.0,,0,,0,,,0.0,0.5,0.916666666667,,0.0,0.70813771518,,
37,11,2013-02-25 08:39:33,5,219,,,219,73511,3,5.0,1,0.0,,4.91,29,75.0,0,12610,1,39,2,0,1,1,,287.02,1,,,,0.0,1.0,,0.0,0.0,,,,,0.0,0.0,,,,,,,,0.0,0.0,,0,,0,,,0.5,1.0,0.0,,0.344537815126,0.907668231612,,
38,11,2013-02-25 08:39:33,5,219,,,219,74499,3,4.5,1,0.69,0.1555,4.68,8,74.0,0,12610,1,39,2,0,1,1,,279.07,1,,,,,,,1.0,0.0,20.0,,,,1.0,0.0,20.0,,,,,,,1.0,0.0,20.0,0,,0,,,0.5,0.9,0.2875,0.44823962165,0.336134453782,0.285602503912,,
39,11,2013-02-25 08:39:33,5,219,,,219,75743,3,4.5,1,0.0,,4.88,24,93.0,0,12610,1,39,2,0,1,1,,276.98,1,,,,,,,,,,,,,,,,,,,,,,,,,0,,0,,,0.5,0.9,0.0,,0.495798319328,0.1220657277,,
40,11,2013-02-25 08:39:33,5,219,,,219,78768,3,5.0,1,2.08,,4.95,12,93.0,0,12610,1,39,2,0,1,1,,287.89,1,,,,,,,-1.0,0.0,9.0,,,,-1.0,0.0,9.0,,,,,,,-1.0,0.0,9.0,0,,0,,,0.5,1.0,0.866666666667,,0.495798319328,0.975743348983,,
41,11,2013-02-25 08:39:33,5,219,,,219,80764,2,3.5,1,1.79,,3.87,21,60.0,0,12610,1,39,2,0,1,1,,283.89,1,,,,0.0,0.0,,,1.0,,,,,,,,,,,,,,-1.0,0.0,10.0,0,,0,,,0.0,0.7,0.745833333333,,0.218487394958,0.662754303599,,
42,11,2013-02-25 08:39:33,5,219,,,219,83769,4,4.5,1,2.08,,5.24,37,123.0,0,12610,1,39,2,0,1,1,,288.09,1,,,,,1.0,,0.0,0.0,,,,,0.0,0.0,,,,,,,,-1.0,0.0,7.0,0,,0,,,1.0,0.9,0.866666666667,,0.747899159664,0.991392801252,,
43,11,2013-02-25 08:39:33,5,219,,,219,85264,2,3.0,1,1.95,,4.31,30,70.0,0,12610,1,39,2,0,1,1,,285.8,1,,,,0.0,0.0,,0.0,0.0,,,,,,,,,,,,,,0.0,0.0,,0,,0,,,0.0,0.6,0.8125,,0.302521008403,0.81220657277,,
44,11,2013-02-25 08:39:33,5,219,,,219,86294,2,3.0,1,2.2,,4.01,28,51.0,0,12610,1,39,2,0,1,1,,284.72,1,,,,0.0,0.0,,0.0,0.0,,,,,,,,,,,,,,0.0,0.0,,0,,0,,,0.0,0.6,0.916666666667,,0.142857142857,0.727699530516,,
45,11,2013-02-25 08:39:33,5,219,,,219,93949,3,4.0,0,1.61,,4.64,35,74.0,0,12610,1,39,2,0,1,1,,287.04,1,,,,0.0,0.0,3.0,0.0,0.0,3.0,,,,,,,,,,,,,-1.0,0.0,10.0,0,,0,,,0.5,0.8,0.670833333333,,0.336134453782,0.909233176839,,
46,11,2013-02-25 08:39:33,5,219,,,219,95615,3,4.5,0,1.39,0.0702,4.64,6,80.0,0,12610,1,39,2,0,1,1,,280.76,1,,,,0.0,0.0,,0.0,0.0,,,,,0.0,0.0,,,,,,,,0.0,0.0,,0,,0,,,0.5,0.9,0.579166666667,0.0,0.386554621849,0.417840375587,,
47,11,2013-02-25 08:39:33,5,219,,,219,100969,4,4.5,0,1.39,,4.98,16,89.0,1,12610,1,39,2,0,1,1,,287.77,1,,,,1.0,0.0,25.0,0.0,0.0,,,,,,,,,,,,,,1.0,0.0,25.0,0,,0,,,1.0,0.9,0.579166666667,,0.46218487395,0.966353677621,,
48,11,2013-02-25 08:39:33,5,219,,,219,102705,3,5.0,1,1.39,0.2323,4.86,4,87.0,0,12610,1,39,2,0,1,1,,280.41,1,,,,,1.0,,0.0,0.0,,,,,1.0,0.0,9.0,,,,,,,0.0,0.0,,0,,0,,,0.5,1.0,0.579166666667,0.851812926957,0.445378151261,0.390453834116,,
49,11,2013-02-25 08:39:33,5,219,,,219,114096,3,4.0,1,1.61,,4.98,34,62.0,0,12610,1,39,2,0,1,1,,288.2,1,,,,0.0,0.0,,0.0,0.0,,,,,1.0,0.0,107.0,,,,,,,0.0,0.0,,0,,0,,,0.5,0.8,0.670833333333,,0.235294117647,1.0,,
50,11,2013-02-25 08:39:33,5,219,,,219,122888,3,4.5,1,1.1,0.2605,4.89,1,71.0,0,12610,1,39,2,0,1,1,,281.08,1,,,,0.0,1.0,,0.0,0.0,,,,,0.0,0.0,,,,,,,,0.0,0.0,,0,,0,,,0.5,0.9,0.458333333333,1.0,0.310924369748,0.442879499218,,
51,11,2013-02-25 08:39:33,5,219,,,219,124104,3,4.0,1,1.1,,4.64,10,85.0,0,12610,1,39,2,0,1,1,,275.81,1,,,,,,,,,,,,,,,,,,,,,,,,,0,,0,,,0.5,0.8,0.458333333333,,0.428571428571,0.0305164319249,,
52,11,2013-02-25 08:39:33,5,219,,,219,134563,3,4.0,1,2.2,,4.73,20,73.0,0,12610,1,39,2,0,1,1,,284.5,1,,,,0.0,0.0,,0.0,0.0,,,,,0.0,0.0,,,,,,,,0.0,0.0,,0,,0,,,0.5,0.8,0.916666666667,,0.327731092437,0.71048513302,,
53,11,2013-02-25 08:39:33,5,219,,,219,136184,3,4.0,0,2.2,,4.59,15,81.0,0,12610,1,39,2,0,1,1,,284.78,1,,,,0.0,0.0,,0.0,0.0,,,,,,,,,,,,,,0.0,0.0,,0,,0,,,0.5,0.8,0.916666666667,,0.394957983193,0.732394366197,,
54,17,2012-11-05 19:52:18,18,129,,,31,2196,4,4.5,0,6.83,0.7355,5.58,29,275.11,1,6285,4,194,4,1,2,1,,433.61,1,,,,,,,,,,,,,0.0,0.0,,1.0,0.0,3.0,1.0,0.0,3.0,,,,0,,0,,,1.0,1.0,0.857142857143,0.923535093368,0.722938008237,0.182692307692,,
55,17,2012-11-05 19:52:18,18,129,,,31,3309,3,3.5,0,6.64,0.3716,4.66,2,150.99,0,6285,4,194,4,1,2,1,,434.25,1,,,,,,,,,,,,,,,,,,,0.0,0.0,,,,,0,,0,,,0.0,0.5,0.517857142857,0.337733419189,0.0675361706622,0.798076923077,,
56,17,2012-11-05 19:52:18,18,129,,,31,11331,4,4.0,0,6.89,0.7774,5.17,6,305.82,0,6285,4,194,4,1,2,1,,433.88,1,,,,,,,,,,,,,0.0,0.0,,,,,,,,,,,0,,0,,,1.0,0.75,0.964285714286,0.990985189955,0.885098743268,0.442307692308,,
57,17,2012-11-05 19:52:18,18,129,,,31,17795,4,4.0,0,6.87,0.7659,5.5,25,271.27,1,6285,4,194,4,1,2,1,,433.97,1,,,,,,,,,,,,,,,,1.0,0.0,11.0,1.0,0.0,220.0,,,,0,,0,,,1.0,0.75,0.928571428571,0.972472633612,0.702661315873,0.528846153846,,
58,17,2012-11-05 19:52:18,18,129,,,31,21770,3,4.5,0,6.73,0.6478,5.12,14,168.91,0,6285,4,194,4,1,2,1,,433.46,1,,,,,,,,,,,,,1.0,0.0,10.0,,,,1.0,0.0,24.0,,,,0,,0,,,0.0,1.0,0.678571428571,0.782356728912,0.16216073503,0.0384615384615,,
59,17,2012-11-05 19:52:18,18,129,,,31,23984,4,4.0,0,6.9,0.6856,5.33,10,327.58,0,6285,4,194,4,1,2,1,,433.82,1,,,,,,,,,,,,,-1.0,0.0,30.0,-1.0,0.0,30.0,1.0,0.0,148.0,,,,0,,0,,,1.0,0.75,0.982142857143,0.843206696716,1.0,0.384615384615,,
60,17,2012-11-05 19:52:18,18,129,,,31,28503,4,4.5,0,6.87,0.6705,5.55,21,203.45,0,6285,4,194,4,1,2,1,,434.08,1,,,,,,,,,,,,,0.0,0.0,,0.0,0.0,,0.0,0.0,,,,,0,,0,,,1.0,1.0,0.928571428571,0.818898905344,0.344545358538,0.634615384615,,
61,17,2012-11-05 19:52:18,18,129,,,31,35054,4,3.5,0,6.75,0.7072,5.52,22,310.94,0,6285,4,194,4,1,2,1,,433.56,1,,,,,,,,,,,,,0.0,0.0,,0.0,0.0,,0.0,0.0,,,,,0,,0,,,1.0,0.5,0.714285714286,0.87797810689,0.912134333087,0.134615384615,,
62,17,2012-11-05 19:52:18,18,129,,,31,43549,3,4.0,0,6.89,0.7204,5.34,19,189.38,1,6285,4,194,4,1,2,1,,433.8,1,,,,,,,,,,,,,0.0,0.0,,,,,0.0,0.0,,,,,0,,0,,,0.0,0.75,0.964285714286,0.899227301996,0.270250290421,0.365384615385,,
63,17,2012-11-05 19:52:18,18,129,,,31,45379,3,4.0,0,6.7,0.6259,5.03,30,278.95,0,6285,4,194,4,1,2,1,,433.56,1,,,,,,,,,,,,,0.0,0.0,,,,,0.0,0.0,,,,,0,,0,,,0.0,0.75,0.625,0.747102382486,0.743214700602,0.134615384615,,
64,17,2012-11-05 19:52:18,18,129,,,31,56046,4,4.0,0,6.69,0.6168,5.0,9,229.05,0,6285,4,194,4,1,2,1,,433.43,1,,,,,,,,,,,,,0.0,0.0,,0.0,0.0,,,1.0,,,,,0,,0,,,1.0,0.75,0.607142857143,0.732453316162,0.479723307635,0.00961538461538,,
65,17,2012-11-05 19:52:18,18,129,,,31,58295,4,4.5,1,6.89,0.783,5.67,4,323.74,0,6285,4,194,4,1,2,1,,433.88,1,,,,,,,,,,,,,-1.0,0.0,15.0,-1.0,0.0,15.0,,1.0,,,,,0,,0,,,1.0,1.0,0.964285714286,1.0,0.979723307635,0.442307692308,,
66,17,2012-11-05 19:52:18,18,129,,,31,66095,4,3.5,0,6.88,0.7731,5.23,26,235.44,1,6285,4,194,4,1,2,1,,433.96,1,,,,,,,,,,,,,,,,-1.0,0.0,9.0,,1.0,,,,,0,,0,,,1.0,0.5,0.946428571429,0.98406310367,0.513464991023,0.519230769231,,
67,17,2012-11-05 19:52:18,18,129,,,31,66890,4,4.0,1,6.7,0.5063,5.31,35,255.92,1,6285,4,194,4,1,2,1,,434.23,1,,,,,,,,,,,,,0.0,0.0,,0.0,0.0,,0.0,0.0,,,,,0,,0,,,1.0,0.75,0.625,0.554571796523,0.621607350301,0.778846153846,,
68,17,2012-11-05 19:52:18,18,129,,,31,73557,3,4.0,0,6.79,0.7462,5.15,7,174.02,0,6285,4,194,4,1,2,1,,433.67,1,,,,,,,,,,,,,0.0,0.0,,,,,-1.0,0.0,5.0,,,,0,,0,,,0.0,0.75,0.785714285714,0.940759819704,0.189143520963,0.240384615385,,
69,17,2012-11-05 19:52:18,18,129,,,31,73790,3,4.0,0,6.69,0.6081,5.15,34,197.06,0,6285,4,194,4,1,2,1,,433.42,1,,,,,,,,,,,,,0.0,0.0,,1.0,0.0,16.0,,,,,,,0,,0,,,0.0,0.75,0.607142857143,0.718448164842,0.31080367515,0.0,,
70,17,2012-11-05 19:52:18,18,129,,,31,78834,3,4.5,0,6.91,0.6483,5.58,12,299.42,0,6285,4,194,4,1,2,1,,433.81,1,,,,,,,,,,,,,-1.0,0.0,18.0,-1.0,0.0,18.0,-1.0,0.0,18.0,,,,0,,0,,,0.0,1.0,1.0,0.783161622666,0.851304255993,0.375,,
71,17,2012-11-05 19:52:18,18,129,,,31,82886,4,4.5,0,6.9,0.7496,5.34,3,202.18,1,6285,4,194,4,1,2,1,,433.88,1,,,,,,,,,,,,,0.0,0.0,,0.0,0.0,,0.0,0.0,,,,,0,,0,,,1.0,1.0,0.982142857143,0.946233097231,0.33783926497,0.442307692308,,
72,17,2012-11-05 19:52:18,18,129,,,31,83594,3,4.0,0,6.76,0.7088,5.1,33,179.14,0,6285,4,194,4,1,2,1,,433.61,1,,,,,,,,,,,,,1.0,0.0,4.0,,1.0,,1.0,0.0,3.0,,,,0,,0,,,0.0,0.75,0.732142857143,0.880553766903,0.216179110783,0.182692307692,,
73,17,2012-11-05 19:52:18,18,129,,,31,84999,3,4.5,0,6.8,0.767,5.15,20,243.12,0,6285,4,194,4,1,2,1,,433.66,1,,,,,,,,,,,,,,,,,,,,,,,,,0,,0,,,0.0,1.0,0.803571428571,0.974243399871,0.554018375752,0.230769230769,,
74,17,2012-11-05 19:52:18,18,129,,,31,85819,3,3.0,0,6.35,0.1618,5.06,15,138.2,0,6285,4,194,4,1,2,1,,434.43,1,,,,,,,,,,,,,0.0,0.0,,,,,,,,,,,0,,0,,,0.0,0.25,0.0,0.0,0.0,0.971153846154,,
75,17,2012-11-05 19:52:18,18,129,,,31,87596,3,2.5,0,6.91,0.727,5.07,28,182.98,0,6285,4,194,4,1,2,1,,433.87,1,,,,,,,,,,,,,,,,,,,,,,,,,1,,0,,,0.0,0.0,1.0,0.909851899549,0.236455803147,0.432692307692,,
76,17,2012-11-05 19:52:18,18,129,,,31,90634,4,4.0,0,6.4,0.1864,5.54,1,185.54,1,6285,4,194,4,1,2,1,,434.46,1,,,,,,,,,,,,,0.0,0.0,,0.0,0.0,,0.0,0.0,,,,,0,,0,,,1.0,0.75,0.0892857142857,0.039600772698,0.249973598057,1.0,,
77,17,2012-11-05 19:52:18,18,129,,,31,91671,3,4.0,0,6.74,0.7005,5.14,8,225.21,0,6285,4,194,4,1,2,1,,433.54,1,,,,,,,,,,,,,0.0,0.0,,,,,,,,,,,0,,0,,,0.0,0.75,0.696428571429,0.867192530586,0.459446615271,0.115384615385,,
78,17,2012-11-05 19:52:18,18,129,,,31,101782,4,4.0,0,6.9,0.7543,5.7,32,231.61,1,6285,4,194,4,1,2,1,,433.87,1,,,,,,,,,,,,,0.0,0.0,,0.0,0.0,,0.0,0.0,,,,,0,,0,,,1.0,0.75,0.982142857143,0.953799098519,0.493241102545,0.432692307692,,
79,17,2012-11-05 19:52:18,18,129,,,31,104381,4,4.0,0,6.74,0.6728,5.3,24,262.32,0,6285,4,194,4,1,2,1,,433.67,1,,,,,,,,,,,,,0.0,0.0,,0.0,0.0,,,,,,,,0,,0,,,1.0,0.75,0.696428571429,0.822601416613,0.655401837575,0.240384615385,,
80,17,2012-11-05 19:52:18,18,129,,,31,114872,4,4.5,0,6.82,0.7505,5.73,18,225.21,0,6285,4,194,4,1,2,1,,433.61,1,,,,,,,,,,,,,,,,,,,,,,,,,0,,0,,,1.0,1.0,0.839285714286,0.947681905988,0.459446615271,0.182692307692,,
81,17,2012-11-05 19:52:18,18,129,,,31,116414,3,3.0,0,6.89,0.7614,5.22,13,165.07,0,6285,4,194,4,1,2,1,,433.92,1,,,,,,,,,,,,,0.0,0.0,,,,,,,,,,,0,,0,,,0.0,0.25,0.964285714286,0.965228589826,0.141884042666,0.480769230769,,
82,17,2012-11-05 19:52:18,18,129,,,31,119357,3,4.0,0,6.88,0.7592,5.04,27,190.66,0,6285,4,194,4,1,2,1,,433.98,1,,,,,,,,,,,,,0.0,0.0,,1.0,0.0,3.0,1.0,1.0,7.0,,,,0,,0,,,0.0,0.75,0.946428571429,0.961687057308,0.277009187876,0.538461538462,,
83,17,2012-11-05 19:52:18,18,129,,,31,122245,3,3.5,0,6.72,0.6225,5.12,16,221.37,0,6285,4,194,4,1,2,1,,433.69,1,,,,,,,,,,,,,-1.0,0.0,4.0,,,,,,,,,,0,,0,,,0.0,0.5,0.660714285714,0.741629104958,0.439169922906,0.259615384615,,
84,17,2012-11-05 19:52:18,18,129,,,31,136312,4,4.0,0,6.91,0.7394,5.49,31,301.98,0,6285,4,194,4,1,2,1,,433.89,1,,,,,,,,,,,,,0.0,0.0,,0.0,0.0,,0.0,0.0,,,,,0,,0,,,1.0,0.75,1.0,0.929813264649,0.864822050903,0.451923076923,,
85,25,2012-12-11 13:03:42,5,219,,,219,2863,3,4.0,1,1.95,0.027,4.51,1,68.0,0,3735,1,0,2,0,1,0,,766.18,0,,,,0.0,0.0,,0.0,0.0,,,,,0.0,0.0,,,,,,,,0.0,0.0,,0,,0,,,0.5,0.6,0.490272373541,0.0675503441244,0.366071428571,0.689034369885,,
86,25,2012-12-11 13:03:42,5,219,,,219,12255,2,4.5,1,2.4,0.0078,4.75,13,78.0,0,3735,1,0,2,0,1,0,,766.53,0,,,,0.0,0.0,,0.0,0.0,,,,,,,,,,,,,,0.0,0.0,,0,,0,,,0.0,0.8,0.665369649805,0.0186082080041,0.455357142857,0.746317512275,,
87,25,2012-12-11 13:03:42,5,219,,,219,20707,4,4.0,0,2.2,0.089,4.87,2,48.0,1,3735,1,0,2,0,1,0,,767.4,0,,,,,,,,,,,,,,,,,,,,,,,,,0,,0,,,1.0,0.6,0.587548638132,0.22559265868,0.1875,0.888707037643,,
88,25,2012-12-11 13:03:42,5,219,,,219,22710,3,3.5,0,2.2,0.1054,4.4,10,47.0,1,3735,1,0,2,0,1,0,,766.48,0,,,,0.0,0.0,,0.0,0.0,,,,,1.0,0.0,17.0,,,,,,,0.0,0.0,,0,,0,,,0.5,0.4,0.587548638132,0.267397399949,0.178571428571,0.738134206219,,
89,25,2012-12-11 13:03:42,5,219,,,219,23228,4,4.0,0,3.26,0.3676,4.44,22,42.0,1,3735,1,0,2,0,1,0,,767.86,0,,,,0.0,0.0,,0.0,0.0,,,,,0.0,0.0,,,,,,,,0.0,0.0,,1,47.1,1,,,1.0,0.6,1.0,0.935763446342,0.133928571429,0.963993453355,,
90,25,2012-12-11 13:03:42,5,219,,,219,30829,2,3.5,1,1.39,0.0034,4.22,29,55.0,0,3735,1,0,2,0,1,0,,767.03,0,,,,0.0,0.0,,0.0,0.0,,,,,,,,,,,,,,0.0,0.0,,0,,0,,,0.0,0.4,0.272373540856,0.00739230180984,0.25,0.828150572831,,
91,25,2012-12-11 13:03:42,5,219,,,219,50684,3,3.5,1,1.61,0.0014,4.85,30,110.0,0,3735,1,0,2,0,1,0,,764.04,0,,,,0.0,0.0,,-1.0,0.0,7.0,,,,0.0,0.0,,,,,,,,0.0,0.0,,0,,0,,,0.5,0.4,0.357976653696,0.00229416263064,0.741071428571,0.338788870704,,
92,25,2012-12-11 13:03:42,5,219,,,219,53298,2,3.5,0,3.14,0.0655,4.54,24,53.0,1,3735,1,0,2,0,1,0,,767.92,0,,,,0.0,0.0,,0.0,0.0,,,,,,,,,,,,,,0.0,0.0,,0,,0,,,0.0,0.4,0.953307392996,0.165689523324,0.232142857143,0.973813420622,,
93,25,2012-12-11 13:03:42,5,219,,,219,54036,3,4.5,1,1.79,0.005,4.87,35,109.0,0,3735,1,0,2,0,1,0,,765.87,0,,,,,,,0.0,0.0,,,,,0.0,0.0,,,,,,,,0.0,0.0,,0,,0,,,0.5,0.8,0.428015564202,0.0114708131532,0.732142857143,0.63829787234,,
94,25,2012-12-11 13:03:42,5,219,,,219,54226,4,4.0,0,1.79,0.0559,4.76,4,45.0,0,3735,1,0,2,0,1,0,,767.26,0,,,,0.0,0.0,,0.0,0.0,,,,,0.0,0.0,,,,,,,,0.0,0.0,,0,,0,,,1.0,0.6,0.428015564202,0.141218455264,0.160714285714,0.865793780687,,
95,25,2012-12-11 13:03:42,5,219,,,219,56370,2,3.5,1,1.39,0.0034,4.32,28,65.0,0,3735,1,0,2,0,1,0,,767.02,0,,,,1.0,0.0,7.0,1.0,0.0,7.0,,,,,,,,,,,,,1.0,0.0,7.0,0,,0,,,0.0,0.4,0.272373540856,0.00739230180984,0.339285714286,0.82651391162,,
96,25,2012-12-11 13:03:42,5,219,,,219,61189,3,4.0,0,1.39,0.0148,4.21,27,40.0,0,3735,1,0,2,0,1,0,,763.54,0,,,,0.0,0.0,,0.0,0.0,,,,,0.0,0.0,,,,,,,,0.0,0.0,,0,,0,,,0.5,0.6,0.272373540856,0.0364516951313,0.116071428571,0.256955810147,,
97,25,2012-12-11 13:03:42,5,219,,,219,61885,3,3.5,1,1.79,0.0061,5.72,36,139.0,0,3735,1,0,2,0,1,0,,766.02,0,,,,0.0,0.0,,0.0,0.0,,,,,0.0,0.0,,,,,,,,0.0,0.0,,0,,0,,,0.5,0.4,0.428015564202,0.0142747897018,1.0,0.662847790507,,
98,25,2012-12-11 13:03:42,5,219,,,219,63731,3,5.0,1,0.69,0.0005,5.27,33,119.0,0,3735,1,0,2,0,1,0,,761.97,0,,,,0.0,0.0,,0.0,0.0,,,,,-1.0,0.0,16.0,,,,,,,-1.0,0.0,16.0,0,,0,,,0.5,1.0,0.0,0.0,0.821428571429,0.0,,
99,25,2012-12-11 13:03:42,5,219,,,219,65623,3,4.0,1,2.3,0.0153,4.92,9,110.0,0,3735,1,0,2,0,1,0,,766.33,0,,,,0.0,0.0,,-1.0,0.0,4.0,,,,0.0,0.0,,,,,,,,0.0,0.0,,0,,0,,,0.5,0.6,0.626459143969,0.0377262299261,0.741071428571,0.713584288052,,
100,25,2012-12-11 13:03:42,5,219,,,219,66171,3,4.0,1,2.08,0.0181,4.41,6,65.0,0,3735,1,0,2,0,1,0,,766.33,0,,,,0.0,0.0,,-1.0,0.0,4.0,,,,,,,,,,,,,0.0,0.0,,0,,0,,,0.5,0.6,0.540856031128,0.044863624777,0.339285714286,0.713584288052,,
101,25,2012-12-11 13:03:42,5,219,,,219,66209,4,4.0,1,3.26,0.2481,4.17,19,32.0,1,3735,1,0,2,0,1,0,,767.78,0,,,,0.0,0.0,,0.0,0.0,,,,,0.0,0.0,,,,,,,,0.0,0.0,,0,,0,,,1.0,0.6,1.0,0.631149630385,0.0446428571429,0.950900163666,,
102,25,2012-12-11 13:03:42,5,219,,,219,68528,4,4.0,0,2.08,0.205,4.29,7,49.0,1,3735,1,0,2,0,1,0,,766.29,0,,,,0.0,0.0,,0.0,0.0,,,,,0.0,0.0,,,,,,,,0.0,0.0,,0,,0,,,1.0,0.6,0.540856031128,0.521284731073,0.196428571429,0.707037643208,,
103,25,2012-12-11 13:03:42,5,219,,,219,69645,2,3.5,1,1.39,0.0012,4.18,32,75.0,0,3735,1,0,2,0,1,0,,762.43,0,,,,0.0,0.0,,0.0,0.0,,,,,,,,,,,,,,0.0,0.0,,0,,0,,,0.0,0.4,0.272373540856,0.00178434871272,0.428571428571,0.0752864157119,,
104,25,2012-12-11 13:03:42,5,219,,,219,79870,2,4.0,1,2.2,0.1053,4.06,8,37.0,1,3735,1,0,2,0,1,0,,766.48,0,,,,0.0,0.0,,0.0,0.0,,,,,,,,,,,,,,0.0,0.0,,0,,0,,,0.0,0.6,0.587548638132,0.26714249299,0.0892857142857,0.738134206219,,
105,25,2012-12-11 13:03:42,5,219,,,219,81772,3,3.5,0,3.22,0.2775,4.16,18,29.0,0,3735,1,0,2,0,1,0,,768.08,0,,,,0.0,0.0,,0.0,0.0,,,,,0.0,0.0,,,,,,,,0.0,0.0,,0,,0,,,0.5,0.4,0.984435797665,0.706092276319,0.0178571428571,1.0,,
106,25,2012-12-11 13:03:42,5,219,,,219,83281,2,3.5,1,2.08,0.0555,4.37,12,45.0,0,3735,1,0,2,0,1,0,,767.35,0,,,,1.0,0.0,11.0,0.0,0.0,,,,,0.0,0.0,,,,,,,,0.0,0.0,,0,,0,,,0.0,0.4,0.540856031128,0.140198827428,0.160714285714,0.880523731588,,
107,25,2012-12-11 13:03:42,5,219,,,219,88629,2,2.5,1,0.69,0.0017,4.23,31,35.0,0,3735,1,0,2,0,1,0,,768.04,0,,,,0.0,0.0,,,,,,,,,,,,,,,,,,,,0,,0,,,0.0,0.0,0.0,0.00305888350752,0.0714285714286,0.993453355155,,
108,25,2012-12-11 13:03:42,5,219,,,219,91587,3,4.5,1,1.61,0.0213,4.93,3,129.0,0,3735,1,0,2,0,1,0,,766.24,0,,,,0.0,0.0,,-1.0,0.0,10.0,,,,0.0,0.0,,,,,,,,0.0,0.0,,0,,0,,,0.5,0.8,0.357976653696,0.0530206474637,0.910714285714,0.698854337152,,
109,25,2012-12-11 13:03:42,5,219,,,219,112716,4,4.0,0,1.61,0.0512,4.42,14,48.0,0,3735,1,0,2,0,1,0,,764.98,0,,,,0.0,0.0,,0.0,0.0,,,,,0.0,0.0,,,,,,,,0.0,0.0,,0,,0,,,1.0,0.6,0.357976653696,0.129237828193,0.1875,0.49263502455,,
110,25,2012-12-11 13:03:42,5,219,,,219,118859,3,4.0,1,3.26,0.3584,4.45,21,27.0,1,3735,1,0,2,0,1,0,,767.93,0,,,,1.0,0.0,19.0,0.0,0.0,,,,,0.0,0.0,,,,,,,,0.0,0.0,,0,,0,,,0.5,0.6,1.0,0.912312006118,0.0,0.975450081833,,
111,25,2012-12-11 13:03:42,5,219,,,219,120046,4,4.0,0,3.26,0.0955,4.68,16,50.0,0,3735,1,0,2,0,1,0,,767.68,0,,,,0.0,0.0,,0.0,0.0,,,,,0.0,0.0,,,,,,,,0.0,0.0,,0,,0,,,1.0,0.6,1.0,0.242161611012,0.205357142857,0.934533551555,,
112,25,2012-12-11 13:03:42,5,219,,,219,120328,2,3.5,1,1.79,0.0061,4.52,34,62.0,0,3735,1,0,2,0,1,0,,766.02,0,,,,0.0,0.0,,0.0,0.0,,,,,,,,,,,,,,0.0,0.0,,0,,0,,,0.0,0.4,0.428015564202,0.0142747897018,0.3125,0.662847790507,,
113,25,2012-12-11 13:03:42,5,219,,,219,122279,2,3.0,1,3.04,0.008,4.2,26,38.0,0,3735,1,0,2,0,1,0,,767.34,0,,,,0.0,0.0,,0.0,0.0,,,,,0.0,0.0,,,,,,,,0.0,0.0,,0,,0,,,0.0,0.2,0.91439688716,0.019118021922,0.0982142857143,0.878887070376,,
114,25,2012-12-11 13:03:42,5,219,,,219,125384,3,3.5,1,2.77,0.0071,4.49,25,60.0,0,3735,1,0,2,0,1,0,,767.08,0,,,,0.0,0.0,,0.0,0.0,,,,,1.0,0.0,16.0,,,,,,,0.0,0.0,,0,,0,,,0.5,0.4,0.809338521401,0.0168238592914,0.294642857143,0.836333878887,,
115,25,2012-12-11 13:03:42,5,219,,,219,126136,4,4.0,0,3.26,0.3928,4.65,20,39.0,0,3735,1,0,2,0,1,0,,767.93,0,,,,0.0,0.0,,1.0,0.0,2.0,,,,0.0,0.0,,,,,,,,0.0,0.0,,0,,0,,,1.0,0.6,1.0,1.0,0.107142857143,0.975450081833,,
116,25,2012-12-11 13:03:42,5,219,,,219,126803,2,4.0,1,1.61,,4.18,15,60.0,0,3735,1,0,2,0,1,0,,767.55,0,,,,0.0,0.0,,0.0,0.0,,,,,,,,,,,,,,0.0,0.0,,0,,0,,,0.0,0.6,0.357976653696,,0.294642857143,0.91325695581,,
117,25,2012-12-11 13:03:42,5,219,,,219,133065,3,5.0,1,1.79,0.006,4.75,37,109.0,0,3735,1,0,2,0,1,0,,765.76,0,,,,,,,0.0,0.0,,,,,0.0,0.0,,,,,,,,0.0,0.0,,0,,0,,,0.5,1.0,0.428015564202,0.0140198827428,0.732142857143,0.620294599018,,
118,28,2012-11-26 10:13:17,5,219,,,219,5739,4,4.5,1,2.64,0.0468,5.38,3,110.0,1,24232,3,27,1,0,1,0,,116.36,0,,,,,,,,,,,,,1.0,0.0,31.0,,,,,,,0.0,0.0,,0,,0,,,1.0,1.0,0.773869346734,0.388734995383,0.573913043478,0.174692049272,,
119,28,2012-11-26 10:13:17,5,219,,,219,11244,2,3.0,1,2.2,0.0105,4.65,38,54.0,1,24232,3,27,1,0,1,0,,115.24,0,,,,0.0,0.0,,,,,,,,,,,,,,,,,0.0,0.0,,0,,0,,,0.0,0.0,0.552763819095,0.0535549399815,0.0869565217391,0.111982082867,,
120,28,2012-11-26 10:13:17,5,219,,,219,11726,3,4.0,1,2.64,0.0178,5.24,12,89.0,0,24232,3,27,1,0,1,0,,115.75,0,,,,0.0,0.0,,,,,,,,0.0,0.0,,,,,,,,0.0,0.0,,0,,0,,,0.5,0.666666666667,0.773869346734,0.120960295476,0.391304347826,0.140537513998,,
121,28,2012-11-26 10:13:17,5,219,,,219,13996,4,4.0,1,2.89,0.0491,5.07,26,85.0,0,24232,3,27,1,0,1,0,,116.14,0,,,,,,,,,,,,,-1.0,0.0,9.0,,,,,,,-1.0,0.0,9.0,1,286.32,1,,,1.0,0.666666666667,0.899497487437,0.409972299169,0.35652173913,0.162374020157,,
122,28,2012-11-26 10:13:17,5,219,,,219,16096,3,4.5,1,1.61,0.0143,4.44,32,60.0,0,24232,3,27,1,0,1,0,,114.45,0,,,,0.0,0.0,,,,,,,,,,,,,,,,,0.0,0.0,,0,,0,,,0.5,1.0,0.256281407035,0.0886426592798,0.139130434783,0.0677491601344,,
123,28,2012-11-26 10:13:17,5,219,,,219,17853,4,4.0,1,2.48,0.0369,5.46,13,119.0,0,24232,3,27,1,0,1,0,,116.58,0,,,,0.0,0.0,,,,,,,,,1.0,,,,,,,,0.0,0.0,,0,,0,,,1.0,0.666666666667,0.693467336683,0.297322253001,0.652173913043,0.187010078387,,
124,28,2012-11-26 10:13:17,5,219,,,219,18016,3,3.0,1,3.04,0.0894,4.43,1,44.0,1,24232,3,27,1,0,1,0,,115.77,0,,,,1.0,0.0,12.0,,,,,,,0.0,0.0,19.0,,,,,,,1.0,0.0,5.0,0,,0,,,0.5,0.0,0.974874371859,0.782086795937,0.0,0.141657334826,,
125,28,2012-11-26 10:13:17,5,219,,,219,19598,4,4.0,1,2.64,0.042,5.35,4,98.0,0,24232,3,27,1,0,1,0,,116.07,0,,,,0.0,0.0,,,,,,,,,,,,,,,,,0.0,0.0,,0,,0,,,1.0,0.666666666667,0.773869346734,0.344413665743,0.469565217391,0.158454647256,,
126,28,2012-11-26 10:13:17,5,219,,,219,22984,4,4.5,0,1.1,0.0249,4.95,2,159.0,1,24232,3,27,1,0,1,0,,131.1,0,,,,,,,,,,,,,,,,,,,,,,,,,0,,0,,,1.0,1.0,0.0,0.186518928901,1.0,1.0,,
127,28,2012-11-26 10:13:17,5,219,,,219,23150,4,3.5,1,2.64,0.041,5.24,6,101.0,0,24232,3,27,1,0,1,0,,116.07,0,,,,1.0,0.0,5.0,,,,,,,0.0,0.0,,,,,,,,0.0,0.0,,0,,0,,,1.0,0.333333333333,0.773869346734,0.335180055402,0.495652173913,0.158454647256,,
128,28,2012-11-26 10:13:17,5,219,,,219,24003,2,4.0,1,1.1,0.0182,4.45,7,56.0,1,24232,3,27,1,0,1,0,,116.93,0,,,,0.0,0.0,,,,,,,,1.0,0.0,13.0,,,,,,,0.0,0.0,,0,,0,,,0.0,0.666666666667,0.0,0.124653739612,0.104347826087,0.206606942889,,
129,28,2012-11-26 10:13:17,5,219,,,219,26804,4,4.0,1,3.0,0.0363,4.9,28,79.0,0,24232,3,27,1,0,1,0,,115.87,0,,,,0.0,0.0,,,,,,,,0.0,0.0,,,,,,,,1.0,0.0,12.0,0,,0,,,1.0,0.666666666667,0.954773869347,0.291782086796,0.304347826087,0.14725643897,,
130,28,2012-11-26 10:13:17,5,219,,,219,33528,4,4.5,1,2.48,0.0372,5.23,29,97.0,0,24232,3,27,1,0,1,0,,116.41,0,,,,0.0,0.0,,,,,,,,0.0,0.0,,,,,,,,0.0,0.0,,0,,0,,,1.0,1.0,0.693467336683,0.300092336103,0.460869565217,0.177491601344,,
131,28,2012-11-26 10:13:17,5,219,,,219,34187,3,4.0,1,2.08,0.0672,4.77,14,79.0,1,24232,3,27,1,0,1,0,,114.8,0,,,,1.0,0.0,11.0,,,,,,,,,,,,,,,,1.0,0.0,11.0,0,,0,,,0.5,0.666666666667,0.492462311558,0.577100646353,0.304347826087,0.0873460246361,,
132,28,2012-11-26 10:13:17,5,219,,,219,35767,4,4.5,1,1.61,0.0229,5.35,9,95.0,1,24232,3,27,1,0,1,0,,115.0,0,,,,0.0,0.0,,,,,,,,,,,,,,,,,0.0,0.0,,0,,0,,,1.0,1.0,0.256281407035,0.168051708218,0.44347826087,0.0985442329227,,
133,28,2012-11-26 10:13:17,5,219,,,219,50188,3,4.5,1,2.77,0.0136,5.12,31,84.0,0,24232,3,27,1,0,1,0,,115.52,0,,,,,,,,,,,,,0.0,0.0,,,,,,,,0.0,0.0,,0,,0,,,0.5,1.0,0.839195979899,0.0821791320406,0.347826086957,0.127659574468,,
134,28,2012-11-26 10:13:17,5,219,,,219,65557,4,4.0,0,1.79,0.0233,4.9,16,82.0,1,24232,3,27,1,0,1,0,,113.24,0,,,,-1.0,0.0,5.0,,,,,,,1.0,0.0,11.0,,,,,,,1.0,0.0,11.0,0,,0,,,1.0,0.666666666667,0.346733668342,0.171745152355,0.330434782609,0.0,,
135,28,2012-11-26 10:13:17,5,219,,,219,66769,4,4.5,1,2.71,0.0108,5.42,25,129.0,0,24232,3,27,1,0,1,0,,114.89,0,,,,0.0,0.0,,,,,,,,0.0,0.0,,,,,,,,0.0,0.0,,0,,0,,,1.0,1.0,0.809045226131,0.056325023084,0.739130434783,0.0923852183651,,
136,28,2012-11-26 10:13:17,5,219,,,219,67406,2,4.0,1,1.1,0.0106,4.61,30,69.0,0,24232,3,27,1,0,1,0,,117.12,0,,,,0.0,0.0,,,,,,,,,,,,,,,,,0.0,0.0,,0,,0,,,0.0,0.666666666667,0.0,0.0544783010157,0.217391304348,0.217245240761,,
137,28,2012-11-26 10:13:17,5,219,,,219,69294,4,4.0,1,3.09,0.0579,4.76,22,76.0,0,24232,3,27,1,0,1,0,,115.88,0,,,,,,,,,,,,,0.0,0.0,,,,,,,,0.0,0.0,,0,,0,,,1.0,0.666666666667,1.0,0.491228070175,0.278260869565,0.147816349384,,
138,28,2012-11-26 10:13:17,5,219,,,219,72185,3,4.0,0,1.95,0.078,4.93,37,91.0,1,24232,3,27,1,0,1,0,,115.33,0,,,,0.0,0.0,,,,,,,,0.0,0.0,,,,,,,,0.0,0.0,,0,,0,,,0.5,0.666666666667,0.427135678392,0.676823638042,0.408695652174,0.117021276596,,
139,28,2012-11-26 10:13:17,5,219,,,219,72909,4,4.5,1,1.95,0.0939,5.0,19,75.0,1,24232,3,27,1,0,1,0,,114.89,0,,,,,,,,,,,,,0.0,0.0,,,,,,,,0.0,0.0,,0,,0,,,1.0,1.0,0.427135678392,0.823638042475,0.269565217391,0.0923852183651,,
140,28,2012-11-26 10:13:17,5,219,,,219,75069,3,4.5,1,2.83,0.0125,5.11,36,99.0,0,24232,3,27,1,0,1,0,,115.12,0,,,,0.0,0.0,,,,,,,,0.0,0.0,,,,,,,,0.0,0.0,,0,,0,,,0.5,1.0,0.869346733668,0.0720221606648,0.478260869565,0.105263157895,,
141,28,2012-11-26 10:13:17,5,219,,,219,75704,4,4.0,1,1.95,0.113,5.07,10,76.0,1,24232,3,27,1,0,1,0,,115.07,0,,,,0.0,0.0,,,,,,,,0.0,0.0,,,,,,,,0.0,0.0,,0,,0,,,1.0,0.666666666667,0.427135678392,1.0,0.278260869565,0.102463605823,,
142,28,2012-11-26 10:13:17,5,219,,,219,77605,3,4.0,1,1.95,0.0047,5.01,21,84.0,0,24232,3,27,1,0,1,0,,115.08,0,,,,,,,,,,,,,0.0,0.0,,,,,,,,0.0,0.0,,0,,0,,,0.5,0.666666666667,0.427135678392,0.0,0.347826086957,0.103023516237,,
143,28,2012-11-26 10:13:17,5,219,,,219,79225,4,4.0,1,2.94,0.0721,5.24,18,90.0,1,24232,3,27,1,0,1,0,,115.96,0,,,,0.0,0.0,,,,,,,,0.0,0.0,,,,,,,,-1.0,0.0,5.0,0,,0,,,1.0,0.666666666667,0.924623115578,0.622345337027,0.4,0.152295632699,,
144,28,2012-11-26 10:13:17,5,219,,,219,86217,3,4.5,1,2.64,0.0153,5.15,15,89.0,0,24232,3,27,1,0,1,0,,115.7,0,,,,1.0,0.0,11.0,,,,,,,1.0,0.0,44.0,,,,,,,1.0,0.0,11.0,0,,0,,,0.5,1.0,0.773869346734,0.0978762696214,0.391304347826,0.137737961926,,
145,28,2012-11-26 10:13:17,5,219,,,219,93383,4,4.5,1,2.64,0.0462,5.55,8,139.0,0,24232,3,27,1,0,1,0,,116.41,0,,,,0.0,0.0,,,,,,,,0.0,0.0,,,,,,,,0.0,0.0,,0,,0,,,1.0,1.0,0.773869346734,0.383194829178,0.826086956522,0.177491601344,,
146,28,2012-11-26 10:13:17,5,219,,,219,100913,4,4.0,1,2.89,0.0122,5.17,24,91.0,0,24232,3,27,1,0,1,0,,115.17,0,,,,,,,,,,,,,0.0,0.0,,,,,,,,0.0,0.0,,0,,0,,,1.0,0.666666666667,0.899497487437,0.0692520775623,0.408695652174,0.108062709966,,
147,28,2012-11-26 10:13:17,5,219,,,219,109409,3,4.5,1,2.77,0.0139,4.85,33,84.0,0,24232,3,27,1,0,1,0,,115.53,0,,,,,,,,,,,,,0.0,0.0,,,,,,,,0.0,0.0,,0,,0,,,0.5,1.0,0.839195979899,0.0849492151431,0.347826086957,0.128219484882,,
148,28,2012-11-26 10:13:17,5,219,,,219,116043,4,4.5,1,2.08,0.0946,5.64,34,129.0,0,24232,3,27,1,0,1,0,,114.98,0,,,,0.0,0.0,,,,,,,,0.0,0.0,,,,,,,,0.0,0.0,,0,,0,,,1.0,1.0,0.492462311558,0.830101569714,0.739130434783,0.0974244120941,,
149,28,2012-11-26 10:13:17,5,219,,,219,120960,3,4.5,1,3.04,0.071,4.9,35,88.0,0,24232,3,27,1,0,1,0,,115.57,0,,,,-1.0,0.0,5.0,,,,,,,1.0,0.0,12.0,,,,,,,-1.0,0.0,5.0,0,,0,,,0.5,1.0,0.974874371859,0.612188365651,0.382608695652,0.13045912654,,
150,28,2012-11-26 10:13:17,5,219,,,219,122795,3,4.0,1,1.61,0.005,5.08,20,98.0,0,24232,3,27,1,0,1,0,,114.96,0,,,,,,,,,,,,,0.0,0.0,,,,,,,,0.0,0.0,,0,,0,,,0.5,0.666666666667,0.256281407035,0.00277008310249,0.469565217391,0.0963045912654,,
151,28,2012-11-26 10:13:17,5,219,,,219,137773,3,4.0,0,1.39,0.0169,4.83,27,109.0,0,24232,3,27,1,0,1,0,,116.71,0,,,,0.0,0.0,,,,,,,,0.0,0.0,,,,,,,,0.0,0.0,,0,,0,,,0.5,0.666666666667,0.145728643216,0.112650046168,0.565217391304,0.194288913774,,
152,30,2013-02-11 01:28:38,24,216,,,219,13155,3,3.5,1,4.76,0.3273,5.14,3,132.21,1,20319,9,13,2,0,1,0,,,0,,,,0.0,0.0,,0.0,0.0,,,,,0.0,0.0,,,,,,,,0.0,0.0,,0,,0,,,0.5,0.777777777778,0.98786407767,0.688959660297,0.0633810512512,,,
153,30,2013-02-11 01:28:38,24,216,,,219,13878,3,4.0,1,4.63,0.3878,5.25,17,186.8,1,20319,9,13,2,0,1,0,,,0,,,,0.0,0.0,,0.0,0.0,,,,,0.0,0.0,,,,,,,,0.0,0.0,,0,,0,,,0.5,0.888888888889,0.956310679612,0.817409766454,0.361654463993,,,
154,30,2013-02-11 01:28:38,24,216,,,219,14504,2,3.0,0,4.74,0.4578,5.05,1,120.61,0,20319,9,13,2,0,1,0,,,0,,,,,1.0,,,1.0,,,,,-1.0,0.0,6.0,,,,,,,-1.0,0.0,6.0,0,,0,,,0.0,0.666666666667,0.983009708738,0.966029723992,0.0,,,
155,30,2013-02-11 01:28:38,24,216,,,219,15884,2,3.0,1,0.69,0.0028,5.07,4,137.82,1,20319,9,13,2,0,1,0,,,0,,,,0.0,0.0,,0.0,0.0,,,,,0.0,0.0,,,,,,,,0.0,0.0,,0,,0,,,0.0,0.666666666667,0.0,0.0,0.0940334389684,,,
156,30,2013-02-11 01:28:38,24,216,,,219,18569,4,4.5,1,4.74,0.4738,6.02,29,289.4,1,20319,9,13,2,0,1,0,,,0,,,,0.0,0.0,,0.0,0.0,,,,,,,,,,,,,,0.0,0.0,,0,,0,,,1.0,1.0,0.983009708738,1.0,0.922248934543,,,
157,30,2013-02-11 01:28:38,24,216,,,219,18859,4,4.0,0,4.49,0.2006,5.68,25,243.59,1,20319,9,13,2,0,1,0,,,0,,,,0.0,0.0,,0.0,0.0,,,,,0.0,0.0,,,,,,,,0.0,0.0,,0,,0,,,1.0,0.888888888889,0.922330097087,0.419957537155,0.671948420938,,,
158,30,2013-02-11 01:28:38,24,216,,,219,19567,4,4.5,1,3.5,0.0183,5.91,27,274.14,1,20319,9,13,2,0,1,0,,,0,,,,0.0,0.0,,0.0,0.0,,,,,0.0,0.0,,,,,,,,0.0,0.0,,0,,0,,,1.0,1.0,0.682038834951,0.0329087048832,0.838870068845,,,
159,30,2013-02-11 01:28:38,24,216,,,219,31945,4,4.5,1,4.61,0.3821,5.88,28,283.98,0,20319,9,13,2,0,1,0,,,0,,,,0.0,0.0,,0.0,0.0,,,,,0.0,0.0,,,,,,,,0.0,0.0,,0,,0,,,1.0,1.0,0.95145631068,0.805307855626,0.892634684734,,,
160,30,2013-02-11 01:28:38,24,216,,,219,35043,4,4.5,1,4.81,0.364,6.03,30,289.55,0,20319,9,13,2,0,1,0,,,0,,,,1.0,0.0,13.0,-1.0,0.0,9.0,,,,,,,,,,,,,0.0,0.0,,0,,0,,,1.0,1.0,1.0,0.766878980892,0.923068517102,,,
161,30,2013-02-11 01:28:38,24,216,,,219,36710,3,3.5,0,4.39,0.1686,5.11,14,185.71,1,20319,9,13,2,0,1,0,,,0,,,,0.0,0.0,,0.0,0.0,,,,,0.0,0.0,,,,,,,,0.0,0.0,,0,,0,,,0.5,0.777777777778,0.898058252427,0.352016985138,0.355698830729,,,
162,30,2013-02-11 01:28:38,24,216,,,219,40463,4,4.5,1,4.6,0.3294,6.05,32,303.63,0,20319,9,13,2,0,1,0,,,0,,,,0.0,0.0,,0.0,0.0,,,,,0.0,0.0,,,,,,,,0.0,0.0,,0,,0,,,1.0,1.0,0.949029126214,0.693418259023,1.0,,,
163,30,2013-02-11 01:28:38,24,216,,,219,41585,4,4.0,1,4.6,0.3128,5.84,24,227.67,1,20319,9,13,2,0,1,0,,,0,,,,0.0,0.0,,,,,,,,1.0,0.0,22.0,,,,,,,0.0,0.0,,0,,0,,,1.0,0.888888888889,0.949029126214,0.658174097665,0.584963391979,,,
164,30,2013-02-11 01:28:38,24,216,,,219,44197,4,4.0,1,4.81,0.4185,5.66,26,268.49,1,20319,9,13,2,0,1,0,,,0,,,,0.0,0.0,,0.0,0.0,,,,,0.0,0.0,,,,,,,,0.0,0.0,,0,,0,,,1.0,0.888888888889,1.0,0.882590233546,0.807999125779,,,
165,30,2013-02-11 01:28:38,24,216,,,219,65983,2,3.0,1,3.4,0.0281,5.22,2,127.84,1,20319,9,13,2,0,1,0,,,0,,,,0.0,0.0,,0.0,0.0,,,,,0.0,0.0,,,,,,,,0.0,0.0,,0,,0,,,0.0,0.666666666667,0.657766990291,0.0537154989384,0.0395038793574,,,
166,30,2013-02-11 01:28:38,24,216,,,219,68689,3,3.5,1,4.72,0.445,5.36,8,157.52,1,20319,9,13,2,0,1,0,,,0,,,,0.0,0.0,,0.0,0.0,20.0,,,,0.0,0.0,9.0,,,,,,,0.0,0.0,9.0,0,,0,,,0.5,0.777777777778,0.978155339806,0.938853503185,0.201671948421,,,
167,30,2013-02-11 01:28:38,24,216,,,219,77109,3,4.0,1,4.74,0.4562,5.37,9,159.48,1,20319,9,13,2,0,1,0,,,0,,,,0.0,0.0,,0.0,0.0,10.0,,,,0.0,0.0,10.0,,,,,,,0.0,0.0,10.0,0,,0,,,0.5,0.888888888889,0.983009708738,0.962632696391,0.212381160529,,,
168,30,2013-02-11 01:28:38,24,216,,,219,87796,3,3.5,0,4.65,0.4555,5.35,15,185.72,1,20319,9,13,2,0,1,0,,,0,,,,0.0,0.0,7.0,0.0,0.0,15.0,,,,0.0,0.0,,,,,,,,0.0,0.0,14.0,0,,0,,,0.5,0.777777777778,0.961165048544,0.961146496815,0.355753469566,,,
169,30,2013-02-11 01:28:38,24,216,,,219,92698,4,4.0,0,4.63,0.4083,5.63,19,209.73,1,20319,9,13,2,0,1,0,,,0,,,,0.0,0.0,,0.0,0.0,,,1.0,,0.0,0.0,,,,,,,,-1.0,0.0,10.0,0,,0,,,1.0,0.888888888889,0.956310679612,0.86093418259,0.486941317889,,,
170,30,2013-02-11 01:28:38,24,216,,,219,97615,3,4.0,1,4.65,0.4413,5.5,21,215.19,1,20319,9,13,2,0,1,0,,,0,,,,0.0,0.0,,0.0,0.0,,,,,0.0,0.0,,,,,,,,0.0,0.0,,0,,0,,,0.5,0.888888888889,0.961165048544,0.930997876858,0.516774123047,,,
171,30,2013-02-11 01:28:38,24,216,,,219,108513,2,3.0,0,4.42,0.1746,5.4,10,161.69,0,20319,9,13,2,0,1,0,,,0,,,,0.0,0.0,,0.0,0.0,,,,,0.0,0.0,,,,,,,,0.0,0.0,,0,,0,,,0.0,0.666666666667,0.905339805825,0.364755838641,0.224456343569,,,
172,30,2013-02-11 01:28:38,24,216,,,219,117347,4,4.5,1,4.81,0.3676,6.21,31,293.8,0,20319,9,13,2,0,1,0,,,0,,,,,1.0,,0.0,0.0,,0.0,0.0,,0.0,0.0,6.0,,,,,,,0.0,0.0,,0,,0,,,1.0,1.0,1.0,0.774522292994,0.946290022948,,,
173,30,2013-02-11 01:28:38,24,216,,,219,121665,3,4.0,1,4.17,0.1121,5.4,12,162.46,0,20319,9,13,2,0,1,0,,,0,,,,0.0,0.0,,0.0,0.0,,,,,,1.0,,,,,,,,0.0,0.0,,0,,0,,,0.5,0.888888888889,0.844660194175,0.232059447983,0.22866353404,,,
174,30,2013-02-11 01:28:38,24,216,,,219,125611,3,3.5,1,4.55,0.2653,5.63,13,176.98,1,20319,9,13,2,0,1,0,,,0,,,,0.0,0.0,,0.0,0.0,,,,,0.0,0.0,,,,,,,,0.0,0.0,,1,1831.3,1,,,0.5,0.777777777778,0.936893203883,0.557324840764,0.307999125779,,,
175,30,2013-02-11 01:28:38,24,216,,,219,128313,3,4.0,1,4.74,0.421,5.21,6,144.22,1,20319,9,13,2,0,1,0,,,0,,,,0.0,0.0,,0.0,0.0,,,,,0.0,0.0,,,,,,,,0.0,0.0,,0,,0,,,0.5,0.888888888889,0.983009708738,0.887898089172,0.129002294831,,,
176,30,2013-02-11 01:28:38,24,216,,,219,130968,4,4.5,1,4.81,0.3536,5.59,23,221.33,0,20319,9,13,2,0,1,0,,,0,,,,-1.0,0.0,8.0,0.0,0.0,,,,,0.0,0.0,,,,,,,,0.0,0.0,,0,,0,,,1.0,1.0,1.0,0.744798301486,0.55032236914,,,
177,30,2013-02-11 01:28:38,24,216,,,219,133729,3,3.5,1,4.77,0.3932,5.25,20,210.82,1,20319,9,13,2,0,1,0,,,0,,,,0.0,0.0,,0.0,0.0,,,,,0.0,0.0,,,,,,,,0.0,0.0,,0,,0,,,0.5,0.777777777778,0.990291262136,0.828874734607,0.492896951153,,,
178,30,2013-02-11 01:28:38,24,216,,,219,136754,3,0.0,0,4.81,,5.51,7,145.31,0,20319,9,13,2,0,1,0,,,0,,,,0.0,0.0,,0.0,0.0,,,,,0.0,0.0,,,,,,,,,,,0,,0,,,0.5,0.0,1.0,,0.134957928095,,,
179,30,2013-02-11 01:28:38,24,216,,,219,137592,3,4.0,1,4.61,0.2374,5.55,18,193.35,1,20319,9,13,2,0,1,0,,,0,,,,0.0,0.0,,0.0,0.0,,,,,0.0,0.0,,,,,,,,0.0,0.0,,0,,0,,,0.5,0.888888888889,0.95145631068,0.498089171975,0.397442902415,,,
180,36,2013-04-03 08:54:17,22,92,,,219,6214,3,3.0,1,1.39,0.1142,4.43,6,48.77,1,2715,2,11,1,0,1,0,,,0,,,,1.0,0.0,33.0,,,,,,,,,,,,,,,,,,,0,,0,,,0.5,0.0,0.604347826087,0.632327831531,0.0,,,
181,36,2013-04-03 08:54:17,22,92,,,219,9401,3,4.0,1,1.39,0.0285,5.2,15,189.06,0,2715,2,11,1,0,1,0,,,0,,,,0.0,0.0,,,,,,,,,,,,,,,,,,,,0,,0,,,0.5,0.5,0.604347826087,0.144564598748,0.733504130503,,,
182,36,2013-04-03 08:54:17,22,92,,,219,15181,3,4.0,1,1.61,0.1784,4.88,4,101.51,0,2715,2,11,1,0,1,0,,,0,,,,0.0,0.0,,0.0,0.0,,,,,0.0,0.0,,,,,,,,0.0,0.0,,1,226.76,1,,,0.5,0.5,0.7,0.997723392146,0.275750287567,,,
183,36,2013-04-03 08:54:17,22,92,,,219,18970,4,4.5,1,1.39,0.043,5.12,7,199.07,0,2715,2,11,1,0,1,0,,,0,,,,0.0,0.0,,,,,,,,,,,,,,,,,,,,0,,0,,,1.0,0.75,0.604347826087,0.227091633466,0.785841263202,,,
184,36,2013-04-03 08:54:17,22,92,,,219,27312,3,4.5,1,1.95,0.0769,4.84,25,125.14,0,2715,2,11,1,0,1,0,,,0,,,,,,,,,,,,,,,,,,,,,,,,,0,,0,,,0.5,0.75,0.847826086957,0.420034149118,0.399299383039,,,
185,36,2013-04-03 08:54:17,22,92,,,219,33035,3,4.0,1,1.95,0.0723,4.49,12,59.22,1,2715,2,11,1,0,1,0,,,0,,,,,,,,,,,,,,,,,,,,,,,,,0,,0,,,0.5,0.5,0.847826086957,0.393853158793,0.0546376660044,,,
186,36,2013-04-03 08:54:17,22,92,,,219,35338,3,4.5,0,1.79,0.0822,5.47,1,190.47,1,2715,2,11,1,0,1,0,,,0,,,,,,,,,,,,,,,,,,,,,,,,,0,,0,,,0.5,0.75,0.778260869565,0.450199203187,0.74087629405,,,
187,36,2013-04-03 08:54:17,22,92,,,219,39440,2,4.0,1,0.0,0.0031,4.39,30,63.67,0,2715,2,11,1,0,1,0,,,0,,,,0.0,0.0,,0.0,0.0,,,,,,,,,,,,,,0.0,0.0,,0,,0,,,0.0,0.5,0.0,0.0,0.0779044232981,,,
188,36,2013-04-03 08:54:17,22,92,,,219,47087,3,4.5,1,0.69,0.0122,4.79,29,119.24,0,2715,2,11,1,0,1,0,,,0,,,,0.0,0.0,15.0,1.0,0.0,27.0,,,,,,,,,,,,,0.0,0.0,14.0,0,,0,,,0.5,0.75,0.3,0.0517928286853,0.368451322807,,,
189,36,2013-04-03 08:54:17,22,92,,,219,53867,2,4.5,1,1.95,0.0215,4.55,16,56.27,1,2715,2,11,1,0,1,0,,,0,,,,,,,,,,,,,,,,,,,,,,,,,0,,0,,,0.0,0.75,0.847826086957,0.104723961298,0.0392136358883,,,
190,36,2013-04-03 08:54:17,22,92,,,219,60758,3,4.5,1,1.79,0.0228,4.89,9,100.02,0,2715,2,11,1,0,1,0,,,0,,,,0.0,0.0,,,,,,,,,,,,,,,,,,,,0,,0,,,0.5,0.75,0.778260869565,0.112122936824,0.267959845237,,,
191,36,2013-04-03 08:54:17,22,92,,,219,69434,3,4.5,1,1.95,0.0696,4.7,19,67.02,0,2715,2,11,1,0,1,0,,,0,,,,,,,,,,,,,,,,,,,,,,,,,0,,0,,,0.5,0.75,0.847826086957,0.378486055777,0.0954198473282,,,
192,36,2013-04-03 08:54:17,22,92,,,219,72813,3,4.0,1,0.0,0.0244,5.15,21,129.04,0,2715,2,11,1,0,1,0,,,0,,,,0.0,0.0,,,,,,,,,,,,,,,,,,,,0,,0,,,0.5,0.5,0.0,0.121229368241,0.419690473701,,,
193,36,2013-04-03 08:54:17,22,92,,,219,72857,3,4.5,1,0.69,0.007,5.37,20,164.06,0,2715,2,11,1,0,1,0,,,0,,,,0.0,0.0,,,,,,,,,,,,,,,,,,,,0,,0,,,0.5,0.75,0.3,0.0221969265794,0.602792010875,,,
194,36,2013-04-03 08:54:17,22,92,,,219,76617,3,4.0,0,1.79,0.1788,4.69,2,76.27,1,2715,2,11,1,0,1,0,,,0,,,,-1.0,0.0,22.0,,,,,,,,,,,,,,,,-1.0,0.0,22.0,0,,0,,,0.5,0.5,0.778260869565,1.0,0.143783331591,,,
195,36,2013-04-03 08:54:17,22,92,,,219,77482,3,3.5,1,2.2,0.1489,4.79,3,104.29,1,2715,2,11,1,0,1,0,,,0,,,,0.0,0.0,,0.0,0.0,,,,,0.0,0.0,,,,,,,,0.0,0.0,,0,,0,,,0.5,0.25,0.95652173913,0.829823562891,0.290285475269,,,
196,36,2013-04-03 08:54:17,22,92,,,219,79231,3,5.0,1,1.95,0.0083,5.12,31,122.04,0,2715,2,11,1,0,1,0,,,0,,,,0.0,0.0,,,,,,,,,,,,,,,,,,,,0,,0,,,0.5,1.0,0.847826086957,0.0295959021059,0.383091080205,,,
197,36,2013-04-03 08:54:17,22,92,,,219,83407,3,4.5,1,2.3,0.0181,5.02,8,120.04,0,2715,2,11,1,0,1,0,,,0,,,,0.0,0.0,,0.0,0.0,,,,,,,,,,,,,,0.0,0.0,,0,,0,,,0.5,0.75,1.0,0.0853727945361,0.372634110635,,,
198,36,2013-04-03 08:54:17,22,92,,,219,94354,3,4.5,1,0.0,0.0197,5.11,13,152.15,0,2715,2,11,1,0,1,0,,,0,,,,,,,,,,,,,,,,,,,,,,,,,0,,0,,,0.5,0.75,0.0,0.0944792259533,0.540520757085,,,
199,36,2013-04-03 08:54:17,22,92,,,219,114366,3,4.5,1,0.0,0.012,5.1,27,142.05,0,2715,2,11,1,0,1,0,,,0,,,,0.0,0.0,,0.0,0.0,,,,,,,,,,,,,,0.0,0.0,,0,,0,,,0.5,0.75,0.0,0.0506545247581,0.487713060755,,,
200,36,2013-04-03 08:54:17,22,92,,,219,120901,3,5.0,1,1.95,0.0278,5.16,28,135.0,0,2715,2,11,1,0,1,0,,,0,,,,,,,,,,,,,,,,,,,,,,,,,0,,0,,,0.5,1.0,0.847826086957,0.140580535003,0.45085224302,,,
201,36,2013-04-03 08:54:17,22,92,,,219,127949,2,4.0,1,0.0,0.0369,4.49,14,74.03,0,2715,2,11,1,0,1,0,,,0,,,,,,,,,,,,,,,,,,,,,,,,,0,,0,,,0.0,0.5,0.0,0.192373363688,0.132071525672,,,
202,36,2013-04-03 08:54:17,22,92,,,219,130634,3,4.5,1,0.69,0.0052,5.39,18,189.06,0,2715,2,11,1,0,1,0,,,0,,,,0.0,0.0,,,,,,,,,,,,,,,,,,,,0,,0,,,0.5,0.75,0.3,0.0119521912351,0.733504130503,,,
203,36,2013-04-03 08:54:17,22,92,,,219,131053,4,4.5,1,1.39,0.0442,5.15,26,240.03,0,2715,2,11,1,0,1,0,,,0,,,,0.0,0.0,,,,,,,,,,,,,,,,,,,,0,,0,,,1.0,0.75,0.604347826087,0.233921457029,1.0,,,
204,36,2013-04-03 08:54:17,22,92,,,219,133389,3,4.5,0,0.69,0.0031,5.0,22,97.5,1,2715,2,11,1,0,1,0,,,0,,,,,,,0.0,0.0,,,,,,,,,,,,,,0.0,0.0,,0,,0,,,0.5,0.75,0.3,0.0,0.254784063578,,,
205,36,2013-04-03 08:54:17,22,92,,,219,136536,2,3.5,1,2.2,0.1025,4.48,10,75.03,0,2715,2,11,1,0,1,0,,,0,,,,-1.0,0.0,6.0,-1.0,0.0,6.0,,,,0.0,0.0,,,,,,,,-1.0,0.0,6.0,0,,0,,,0.0,0.25,0.95652173913,0.565737051793,0.137300010457,,,
206,36,2013-04-03 08:54:17,22,92,,,219,139830,3,4.5,1,1.95,0.0663,5.2,24,135.0,0,2715,2,11,1,0,1,0,,,0,,,,,,,,,,,,,,,,,,,,,,,,,0,,0,,,0.5,0.75,0.847826086957,0.359704040979,0.45085224302,,,
207,42,2012-12-19 14:24:00,14,100,,,100,2068,2,4.0,1,1.61,0.1238,4.49,7,68.77,0,5740,1,87,2,0,1,1,,55.71,0,,,,,,,,,,,,,,,,,,,,,,,,,0,,0,,,0.666666666667,0.888888888889,1.0,0.460202020202,0.187474248043,0.32380952381,,
208,42,2012-12-19 14:24:00,14,100,,,100,14445,0,3.0,0,1.1,0.0457,4.95,13,50.57,0,5740,1,87,2,0,1,1,,57.57,0,,,,,,,,,,,,,,,,,,,,,,,,,0,,0,,,0.0,0.666666666667,0.683229813665,0.144646464646,0.0,0.914285714286,,
209,42,2012-12-19 14:24:00,14,100,,,100,24416,2,0.0,0,0.69,0.0099,4.9,4,79.89,0,5740,1,87,2,0,1,1,,54.69,0,,,,,,,,,,,,,,,,,,,,,,,,,1,,0,,,0.666666666667,0.0,0.428571428571,0.0,0.30201895344,0.0,,
210,42,2012-12-19 14:24:00,14,100,,,100,27963,0,4.5,0,1.1,0.0573,4.95,12,123.38,0,5740,1,87,2,0,1,1,,57.84,0,,,,,,,,,,,,,,,,,,,,,,,,,0,,0,,,0.0,1.0,0.683229813665,0.191515151515,0.75,1.0,,
211,42,2012-12-19 14:24:00,14,100,,,100,48834,2,3.5,0,0.69,0.0347,4.9,3,70.79,0,5740,1,87,2,0,1,1,,55.95,0,,,,,,,,,,,,,,,,,,,,,,,,,1,,0,,,0.666666666667,0.777777777778,0.428571428571,0.100202020202,0.208281829419,0.4,,
212,42,2012-12-19 14:24:00,14,100,,,100,61713,2,4.0,1,0.0,0.2079,5.13,1,108.21,0,5740,1,87,2,0,1,1,,57.57,0,,,,,,,,,,,,,,,,,,,,,,,,,1,122.34,1,,,0.666666666667,0.888888888889,0.0,0.8,0.593737124021,0.914285714286,,
213,42,2012-12-19 14:24:00,14,100,,,100,61911,2,4.0,1,1.39,0.147,4.82,9,104.17,0,5740,1,87,2,0,1,1,,55.66,0,,,,,,,,,,,,,,,,,,,,,,,,,0,,0,,,0.666666666667,0.888888888889,0.863354037267,0.553939393939,0.552121961269,0.307936507937,,
214,42,2012-12-19 14:24:00,14,100,,,100,64773,2,2.5,1,1.1,0.0693,4.9,6,80.91,0,5740,1,87,2,0,1,1,,56.67,0,,,,,,,,,,,,,,,,,,,,,,,,,0,,0,,,0.666666666667,0.555555555556,0.683229813665,0.24,0.312525751957,0.628571428571,,
215,42,2012-12-19 14:24:00,14,100,,,100,71686,3,4.5,1,1.1,0.2574,5.11,2,147.65,0,5740,1,87,2,0,1,1,,55.64,0,,,,,,,,,,,,,,,,,,,,,,,,,0,,0,,,1.0,1.0,0.683229813665,1.0,1.0,0.301587301587,,
216,42,2012-12-19 14:24:00,14,100,,,100,78743,2,3.5,1,1.39,0.0666,4.37,8,70.79,0,5740,1,87,2,0,1,1,,56.0,0,,,,,,,,,,,,,,,,,,,,,,,,,0,,0,,,0.666666666667,0.777777777778,0.863354037267,0.229090909091,0.208281829419,0.415873015873,,
217,42,2012-12-19 14:24:00,14,100,,,100,82226,3,3.0,1,1.39,0.1367,5.08,10,135.52,0,5740,1,87,2,0,1,1,,55.59,0,,,,,,,,,,,,,,,,,,,,,,,,,0,,0,,,1.0,0.666666666667,0.863354037267,0.512323232323,0.875051503914,0.285714285714,,
218,45,2013-05-18 09:25:08,14,100,,,219,2924,4,4.5,1,2.3,0.0499,5.27,3,174.11,0,10948,1,0,2,0,1,1,,,0,,,,0.0,0.0,,0.0,0.0,,,,,,,,,,,,,,0.0,0.0,,0,,0,,,1.0,1.0,0.774038461538,0.383045525903,0.536691190341,,,
219,45,2013-05-18 09:25:08,14,100,,,219,25444,4,4.0,1,2.3,0.086,5.02,9,174.11,0,10948,1,0,2,0,1,1,,,0,,,,,,,0.0,0.0,,,,,,,,,,,,,,0.0,0.0,,0,,0,,,1.0,0.888888888889,0.774038461538,0.666405023548,0.536691190341,,,
220,45,2013-05-18 09:25:08,14,100,,,219,31792,2,4.0,1,2.08,0.0085,4.68,13,102.13,0,10948,1,0,2,0,1,1,,,0,,,,,,,0.0,0.0,,,,,,,,,,,,,,-1.0,0.0,9.0,0,,0,,,0.5,0.888888888889,0.668269230769,0.0580847723705,0.197226938314,,,
221,45,2013-05-18 09:25:08,14,100,,,219,34700,2,3.0,1,2.77,0.0027,4.58,16,87.54,0,10948,1,0,2,0,1,1,,,0,,,,,,,,,,,,,,,,,,,,,,0.0,0.0,,0,,0,,,0.5,0.666666666667,1.0,0.0125588697017,0.128419166195,,,
222,45,2013-05-18 09:25:08,14,100,,,219,38213,0,4.0,0,0.69,0.0019,4.52,21,68.09,0,10948,1,0,2,0,1,1,,,0,,,,,,,,,,,,,,,,,,,,,,,,,0,,0,,,0.0,0.888888888889,0.0,0.00627943485086,0.0366911903414,,,
223,45,2013-05-18 09:25:08,14,100,,,219,48994,2,3.5,1,1.39,0.0598,4.59,7,106.99,0,10948,1,0,2,0,1,1,,,0,,,,0.0,0.0,,0.0,0.0,,,,,,,,,,,,,,0.0,0.0,,0,,0,,,0.5,0.777777777778,0.336538461538,0.460753532182,0.220147142049,,,
224,45,2013-05-18 09:25:08,14,100,,,219,66321,2,3.0,1,1.79,0.1285,4.45,12,67.11,0,10948,1,0,2,0,1,1,,,0,,,,0.0,0.0,,0.0,0.0,,,,,,,,,,,,,,0.0,0.0,,0,,0,,,0.5,0.666666666667,0.528846153846,1.0,0.032069420864,,,
225,45,2013-05-18 09:25:08,14,100,,,219,66729,2,4.0,1,2.3,0.0787,4.51,10,136.17,0,10948,1,0,2,0,1,1,,,0,,,,0.0,0.0,,0.0,0.0,,,,,,,,,,,,,,0.0,0.0,,0,,0,,,0.5,0.888888888889,0.774038461538,0.609105180534,0.357762686286,,,
226,45,2013-05-18 09:25:08,14,100,,,219,67334,0,3.5,0,2.71,0.0012,4.74,20,76.84,0,10948,1,0,2,0,1,1,,,0,,,,,,,,,,,,,,,,,,,,,,,,,0,,0,,,0.0,0.777777777778,0.971153846154,0.000784929356358,0.0779569892473,,,
227,45,2013-05-18 09:25:08,14,100,,,219,83828,2,0.0,0,0.69,0.0021,4.51,15,67.11,0,10948,1,0,2,0,1,1,,,0,,,,,,,,,,,,,,,,,,,,,,0.0,0.0,,0,,0,,,0.5,0.0,0.0,0.00784929356358,0.032069420864,,,
228,45,2013-05-18 09:25:08,14,100,,,219,88186,3,4.5,1,2.48,0.0572,5.24,2,205.23,0,10948,1,0,2,0,1,1,,,0,,,,,1.0,,0.0,0.0,,,,,,,,,,,,,,0.0,0.0,,0,,0,,,0.75,1.0,0.860576923077,0.440345368917,0.683455951707,,,
229,45,2013-05-18 09:25:08,14,100,,,219,88719,2,2.0,1,1.39,0.0492,4.45,8,60.31,1,10948,1,0,2,0,1,1,,,0,,,,0.0,0.0,11.0,0.0,0.0,,,,,,,,,,,,,,0.0,0.0,,1,60.95,1,,,0.5,0.444444444444,0.336538461538,0.377551020408,0.0,,,
230,45,2013-05-18 09:25:08,14,100,,,219,92219,3,4.0,1,1.1,0.0096,4.86,14,145.9,0,10948,1,0,2,0,1,1,,,0,,,,-1.0,0.0,6.0,-1.0,0.0,6.0,,,,,,,,,,,,,-1.0,0.0,6.0,0,,0,,,0.75,0.888888888889,0.197115384615,0.0667189952904,0.403650254669,,,
231,45,2013-05-18 09:25:08,14,100,,,219,102243,0,3.5,0,1.1,0.0019,4.43,22,67.11,0,10948,1,0,2,0,1,1,,,0,,,,,,,,,,,,,,,,,,,,,,,,,0,,0,,,0.0,0.777777777778,0.197115384615,0.00627943485086,0.032069420864,,,
232,45,2013-05-18 09:25:08,14,100,,,219,108521,0,2.5,1,1.61,0.0018,4.9,18,86.57,0,10948,1,0,2,0,1,1,,,0,,,,,,,,,,,,,,,,,,,,,,,1.0,,0,,0,,,0.0,0.555555555556,0.442307692308,0.00549450549451,0.123844557631,,,
233,45,2013-05-18 09:25:08,14,100,,,219,113139,3,3.0,1,1.79,0.0169,4.81,1,86.57,1,10948,1,0,2,0,1,1,,,0,,,,0.0,0.0,,0.0,0.0,,,,,,,,,,,,,,0.0,0.0,,0,,0,,,0.75,0.666666666667,0.528846153846,0.124018838305,0.123844557631,,,
234,45,2013-05-18 09:25:08,14,100,,,219,118133,0,4.0,1,0.69,0.0011,4.74,19,63.22,0,10948,1,0,2,0,1,1,,,0,,,,1.0,0.0,8.0,1.0,0.0,7.0,,,,,,,,,,,,,,1.0,,0,,0,,,0.0,0.888888888889,0.0,0.0,0.0137238256933,,,
235,45,2013-05-18 09:25:08,14,100,,,219,120386,3,4.5,1,1.95,0.0773,5.58,6,272.35,0,10948,1,0,2,0,1,1,,,0,,,,0.0,0.0,,0.0,0.0,,,,,,,,,,,,,,0.0,0.0,,0,,0,,,0.75,1.0,0.605769230769,0.598116169545,1.0,,,
236,45,2013-05-18 09:25:08,14,100,,,219,122341,0,,0,2.2,,0.0,24,245.11,0,10948,1,0,2,0,1,1,,,0,,,,,,,,,,,,,,,,,,,,,,,,,0,,0,,,0.0,,0.725961538462,,0.871533672892,,,
237,45,2013-05-18 09:25:08,14,100,,,219,132511,3,4.0,1,1.1,0.0349,5.22,4,194.53,0,10948,1,0,2,0,1,1,,,0,,,,0.0,0.0,,0.0,0.0,,,,,,,,,,,,,,0.0,0.0,,0,,0,,,0.75,0.888888888889,0.197115384615,0.265306122449,0.632993774759,,,
238,47,2013-01-14 22:28:43,14,100,4.31,180.75,137,6618,3,4.0,0,4.13,0.1492,4.78,25,118.94,0,13901,6,3,1,1,1,0,,5592.09,0,,,,,,,,,,,,,-1.0,0.0,16.0,,,,,1.0,,,,,0,,0,1.31,61.81,0.0,0.8,0.971563981043,0.66943359375,0.190162876955,0.463035019455,1.0,0.323623049984
239,47,2013-01-14 22:28:43,14,100,4.31,180.75,137,11747,4,4.5,0,4.03,0.1439,5.34,12,113.86,0,13901,6,3,1,1,1,0,,5592.33,0,,,,,,,,,,,,,,1.0,,,,,,,,,,,0,,0,0.31,66.89,0.5,0.9,0.924170616114,0.6435546875,0.173778422835,0.556420233463,0.0,0.350578372068
240,47,2013-01-14 22:28:43,14,100,4.31,180.75,137,18311,4,4.0,0,3.93,0.1366,5.44,14,129.1,0,13901,6,3,1,1,1,0,,5592.6,0,,,,,,,,,,,,,0.0,0.0,,,,,,,,,,,0,,0,0.31,51.65,0.5,0.8,0.876777251185,0.60791015625,0.222931785196,0.661478599222,0.0,0.269712405816
241,47,2013-01-14 22:28:43,14,100,4.31,180.75,137,19599,3,4.0,0,4.16,0.1647,5.03,26,94.54,0,13901,6,3,1,1,1,0,,5591.92,0,,,,-1.0,0.0,3.0,,,,,,,0.0,0.0,10.0,,,,,1.0,,,,,0,,0,1.31,86.21,0.0,0.8,0.985781990521,0.7451171875,0.111465892598,0.396887159533,1.0,0.453093494641
242,47,2013-01-14 22:28:43,14,100,4.31,180.75,137,24002,4,4.5,0,4.16,0.181,5.6,3,185.02,0,13901,6,3,1,1,1,0,,5592.13,0,,,,,,,,,,,,,0.0,0.0,7.0,,,,,,,,,,0,,0,0.31,4.27,0.5,0.9,0.985781990521,0.82470703125,0.403289791969,0.47859922179,0.0,0.0183062718879
243,47,2013-01-14 22:28:43,14,100,4.31,180.75,137,29732,3,3.5,0,2.83,0.047,4.69,31,59.98,0,13901,6,3,1,1,1,0,,5593.31,0,,,,1.0,0.0,2.0,,,,,,,0.0,0.0,,,,,0.0,0.0,,,,,0,,0,1.31,120.77,0.0,0.7,0.355450236967,0.17041015625,0.0,0.937743190662,1.0,0.636474583466
244,47,2013-01-14 22:28:43,14,100,4.31,180.75,137,35796,3,3.5,0,2.64,0.0403,5.0,27,97.59,0,13901,6,3,1,1,1,0,,5590.9,0,,,,,,,,,,,,,0.0,0.0,,,,,,,,,,,0,,0,1.31,83.16,0.0,0.7,0.265402843602,0.1376953125,0.121303015643,0.0,1.0,0.436909689059
245,47,2013-01-14 22:28:43,14,100,4.31,180.75,137,36148,3,3.5,0,4.06,0.1241,4.84,34,74.21,0,13901,6,3,1,1,1,0,,5592.39,0,,,,,,,,,,,,,0.0,0.0,,,,,,,,,,,0,,0,1.31,106.54,0.0,0.7,0.938388625592,0.546875,0.0458958232543,0.579766536965,1.0,0.560967844635
246,47,2013-01-14 22:28:43,14,100,4.31,180.75,137,41784,4,3.0,1,2.3,0.0622,5.15,22,142.32,0,13901,6,3,1,1,1,0,,5591.13,0,,,,1.0,0.0,2.0,,,,,,,,,,,,,0.0,0.0,,,,,0,,0,0.31,38.43,0.5,0.6,0.104265402844,0.24462890625,0.265570069344,0.0894941634243,0.0,0.199564894407
247,47,2013-01-14 22:28:43,14,100,4.31,180.75,137,43781,4,3.5,1,3.99,0.2159,5.21,6,109.79,0,13901,6,3,1,1,1,0,,5592.02,0,,,,1.0,0.0,66.0,,,,,,,0.0,0.0,,,,,1.0,0.0,30.0,,,,0,,0,0.31,70.96,0.5,0.7,0.905213270142,0.9951171875,0.160651507821,0.43579766537,0.0,0.37217446673
248,47,2013-01-14 22:28:43,14,100,4.31,180.75,137,51037,3,3.5,0,3.64,0.0157,5.03,30,86.41,1,13901,6,3,1,1,1,0,,5591.25,0,,,,,,,,,,,,,,,,,,,,,,,,,0,,0,1.31,94.34,0.0,0.7,0.739336492891,0.017578125,0.085244315433,0.136186770428,1.0,0.496232622307
249,47,2013-01-14 22:28:43,14,100,4.31,180.75,137,54593,3,3.5,0,3.97,0.1546,5.03,29,121.99,0,13901,6,3,1,1,1,0,,5591.99,0,,,,,,,,,,,,,1.0,0.0,2.0,,,,,,,,,,0,,0,1.31,58.76,0.0,0.7,0.895734597156,0.69580078125,0.2,0.424124513619,1.0,0.307439244402
