,srch_id,date_time,site_id,visitor_location_country_id,visitor_hist_starrating,visitor_hist_adr_usd,prop_country_id,prop_id,prop_starrating,prop_review_score,prop_brand_bool,prop_location_score1,prop_location_score2,prop_log_historical_price,position,price_usd,promotion_flag,srch_destination_id,srch_length_of_stay,srch_booking_window,srch_adults_count,srch_children_count,srch_room_count,srch_saturday_night_bool,srch_query_affinity_score,orig_destination_distance,random_bool,comp1_rate,comp1_inv,comp1_rate_percent_diff,comp2_rate,comp2_inv,comp2_rate_percent_diff,comp3_rate,comp3_inv,comp3_rate_percent_diff,comp4_rate,comp4_inv,comp4_rate_percent_diff,comp5_rate,comp5_inv,comp5_rate_percent_diff,comp6_rate,comp6_inv,comp6_rate_percent_diff,comp7_rate,comp7_inv,comp7_rate_percent_diff,comp8_rate,comp8_inv,comp8_rate_percent_diff,click_bool,gross_bookings_usd,booking_bool,day_part,season,diff_usd,diff_starrating,prop_starrating|srch_id_normalized,prop_review_score|srch_id_normalized,prop_location_score1|srch_id_normalized,prop_location_score2|srch_id_normalized,price_usd|srch_id_normalized,orig_destination_distance|srch_id_normalized
0,17,2012-11-05 19:52:18,18,129,,,31,2196,4,4.5,0,6.83,0.7355,5.58,29,275.11,1,6285,4,194,4,1,2,1,,433.61,1,,,,,,,,,,,,,0.0,0.0,,1.0,0.0,3.0,1.0,0.0,3.0,,,,0,,0,4,4,,,1.0,1.0,0.8571428571428571,0.9235350933676757,0.7229380082374064,0.1826923076923119
1,17,2012-11-05 19:52:18,18,129,,,31,3309,3,3.5,0,6.64,0.3716,4.66,2,150.99,0,6285,4,194,4,1,2,1,,434.25,1,,,,,,,,,,,,,,,,,,,0.0,0.0,,,,,0,,0,4,4,,,0.0,0.5,0.5178571428571425,0.33773341918866706,0.06753617066216085,0.7980769230769357
2,17,2012-11-05 19:52:18,18,129,,,31,11331,4,4.0,0,6.89,0.7774,5.17,6,305.82,0,6285,4,194,4,1,2,1,,433.88,1,,,,,,,,,,,,,0.0,0.0,,,,,,,,,,,0,,0,4,4,,,1.0,0.75,0.9642857142857135,0.9909851899549259,0.8850987432675045,0.4423076923076881
3,17,2012-11-05 19:52:18,18,129,,,31,17795,4,4.0,0,6.87,0.7659,5.5,25,271.27,1,6285,4,194,4,1,2,1,,433.97,1,,,,,,,,,,,,,,,,1.0,0.0,11.0,1.0,0.0,220.0,,,,0,,0,4,4,,,1.0,0.75,0.9285714285714286,0.9724726336123634,0.7026613158728482,0.5288461538461833
4,17,2012-11-05 19:52:18,18,129,,,31,21770,3,4.5,0,6.73,0.6478,5.12,14,168.91,0,6285,4,194,4,1,2,1,,433.46,1,,,,,,,,,,,,,1.0,0.0,10.0,,,,1.0,0.0,24.0,,,,0,,0,4,4,,,0.0,1.0,0.6785714285714294,0.7823567289117838,0.16216073503009826,0.038461538461504824
5,17,2012-11-05 19:52:18,18,129,,,31,23984,4,4.0,0,6.9,0.6856,5.33,10,327.58,0,6285,4,194,4,1,2,1,,433.82,1,,,,,,,,,,,,,-1.0,0.0,30.0,-1.0,0.0,30.0,1.0,0.0,148.0,,,,0,,0,4,4,,,1.0,0.75,0.9821428571428575,0.8432066967160335,1.0,0.3846153846153762
6,17,2012-11-05 19:52:18,18,129,,,31,28503,4,4.5,0,6.87,0.6705,5.55,21,203.45,0,6285,4,194,4,1,2,1,,434.08,1,,,,,,,,,,,,,0.0,0.0,,0.0,0.0,,0.0,0.0,,,,,0,,0,4,4,,,1.0,1.0,0.9285714285714286,0.8188989053444945,0.3445453585383884,0.6346153846153763
7,17,2012-11-05 19:52:18,18,129,,,31,35054,4,3.5,0,6.75,0.7072,5.52,22,310.94,0,6285,4,194,4,1,2,1,,433.56,1,,,,,,,,,,,,,0.0,0.0,,0.0,0.0,,0.0,0.0,,,,,0,,0,4,4,,,1.0,0.5,0.7142857142857143,0.8779781068898908,0.9121343330869153,0.1346153846153762
8,17,2012-11-05 19:52:18,18,129,,,31,43549,3,4.0,0,6.89,0.7204,5.34,19,189.38,1,6285,4,194,4,1,2,1,,433.8,1,,,,,,,,,,,,,0.0,0.0,,,,,0.0,0.0,,,,,0,,0,4,4,,,0.0,0.75,0.9642857142857135,0.8992273019961365,0.27025029042137505,0.3653846153846238
9,17,2012-11-05 19:52:18,18,129,,,31,45379,3,4.0,0,6.7,0.6259,5.03,30,278.95,0,6285,4,194,4,1,2,1,,433.56,1,,,,,,,,,,,,,0.0,0.0,,,,,0.0,0.0,,,,,0,,0,4,4,,,0.0,0.75,0.6250000000000004,0.747102382485512,0.7432147006019644,0.1346153846153762
10,17,2012-11-05 19:52:18,18,129,,,31,56046,4,4.0,0,6.69,0.6168,5.0,9,229.05,0,6285,4,194,4,1,2,1,,433.43,1,,,,,,,,,,,,,0.0,0.0,,0.0,0.0,,,1.0,,,,,0,,0,4,4,,,1.0,0.75,0.607142857142858,0.7324533161622666,0.4797233076354421,0.009615384615376206
11,17,2012-11-05 19:52:18,18,129,,,31,58295,4,4.5,1,6.89,0.7829999999999999,5.67,4,323.74,0,6285,4,194,4,1,2,1,,433.88,1,,,,,,,,,,,,,-1.0,0.0,15.0,-1.0,0.0,15.0,,1.0,,,,,0,,0,4,4,,,1.0,1.0,0.9642857142857135,1.0,0.9797233076354421,0.4423076923076881
12,17,2012-11-05 19:52:18,18,129,,,31,66095,4,3.5,0,6.88,0.7731,5.23,26,235.44,1,6285,4,194,4,1,2,1,,433.96,1,,,,,,,,,,,,,,,,-1.0,0.0,9.0,,1.0,,,,,0,,0,4,4,,,1.0,0.5,0.9464285714285711,0.9840631036703155,0.5134649910233394,0.5192307692307524
13,17,2012-11-05 19:52:18,18,129,,,31,66890,4,4.0,1,6.7,0.5063,5.31,35,255.92,1,6285,4,194,4,1,2,1,,434.23,1,,,,,,,,,,,,,0.0,0.0,,0.0,0.0,,0.0,0.0,,,,,0,,0,4,4,,,1.0,0.75,0.6250000000000004,0.5545717965228589,0.6216073503009821,0.7788461538461833
14,17,2012-11-05 19:52:18,18,129,,,31,73557,3,4.0,0,6.79,0.7462,5.15,7,174.02,0,6285,4,194,4,1,2,1,,433.67,1,,,,,,,,,,,,,0.0,0.0,,,,,-1.0,0.0,5.0,,,,0,,0,4,4,,,0.0,0.75,0.7857142857142857,0.9407598197037992,0.18914352096314302,0.2403846153846238
15,17,2012-11-05 19:52:18,18,129,,,31,73790,3,4.0,0,6.69,0.6081,5.15,34,197.06,0,6285,4,194,4,1,2,1,,433.42,1,,,,,,,,,,,,,0.0,0.0,,1.0,0.0,16.0,,,,,,,0,,0,4,4,,,0.0,0.75,0.607142857142858,0.7184481648422408,0.3108036751504912,0.0
16,17,2012-11-05 19:52:18,18,129,,,31,78834,3,4.5,0,6.91,0.6483,5.58,12,299.42,0,6285,4,194,4,1,2,1,,433.81,1,,,,,,,,,,,,,-1.0,0.0,18.0,-1.0,0.0,18.0,-1.0,0.0,18.0,,,,0,,0,4,4,,,0.0,1.0,1.0,0.7831616226658081,0.8513042559932412,0.375
17,17,2012-11-05 19:52:18,18,129,,,31,82886,4,4.5,0,6.9,0.7496,5.34,3,202.18,1,6285,4,194,4,1,2,1,,433.88,1,,,,,,,,,,,,,0.0,0.0,,0.0,0.0,,0.0,0.0,,,,,0,,0,4,4,,,1.0,1.0,0.9821428571428575,0.9462330972311657,0.3378392649699019,0.4423076923076881
18,17,2012-11-05 19:52:18,18,129,,,31,83594,3,4.0,0,6.76,0.7088,5.1,33,179.14,0,6285,4,194,4,1,2,1,,433.61,1,,,,,,,,,,,,,1.0,0.0,4.0,,1.0,,1.0,0.0,3.0,,,,0,,0,4,4,,,0.0,0.75,0.7321428571428568,0.8805537669027688,0.21617911078255359,0.1826923076923119
19,17,2012-11-05 19:52:18,18,129,,,31,84999,3,4.5,0,6.8,0.767,5.15,20,243.12,0,6285,4,194,4,1,2,1,,433.66,1,,,,,,,,,,,,,,,,,,,,,,,,,0,,0,4,4,,,0.0,1.0,0.8035714285714282,0.974243399871217,0.5540183757524555,0.23076923076924757
20,17,2012-11-05 19:52:18,18,129,,,31,85819,3,3.0,0,6.35,0.1618,5.06,15,138.2,0,6285,4,194,4,1,2,1,,434.43,1,,,,,,,,,,,,,0.0,0.0,,,,,,,,,,,0,,0,4,4,,,0.0,0.25,0.0,0.0,0.0,0.9711538461538713
21,17,2012-11-05 19:52:18,18,129,,,31,87596,3,2.5,0,6.91,0.727,5.07,28,182.98,0,6285,4,194,4,1,2,1,,433.87,1,,,,,,,,,,,,,,,,,,,,,,,,,1,,0,4,4,,,0.0,0.0,1.0,0.9098518995492594,0.23645580314711165,0.4326923076923119
22,17,2012-11-05 19:52:18,18,129,,,31,90634,4,4.0,0,6.4,0.1864,5.54,1,185.54,1,6285,4,194,4,1,2,1,,434.46,1,,,,,,,,,,,,,0.0,0.0,,0.0,0.0,,0.0,0.0,,,,,0,,0,4,4,,,1.0,0.75,0.08928571428571548,0.03960077269800388,0.24997359805681701,1.0
23,17,2012-11-05 19:52:18,18,129,,,31,91671,3,4.0,0,6.74,0.7005,5.14,8,225.21,0,6285,4,194,4,1,2,1,,433.54,1,,,,,,,,,,,,,0.0,0.0,,,,,,,,,,,0,,0,4,4,,,0.0,0.75,0.6964285714285718,0.8671925305859626,0.45944661527088404,0.11538461538462379
24,17,2012-11-05 19:52:18,18,129,,,31,101782,4,4.0,0,6.9,0.7543,5.7,32,231.61,1,6285,4,194,4,1,2,1,,433.87,1,,,,,,,,,,,,,0.0,0.0,,0.0,0.0,,0.0,0.0,,,,,0,,0,4,4,,,1.0,0.75,0.9821428571428575,0.9537990985189956,0.49324110254514747,0.4326923076923119
25,17,2012-11-05 19:52:18,18,129,,,31,104381,4,4.0,0,6.74,0.6728,5.3,24,262.32,0,6285,4,194,4,1,2,1,,433.67,1,,,,,,,,,,,,,0.0,0.0,,0.0,0.0,,,,,,,,0,,0,4,4,,,1.0,0.75,0.6964285714285718,0.822601416613007,0.6554018375752456,0.2403846153846238
26,17,2012-11-05 19:52:18,18,129,,,31,114872,4,4.5,0,6.82,0.7505,5.73,18,225.21,0,6285,4,194,4,1,2,1,,433.61,1,,,,,,,,,,,,,,,,,,,,,,,,,0,,0,4,4,,,1.0,1.0,0.8392857142857146,0.9476819059884096,0.45944661527088404,0.1826923076923119
27,17,2012-11-05 19:52:18,18,129,,,31,116414,3,3.0,0,6.89,0.7614,5.22,13,165.07,0,6285,4,194,4,1,2,1,,433.92,1,,,,,,,,,,,,,0.0,0.0,,,,,,,,,,,0,,0,4,4,,,0.0,0.25,0.9642857142857135,0.9652285898261428,0.14188404266554022,0.4807692307692476
28,17,2012-11-05 19:52:18,18,129,,,31,119357,3,4.0,0,6.88,0.7592,5.04,27,190.66,0,6285,4,194,4,1,2,1,,433.98,1,,,,,,,,,,,,,0.0,0.0,,1.0,0.0,3.0,1.0,1.0,7.0,,,,0,,0,4,4,,,0.0,0.75,0.9464285714285711,0.9616870573084352,0.27700918787622775,0.5384615384615595
29,17,2012-11-05 19:52:18,18,129,,,31,122245,3,3.5,0,6.72,0.6225,5.12,16,221.37,0,6285,4,194,4,1,2,1,,433.69,1,,,,,,,,,,,,,-1.0,0.0,4.0,,,,,,,,,,0,,0,4,4,,,0.0,0.5,0.6607142857142854,0.7416291049581456,0.439169922906326,0.2596153846153762
30,17,2012-11-05 19:52:18,18,129,,,31,136312,4,4.0,0,6.91,0.7394,5.49,31,301.98,0,6285,4,194,4,1,2,1,,433.89,1,,,,,,,,,,,,,0.0,0.0,,0.0,0.0,,0.0,0.0,,,,,0,,0,4,4,,,1.0,0.75,1.0,0.9298132646490662,0.8648220509029466,0.4519230769230643
31,40,2012-12-26 11:38:48,32,220,,,98,1795,3,4.5,0,4.37,0.1573,4.31,32,58.12,0,6753,2,90,2,0,1,0,,,1,,,,,,,,,,,,,,,,,,,,,,,,,0,,0,2,1,,,0.0,0.9,0.9416342412451364,0.3747200796217964,0.3846819024088943,
32,40,2012-12-26 11:38:48,32,220,,,98,2636,4,5.0,0,4.49,0.2697,4.48,30,91.32,0,6753,2,90,2,0,1,0,,,1,,,,,,,,,,,,,,,,,,,,,,,,,0,,0,2,1,,,0.5,1.0,0.9883268482490275,0.6543916397113709,0.7948116121062383,
33,40,2012-12-26 11:38:48,32,220,,,98,9109,4,4.0,0,4.41,0.0922,4.39,15,40.47,0,6753,2,90,2,0,1,0,,,1,,,,,,,,,,,,,,,,,,,,,,,,,0,,0,2,1,,,0.5,0.8,0.9571984435797668,0.21273948743468524,0.1666460778258184,
34,40,2012-12-26 11:38:48,32,220,,,98,10396,3,3.5,0,4.42,0.3606,4.36,9,64.34,0,6753,2,90,2,0,1,0,,,1,,,,,,,,,,,,,,,,,,,,,,,,,0,,0,2,1,,,0.0,0.7,0.9610894941634243,0.8805673052998257,0.4615194564546016,
35,40,2012-12-26 11:38:48,32,220,,,98,21090,4,4.0,0,4.37,0.3224,4.55,25,77.83,1,6753,2,90,2,0,1,0,,,1,,,,,,,,,,,,,,,,,,,,,,,,,0,,0,2,1,,,0.5,0.8,0.9416342412451364,0.7855187857676039,0.6281655342804199,
36,40,2012-12-26 11:38:48,32,220,,,98,25048,3,3.0,0,4.36,0.1865,3.9,3,36.32,0,6753,2,90,2,0,1,0,,,1,,,,,,,,,,,,,,,,,,,,,,,,,0,,0,2,1,,,0.0,0.6,0.9377431906614788,0.4473749688977357,0.1153798641136504,
37,40,2012-12-26 11:38:48,32,220,,,98,30219,4,4.0,0,4.44,0.3723,4.34,6,52.93,0,6753,2,90,2,0,1,0,,,1,,,,,,,,,,,,,,,,,,,,,,,,,0,,0,2,1,,,0.5,0.8,0.9688715953307396,0.9096790246329933,0.32056825200741196,
38,40,2012-12-26 11:38:48,32,220,,,98,40075,3,3.5,0,4.47,0.3945,4.09,4,28.02,0,6753,2,90,2,0,1,0,,,1,,,,,,,,,,,,,,,,,,,,,,,,,0,,0,2,1,,,0.0,0.7,0.9805447470817121,0.9649166459318238,0.01284743668931438,
39,40,2012-12-26 11:38:48,32,220,,,98,47442,4,4.5,0,1.95,0.0067,4.91,12,70.57,1,6753,2,90,2,0,1,0,,,1,,,,,,,,,,,,,,,,,,,,,,,,,0,,0,2,1,,,0.5,0.9,0.0,0.0,0.5384805435453982,
40,40,2012-12-26 11:38:48,32,220,,,98,47865,3,2.5,0,4.51,0.3523,4.16,18,41.51,0,6753,2,90,2,0,1,0,,,1,,,,,,,,,,,,,,,,,,,,,,,,,0,,0,2,1,,,0.0,0.5,0.9961089494163425,0.859915401841254,0.17949351451513276,
41,40,2012-12-26 11:38:48,32,220,,,98,57473,4,4.0,0,4.33,0.3334,4.59,28,74.72,0,6753,2,90,2,0,1,0,,,1,,,,,,,,,,,,,,,,,,,,,,,,,0,,0,2,1,,,0.5,0.8,0.926070038910506,0.8128887783030604,0.5897467572575663,
42,40,2012-12-26 11:38:48,32,220,,,98,59364,4,3.5,0,4.39,0.4086,4.25,8,56.04,0,6753,2,90,2,0,1,0,,,1,,,,,,,,,,,,,,,,,,,,,,,,,1,,0,2,1,,,0.5,0.7,0.9494163424124514,1.0,0.3589870290302656,
43,40,2012-12-26 11:38:48,32,220,,,98,60476,4,4.0,1,4.41,0.3659,4.66,1,89.25,1,6753,2,90,2,0,1,0,,,1,,,,,,,,,,,,,,,,,,,,,,,,,0,,0,2,1,,,0.5,0.8,0.9571984435797668,0.8937546653396367,0.7692402717726992,
44,40,2012-12-26 11:38:48,32,220,,,98,61104,3,0.0,0,4.42,0.3362,4.2,24,45.66,0,6753,2,90,2,0,1,0,,,1,,,,,,,,,,,,,,,,,,,,,,,,,0,,0,2,1,,,0.0,0.0,0.9610894941634243,0.819855685493904,0.23075972822730076,
45,40,2012-12-26 11:38:48,32,220,,,98,65998,3,4.0,0,4.37,0.3209,4.1,36,44.62,1,6753,2,90,2,0,1,0,,,1,,,,,,,,,,,,,,,,,,,,,,,,,0,,0,2,1,,,0.0,0.8,0.9416342412451364,0.7817865140582234,0.21791229153798636,
46,40,2012-12-26 11:38:48,32,220,,,98,67123,3,0.0,0,3.37,,4.25,13,28.02,0,6753,2,90,2,0,1,0,,,1,,,,,,,,,,,,,,,,,,,,,,,,,0,,0,2,1,,,0.0,0.0,0.5525291828793776,,0.01284743668931438,
47,40,2012-12-26 11:38:48,32,220,,,98,70867,4,4.0,1,4.26,0.1442,4.43,29,50.85,0,6753,2,90,2,0,1,0,,,1,,,,,,,,,,,,,,,,,,,,,,,,,0,,0,2,1,,,0.5,0.8,0.8988326848249028,0.3421249066932072,0.2948733786287832,
48,40,2012-12-26 11:38:48,32,220,,,98,79020,4,4.0,1,4.28,0.2688,4.91,34,62.27,1,6753,2,90,2,0,1,0,,,1,,,,,,,,,,,,,,,,,,,,,,,,,0,,0,2,1,,,0.5,0.8,0.9066147859922181,0.6521522766857427,0.43594811612106243,
49,40,2012-12-26 11:38:48,32,220,,,98,82378,3,4.0,0,4.45,0.2291,4.26,27,36.32,1,6753,2,90,2,0,1,0,,,1,,,,,,,,,,,,,,,,,,,,,,,,,0,,0,2,1,,,0.0,0.8,0.9727626459143971,0.5533714854441403,0.1153798641136504,
50,40,2012-12-26 11:38:48,32,220,,,98,89643,4,4.5,1,4.28,0.0782,5.05,16,75.76,1,6753,2,90,2,0,1,0,,,1,,,,,,,,,,,,,,,,,,,,,,,,,0,,0,2,1,,,0.5,0.9,0.9066147859922181,0.17790495148046778,0.6025941939468807,
51,40,2012-12-26 11:38:48,32,220,,,98,89845,3,3.5,0,4.06,0.0543,4.03,31,26.98,0,6753,2,90,2,0,1,0,,,1,,,,,,,,,,,,,,,,,,,,,,,,,0,,0,2,1,,,0.0,0.7,0.8210116731517509,0.11843742224433938,0.0,
52,40,2012-12-26 11:38:48,32,220,,,98,91079,4,4.5,0,4.34,0.39899999999999997,4.34,19,60.19,0,6753,2,90,2,0,1,0,,,1,,,,,,,,,,,,,,,,,,,,,,,,,0,,0,2,1,,,0.5,0.9,0.9299610894941636,0.976113461059965,0.4102532427424335,
53,40,2012-12-26 11:38:48,32,220,,,98,92919,4,4.0,1,4.52,0.2955,4.35,26,58.12,1,6753,2,90,2,0,1,0,,,1,,,,,,,,,,,,,,,,,,,,,,,,,0,,0,2,1,,,0.5,0.8,1.0,0.7185867131127145,0.3846819024088943,
54,40,2012-12-26 11:38:48,32,220,,,98,93761,4,4.0,0,3.76,0.0863,4.6,20,66.42,0,6753,2,90,2,0,1,0,,,1,,,,,,,,,,,,,,,,,,,,,,,,,0,,0,2,1,,,0.5,0.8,0.7042801556420234,0.19805921871112217,0.4872143298332303,
55,40,2012-12-26 11:38:48,32,220,,,98,102933,4,0.0,1,2.3,,4.42,7,78.87,0,6753,2,90,2,0,1,0,,,1,,,,,,,,,,,,,,,,,,,,,,,,,0,,0,2,1,,,0.5,0.0,0.13618677042801555,,0.6410129709697344,
56,40,2012-12-26 11:38:48,32,220,,,98,105152,5,4.5,0,4.29,0.1353,4.84,33,107.93,0,6753,2,90,2,0,1,0,,,1,,,,,,,,,,,,,,,,,,,,,,,,,0,,0,2,1,,,1.0,0.9,0.9105058365758757,0.3199800945508833,1.0,
57,40,2012-12-26 11:38:48,32,220,,,98,105466,4,3.5,0,4.44,0.3728,4.31,10,37.36,0,6753,2,90,2,0,1,0,,,1,,,,,,,,,,,,,,,,,,,,,,,,,0,,0,2,1,,,0.5,0.7,0.9688715953307396,0.9109231152027868,0.12822730080296477,
58,40,2012-12-26 11:38:48,32,220,,,98,105819,3,4.0,0,4.25,0.2625,3.99,21,33.21,0,6753,2,90,2,0,1,0,,,1,,,,,,,,,,,,,,,,,,,,,,,,,0,,0,2,1,,,0.0,0.8,0.8949416342412453,0.6364767355063449,0.07696108709079678,
59,40,2012-12-26 11:38:48,32,220,,,98,122082,3,3.0,0,4.42,0.3413,4.12,14,39.44,0,6753,2,90,2,0,1,0,,,1,,,,,,,,,,,,,,,,,,,,,,,,,0,,0,2,1,,,0.0,0.6,0.9610894941634243,0.8325454093057975,0.15392217418159354,
60,40,2012-12-26 11:38:48,32,220,,,98,127369,4,3.5,0,4.38,0.317,4.46,22,67.46,1,6753,2,90,2,0,1,0,,,1,,,,,,,,,,,,,,,,,,,,,,,,,0,,0,2,1,,,0.5,0.7,0.9455252918287939,0.7720826076138343,0.5000617665225446,
61,40,2012-12-26 11:38:48,32,220,,,98,131168,4,3.5,0,4.2,0.1512,4.61,35,28.02,0,6753,2,90,2,0,1,0,,,1,,,,,,,,,,,,,,,,,,,,,,,,,0,,0,2,1,,,0.5,0.7,0.8754863813229574,0.35954217467031596,0.01284743668931438,
62,40,2012-12-26 11:38:48,32,220,,,98,137812,3,0.0,0,3.43,,4.25,2,33.21,1,6753,2,90,2,0,1,0,,,1,,,,,,,,,,,,,,,,,,,,,,,,,0,,0,2,1,,,0.0,0.0,0.5758754863813231,,0.07696108709079678,
63,66,2013-03-04 20:44:30,5,219,,,219,2459,3,3.5,1,2.77,,4.74,30,81.0,0,5483,1,18,2,0,1,1,-37.7935,,0,,,,0.0,0.0,,0.0,0.0,,,,,,,,,,,,,,0.0,0.0,,0,,0,4,2,,,0.5,0.625,0.8903225806451613,,0.40350877192982454,
64,66,2013-03-04 20:44:30,5,219,,,219,2746,3,5.0,1,2.71,0.1137,4.71,10,84.0,0,5483,1,18,2,0,1,1,-24.4869,,0,,,,-1.0,0.0,5.0,-1.0,0.0,5.0,,,,1.0,0.0,5.0,,,,,,,-1.0,0.0,5.0,0,,0,4,2,,,0.5,1.0,0.8516129032258065,0.02313167259786469,0.4298245614035088,
65,66,2013-03-04 20:44:30,5,219,,,219,4746,2,2.0,0,2.64,,3.99,34,35.0,0,5483,1,18,2,0,1,1,-49.5173,,0,,,,,,,,,,,,,1.0,0.0,42.0,,,,,,,1.0,0.0,42.0,0,,0,4,2,,,0.0,0.25,0.806451612903226,,0.0,
66,66,2013-03-04 20:44:30,5,219,,,219,12518,3,4.0,1,2.89,0.2235,4.74,4,69.0,0,5483,1,18,2,0,1,1,-20.6911,,0,,,,0.0,0.0,12.0,0.0,0.0,15.0,,,,,1.0,,,,,,,,0.0,0.0,6.0,0,,0,4,2,,,0.5,0.75,0.9677419354838711,1.0,0.2982456140350877,
67,66,2013-03-04 20:44:30,5,219,,,219,22849,3,3.0,1,2.71,,5.08,25,79.0,0,5483,1,18,2,0,1,1,-37.8893,,0,,,,0.0,0.0,,0.0,0.0,,,,,,,,,,,,,,0.0,0.0,,0,,0,4,2,,,0.5,0.5,0.8516129032258065,,0.38596491228070173,
68,66,2013-03-04 20:44:30,5,219,,,219,24719,2,2.0,0,2.83,,4.38,33,45.0,1,5483,1,18,2,0,1,1,-54.473,,0,,,,0.0,0.0,,,1.0,,,,,-1.0,0.0,5.0,,,,,,,-1.0,0.0,5.0,0,,0,4,2,,,0.0,0.25,0.9290322580645162,,0.08771929824561403,
69,66,2013-03-04 20:44:30,5,219,,,219,26022,3,4.5,1,2.48,0.1111,4.56,36,89.0,0,5483,1,18,2,0,1,1,-31.7636,,0,,,,0.0,0.0,,-1.0,0.0,6.0,,,,,,,,,,,,,0.0,0.0,,0,,0,4,2,,,0.5,0.875,0.7032258064516129,0.0,0.47368421052631576,
70,66,2013-03-04 20:44:30,5,219,,,219,30250,2,2.5,0,2.89,,4.38,9,70.0,0,5483,1,18,2,0,1,1,-25.1099,,0,,,,,,,1.0,0.0,13.0,,,,-1.0,0.0,49.0,,,,,,,-1.0,0.0,49.0,0,,0,4,2,,,0.0,0.375,0.9677419354838711,,0.30701754385964913,
71,66,2013-03-04 20:44:30,5,219,,,219,34900,3,4.5,1,2.77,,4.58,29,65.0,0,5483,1,18,2,0,1,1,-54.0638,,0,,,,0.0,0.0,,0.0,0.0,,,,,,,,,,,,,,0.0,0.0,,0,,0,4,2,,,0.5,0.875,0.8903225806451613,,0.2631578947368421,
72,66,2013-03-04 20:44:30,5,219,,,219,35202,3,4.5,1,2.71,,4.8,12,84.0,0,5483,1,18,2,0,1,1,-25.8023,,0,,,,0.0,0.0,,0.0,0.0,,,,,,,,,,,,,,0.0,0.0,,1,96.39,1,4,2,,,0.5,0.875,0.8516129032258065,,0.4298245614035088,
73,66,2013-03-04 20:44:30,5,219,,,219,37697,2,3.0,1,2.64,,4.42,32,40.0,1,5483,1,18,2,0,1,1,-40.4776,,0,,,,0.0,0.0,,0.0,0.0,,,,,1.0,1.0,20.0,,,,,,,0.0,0.0,,0,,0,4,2,,,0.0,0.5,0.806451612903226,,0.043859649122807015,
74,66,2013-03-04 20:44:30,5,219,,,219,39862,3,4.0,1,2.64,,4.75,35,79.0,0,5483,1,18,2,0,1,1,-29.7078,,0,,,,0.0,0.0,,0.0,0.0,,,,,,,,,,,,,,0.0,0.0,,0,,0,4,2,,,0.5,0.75,0.806451612903226,,0.38596491228070173,
75,66,2013-03-04 20:44:30,5,219,,,219,40830,3,4.5,1,2.77,,4.74,26,109.0,0,5483,1,18,2,0,1,1,-52.9695,,0,,,,0.0,0.0,8.0,0.0,0.0,9.0,,,,0.0,0.0,8.0,,,,,,,0.0,0.0,8.0,0,,0,4,2,,,0.5,0.875,0.8903225806451613,,0.6491228070175439,
76,66,2013-03-04 20:44:30,5,219,,,219,46260,2,3.0,1,2.56,,4.47,38,45.0,0,5483,1,18,2,0,1,1,-31.3259,,0,,,,-1.0,0.0,6.0,-1.0,0.0,6.0,,,,0.0,0.0,,,,,,,,-1.0,0.0,6.0,0,,0,4,2,,,0.0,0.5,0.7548387096774194,,0.08771929824561403,
77,66,2013-03-04 20:44:30,5,219,,,219,46647,3,4.0,1,2.48,,4.51,24,60.0,0,5483,1,18,2,0,1,1,-41.9181,,0,,,,-1.0,0.0,16.0,1.0,0.0,8.0,,,,1.0,0.0,33.0,,,,,,,-1.0,0.0,16.0,0,,0,4,2,,,0.5,0.75,0.7032258064516129,,0.21929824561403508,
78,66,2013-03-04 20:44:30,5,219,,,219,56595,2,2.0,0,2.71,,4.12,7,45.0,0,5483,1,18,2,0,1,1,-52.1366,,0,,,,0.0,0.0,,0.0,0.0,,,,,,,,,,,,,,0.0,0.0,,0,,0,4,2,,,0.0,0.25,0.8516129032258065,,0.08771929824561403,
79,66,2013-03-04 20:44:30,5,219,,,219,58953,2,3.0,1,2.77,,4.81,27,69.0,0,5483,1,18,2,0,1,1,-29.0397,,0,,,,-1.0,0.0,6.0,-1.0,0.0,6.0,,,,,,,,,,,,,,,,0,,0,4,2,,,0.0,0.5,0.8903225806451613,,0.2982456140350877,
80,66,2013-03-04 20:44:30,5,219,,,219,58982,2,1.0,1,1.39,,4.38,19,40.0,0,5483,1,18,2,0,1,1,-51.7313,,0,,,,,,,,,,,,,,,,,,,,,,0.0,0.0,,0,,0,4,2,,,0.0,0.0,0.0,,0.043859649122807015,
81,66,2013-03-04 20:44:30,5,219,,,219,60429,2,3.5,1,2.94,,4.22,37,55.0,0,5483,1,18,2,0,1,1,-33.2359,,0,,,,0.0,0.0,,0.0,0.0,,,,,-1.0,0.0,9.0,,,,,,,-1.0,0.0,9.0,0,,0,4,2,,,0.0,0.625,1.0,,0.17543859649122806,
82,66,2013-03-04 20:44:30,5,219,,,219,61507,3,4.5,1,1.79,,4.88,2,89.0,0,5483,1,18,2,0,1,1,-21.568,,0,,,,,,,0.0,0.0,,,,,0.0,0.0,,,,,,,,0.0,0.0,,0,,0,4,2,,,0.5,0.875,0.25806451612903236,,0.47368421052631576,
83,66,2013-03-04 20:44:30,5,219,,,219,61656,2,3.0,1,2.71,,4.28,15,46.0,0,5483,1,18,2,0,1,1,-28.5939,,0,,,,0.0,0.0,,0.0,0.0,,,,,1.0,0.0,19.0,,,,,,,0.0,0.0,,0,,0,4,2,,,0.0,0.5,0.8516129032258065,,0.09649122807017543,
84,66,2013-03-04 20:44:30,5,219,,,219,67107,2,3.0,1,2.71,,4.82,18,59.0,0,5483,1,18,2,0,1,1,-29.9172,,0,,,,1.0,0.0,2.0,0.0,0.0,,,,,0.0,0.0,,,,,,,,0.0,0.0,,0,,0,4,2,,,0.0,0.5,0.8516129032258065,,0.21052631578947367,
85,66,2013-03-04 20:44:30,5,219,,,219,70572,3,4.0,1,2.83,,4.59,6,75.0,0,5483,1,18,2,0,1,1,-21.5865,,0,,,,0.0,0.0,,0.0,0.0,,,,,,,,,,,,,,0.0,0.0,,0,,0,4,2,,,0.5,0.75,0.9290322580645162,,0.3508771929824561,
86,66,2013-03-04 20:44:30,5,219,,,219,74211,4,4.0,1,2.64,,5.11,31,149.0,0,5483,1,18,2,0,1,1,-27.7258,,0,,,,1.0,0.0,13.0,1.0,0.0,13.0,,,,0.0,0.0,,,,,,,,0.0,0.0,,0,,0,4,2,,,1.0,0.75,0.806451612903226,,1.0,
87,66,2013-03-04 20:44:30,5,219,,,219,75863,3,5.0,1,2.48,,5.05,21,107.0,0,5483,1,18,2,0,1,1,-53.4193,,0,,,,,,,0.0,0.0,,,,,0.0,0.0,,,,,,,,0.0,0.0,,0,,0,4,2,,,0.5,1.0,0.7032258064516129,,0.631578947368421,
88,66,2013-03-04 20:44:30,5,219,,,219,77376,4,4.5,1,2.48,,5.12,22,109.0,0,5483,1,18,2,0,1,1,-39.6056,,0,,,,0.0,0.0,,0.0,0.0,,,,,0.0,0.0,,,,,,,,0.0,0.0,,0,,0,4,2,,,1.0,0.875,0.7032258064516129,,0.6491228070175439,
89,66,2013-03-04 20:44:30,5,219,,,219,87074,3,4.5,1,2.89,,4.93,3,89.0,0,5483,1,18,2,0,1,1,-24.0421,,0,,,,0.0,0.0,19.0,0.0,0.0,19.0,,,,,,,,,,,,,0.0,0.0,19.0,0,,0,4,2,,,0.5,0.875,0.9677419354838711,,0.47368421052631576,
90,66,2013-03-04 20:44:30,5,219,,,219,92809,3,4.0,1,2.71,,4.57,13,70.0,0,5483,1,18,2,0,1,1,-25.6313,,0,,,,0.0,0.0,,0.0,0.0,,,,,0.0,0.0,,,,,,,,0.0,0.0,,0,,0,4,2,,,0.5,0.75,0.8516129032258065,,0.30701754385964913,
91,66,2013-03-04 20:44:30,5,219,,,219,95966,2,2.5,0,2.56,,4.38,28,45.0,0,5483,1,18,2,0,1,1,-40.7431,,0,,,,,,,,,,,,,0.0,0.0,,,,,,,,0.0,0.0,,0,,0,4,2,,,0.0,0.375,0.7548387096774194,,0.08771929824561403,
92,66,2013-03-04 20:44:30,5,219,,,219,99362,4,4.5,1,1.79,,5.31,1,100.0,0,5483,1,18,2,0,1,1,-19.9259,,0,,,,0.0,0.0,,0.0,0.0,,,,,1.0,0.0,10.0,,,,,,,0.0,0.0,,0,,0,4,2,,,1.0,0.875,0.25806451612903236,,0.5701754385964912,
93,66,2013-03-04 20:44:30,5,219,,,219,109192,2,2.5,1,1.79,,4.45,16,50.0,0,5483,1,18,2,0,1,1,-40.9891,,0,,,,0.0,0.0,,0.0,0.0,,,,,,,,,,,,,,0.0,0.0,,0,,0,4,2,,,0.0,0.375,0.25806451612903236,,0.13157894736842105,
94,66,2013-03-04 20:44:30,5,219,,,219,116079,2,4.5,1,2.83,,4.66,8,80.0,0,5483,1,18,2,0,1,1,-18.6654,,0,,,,0.0,0.0,,0.0,0.0,,,,,0.0,0.0,,,,,,,,0.0,0.0,,0,,0,4,2,,,0.0,0.875,0.9290322580645162,,0.39473684210526316,
95,66,2013-03-04 20:44:30,5,219,,,219,129399,2,3.0,1,1.79,,4.1,14,42.0,0,5483,1,18,2,0,1,1,-41.846000000000004,,0,,,,0.0,0.0,,0.0,0.0,,,,,,,,,,,,,,0.0,0.0,20.0,0,,0,4,2,,,0.0,0.5,0.25806451612903236,,0.06140350877192982,
96,66,2013-03-04 20:44:30,5,219,,,219,131102,4,4.0,1,2.4,,4.97,20,99.0,0,5483,1,18,2,0,1,1,-24.5182,,0,,,,0.0,0.0,,0.0,0.0,,,,,0.0,0.0,,,,,,,,0.0,0.0,,0,,0,4,2,,,1.0,0.75,0.6516129032258065,,0.5614035087719298,
97,102,2012-12-31 16:20:08,5,219,,,219,11810,3,4.5,1,2.64,0.1533,4.79,3,99.0,0,18017,2,1,2,0,1,0,,326.94,0,,,,,,,,,,,,,,,,,,,,,,,,,0,,0,3,1,,,0.5,0.9,0.974169741697417,0.38391933815925544,0.24050632911392406,0.6093143596377752
98,102,2012-12-31 16:20:08,5,219,,,219,17899,2,4.0,1,1.61,0.0147,4.3,14,47.0,1,18017,2,1,2,0,1,0,,326.28,0,,,,,,,,,,,,,,,,,,,,,,,,,0,,0,3,1,,,0.0,0.8,0.5940959409594097,0.02559462254395036,0.02109704641350211,0.5239327296248351
99,102,2012-12-31 16:20:08,5,219,,,219,20881,2,4.0,1,2.2,,4.32,27,72.0,0,18017,2,1,2,0,1,0,,329.41,0,,,,,,,,,,,,,,,,,,,,,,,,,0,,0,3,1,,,0.0,0.8,0.8118081180811809,,0.12658227848101267,0.9288486416558916
100,102,2012-12-31 16:20:08,5,219,,,219,22273,2,4.0,1,0.0,0.0065,4.57,20,84.0,0,18017,2,1,2,0,1,0,,324.59,0,,,,,,,,,,,,,,,,,,,,,,,,,0,,0,3,1,,,0.0,0.8,0.0,0.004395036194415719,0.17721518987341772,0.30530401034928445
101,102,2012-12-31 16:20:08,5,219,,,219,29378,3,4.0,1,2.56,0.3414,4.67,12,79.0,0,18017,2,1,2,0,1,0,,327.4,0,,,,,,,,,,,,,,,,,,,,,,,,,0,,0,3,1,,,0.5,0.8,0.944649446494465,0.8702171664943122,0.15611814345991562,0.6688227684346681
102,102,2012-12-31 16:20:08,5,219,,,219,33453,3,4.0,1,2.64,0.3526,4.49,10,79.0,0,18017,2,1,2,0,1,0,,327.19,0,,,,,,,,,,,,,,,,,,,,,,,,,0,,0,3,1,,,0.5,0.8,0.974169741697417,0.8991726990692865,0.15611814345991562,0.6416558861578272
103,102,2012-12-31 16:20:08,5,219,,,219,33926,2,1.5,1,2.2,,4.3,28,60.0,0,18017,2,1,2,0,1,0,,329.42,0,,,,,,,,,,,,,,,,,,,,,,,,,0,,0,3,1,,,0.0,0.3,0.8118081180811809,,0.0759493670886076,0.9301423027166926
104,102,2012-12-31 16:20:08,5,219,,,219,42504,3,4.5,1,2.2,0.0522,5.01,25,79.0,0,18017,2,1,2,0,1,0,,329.51,0,,,,,,,,,,,,,,,,,,,,,,,,,0,,0,3,1,,,0.5,0.9,0.8118081180811809,0.12254395036194418,0.15611814345991562,0.9417852522639081
105,102,2012-12-31 16:20:08,5,219,,,219,47215,2,3.5,1,1.39,0.0836,4.3,16,51.0,0,18017,2,1,2,0,1,0,,326.16,0,,,,,,,,,,,,,,,,,,,,,,,,,0,,0,3,1,,,0.0,0.7,0.5129151291512914,0.20372285418821096,0.0379746835443038,0.5084087968952169
106,102,2012-12-31 16:20:08,5,219,,,219,47839,3,4.5,1,1.1,0.0161,4.68,33,80.0,0,18017,2,1,2,0,1,0,,322.42,0,,,,,,,,,,,,,,,,,,,,,,,,,0,,0,3,1,,,0.5,0.9,0.40590405904059046,0.029214064115822135,0.16033755274261605,0.024579560155239155
107,102,2012-12-31 16:20:08,5,219,,,219,57865,3,4.5,1,2.64,0.3536,4.63,9,109.0,0,18017,2,1,2,0,1,0,,327.19,0,,,,,,,,,,,,,,,,,,,,,,,,,0,,0,3,1,,,0.5,0.9,0.974169741697417,0.9017580144777664,0.28270042194092826,0.6416558861578272
108,102,2012-12-31 16:20:08,5,219,,,219,62688,3,5.0,1,1.39,0.0175,4.86,32,85.0,0,18017,2,1,2,0,1,0,,322.66,0,,,,,,,,,,,,,,,,,,,,,,,,,0,,0,3,1,,,0.5,1.0,0.5129151291512914,0.03283350568769391,0.18143459915611815,0.05562742561449016
109,102,2012-12-31 16:20:08,5,219,,,219,64408,4,4.5,1,2.2,0.0609,5.08,21,119.0,0,18017,2,1,2,0,1,0,,329.87,0,,,,,,,,,,,,,,,,,,,,,,,,,0,,0,3,1,,,1.0,0.9,0.8118081180811809,0.14503619441571874,0.32489451476793246,0.9883570504527845
110,102,2012-12-31 16:20:08,5,219,,,219,66715,2,4.5,1,2.64,0.1897,4.3,8,77.0,0,18017,2,1,2,0,1,0,,327.39,0,,,,,,,,,,,,,,,,,,,,,,,,,0,,0,3,1,,,0.0,0.9,0.974169741697417,0.47802481902792143,0.14767932489451477,0.6675291073738673
111,102,2012-12-31 16:20:08,5,219,,,219,71096,4,4.5,1,2.71,0.1211,5.08,1,129.0,0,18017,2,1,2,0,1,0,,327.22,0,,,,,,,,,,,,,,,,,,,,,,,,,0,,0,3,1,,,1.0,0.9,1.0,0.30067218200620477,0.3670886075949367,0.6455368693402372
112,102,2012-12-31 16:20:08,5,219,,,219,74800,4,5.0,1,1.1,0.0326,5.17,18,279.0,0,18017,2,1,2,0,1,0,,328.93,0,,,,,,,,,,,,,,,,,,,,,,,,,0,,0,3,1,,,1.0,1.0,0.40590405904059046,0.0718717683557394,1.0,0.8667529107373897
113,102,2012-12-31 16:20:08,5,219,,,219,75137,3,4.0,1,1.61,0.0434,4.52,15,75.0,0,18017,2,1,2,0,1,0,,326.31,0,,,,,,,,,,,,,,,,,,,,,,,,,1,168.12,1,3,1,,,0.5,0.8,0.5940959409594097,0.09979317476732162,0.13924050632911392,0.5278137128072451
114,102,2012-12-31 16:20:08,5,219,,,219,75320,4,4.5,1,2.64,0.1252,5.42,2,189.0,0,18017,2,1,2,0,1,0,,327.18,0,,,,,,,,,,,,,,,,,,,,,,,,,0,,0,3,1,,,1.0,0.9,0.974169741697417,0.3112719751809721,0.620253164556962,0.6403622250970263
115,102,2012-12-31 16:20:08,5,219,,,219,84362,2,3.5,1,1.95,0.0524,4.3,13,60.0,0,18017,2,1,2,0,1,0,,326.57,0,,,,,,,,,,,,,,,,,,,,,,,,,0,,0,3,1,,,0.0,0.7,0.7195571955719557,0.12306101344364014,0.0759493670886076,0.5614489003880979
116,102,2012-12-31 16:20:08,5,219,,,219,84459,2,3.0,1,2.2,,4.3,29,61.0,0,18017,2,1,2,0,1,0,,329.96,0,,,,,,,,,,,,,,,,,,,,,,,,,0,,0,3,1,,,0.0,0.6,0.8118081180811809,,0.08016877637130802,1.0
117,102,2012-12-31 16:20:08,5,219,,,219,86608,3,0.0,1,2.2,,4.63,35,159.0,0,18017,2,1,2,0,1,0,,327.31,0,,,,,,,,,,,,,,,,,,,,,,,,,0,,0,3,1,,,0.5,0.0,0.8118081180811809,,0.4936708860759494,0.6571798188874527
118,102,2012-12-31 16:20:08,5,219,,,219,87705,3,5.0,1,0.69,,4.72,30,100.0,0,18017,2,1,2,0,1,0,,323.54,0,,,,,,,,,,,,,,,,,,,,,,,,,0,,0,3,1,,,0.5,1.0,0.25461254612546125,,0.24472573839662448,0.1694695989650723
119,102,2012-12-31 16:20:08,5,219,,,219,90077,3,4.0,1,2.2,,4.55,26,79.0,0,18017,2,1,2,0,1,0,,329.45,0,,,,,,,,,,,,,,,,,,,,,,,,,0,,0,3,1,,,0.5,0.8,0.8118081180811809,,0.15611814345991562,0.9340232858990953
120,102,2012-12-31 16:20:08,5,219,,,219,108340,3,4.0,1,2.64,0.3418,4.63,7,79.0,0,18017,2,1,2,0,1,0,,327.17,0,,,,,,,,,,,,,,,,,,,,,,,,,0,,0,3,1,,,0.5,0.8,0.974169741697417,0.8712512926577042,0.15611814345991562,0.6390685640362254
121,102,2012-12-31 16:20:08,5,219,,,219,117170,2,3.5,1,2.2,0.0818,3.88,22,42.0,0,18017,2,1,2,0,1,0,,329.72,0,,,,,,,,,,,,,,,,,,,,,,,,,0,,0,3,1,,,0.0,0.7,0.8118081180811809,0.19906928645294727,0.0,0.9689521345407563
122,102,2012-12-31 16:20:08,5,219,,,219,121072,3,4.5,1,2.64,0.3916,4.63,6,89.0,0,18017,2,1,2,0,1,0,,327.27,0,,,,,,,,,,,,,,,,,,,,,,,,,0,,0,3,1,,,0.5,0.9,0.974169741697417,1.0,0.19831223628691982,0.6520051746442418
123,102,2012-12-31 16:20:08,5,219,,,219,121976,3,4.5,1,2.2,0.0828,4.73,19,79.0,0,18017,2,1,2,0,1,0,,329.71,0,,,,,,,,,,,,,,,,,,,,,,,,,0,,0,3,1,,,0.5,0.9,0.8118081180811809,0.2016546018614271,0.15611814345991562,0.967658473479948
124,102,2012-12-31 16:20:08,5,219,,,219,124347,2,3.5,1,2.64,0.3913,4.11,4,57.0,0,18017,2,1,2,0,1,0,,327.28,0,,,,,,,,,,,,,,,,,,,,,,,,,0,,0,3,1,,,0.0,0.7,0.974169741697417,0.9992244053774559,0.06329113924050633,0.6532988357050427
125,102,2012-12-31 16:20:08,5,219,,,219,129075,3,4.5,1,1.1,0.0048,4.51,34,119.0,0,18017,2,1,2,0,1,0,,322.23,0,,,,,,,,,,,,,,,,,,,,,,,,,0,,0,3,1,,,0.5,0.9,0.40590405904059046,0.0,0.32489451476793246,0.0
126,102,2012-12-31 16:20:08,5,219,,,219,130837,4,4.0,1,1.95,,5.17,31,130.0,0,18017,2,1,2,0,1,0,,326.6,0,,,,,,,,,,,,,,,,,,,,,,,,,0,,0,3,1,,,1.0,0.8,0.7195571955719557,,0.37130801687763715,0.565329883570508
127,102,2012-12-31 16:20:08,5,219,,,219,139280,3,4.5,1,2.2,0.0726,4.63,24,89.0,0,18017,2,1,2,0,1,0,,329.62,0,,,,,,,,,,,,,,,,,,,,,,,,,0,,0,3,1,,,0.5,0.9,0.8118081180811809,0.1752843846949328,0.19831223628691982,0.9560155239327326
128,104,2013-05-10 00:01:48,14,100,,,100,10243,3,5.0,1,1.39,0.1419,5.2,2,142.57,0,3004,3,76,2,1,1,1,,1008.45,1,,,,,,,,,,,,,,,,,,,,,,,,,1,499.22,1,1,2,,,0.5,1.0,0.4202898550724635,0.0,1.0,1.0
129,104,2013-05-10 00:01:48,14,100,,,100,37910,3,3.0,1,1.39,0.3552,4.86,6,110.89,0,3004,3,76,2,1,1,1,,1007.77,1,,,,,,,,,,,,,,,,,,,,,,,,,0,,0,1,2,,,0.5,0.0,0.4202898550724635,0.9003799071338117,0.20000000000000007,0.0
130,104,2013-05-10 00:01:48,14,100,,,100,48041,4,4.5,0,1.1,0.2714,5.36,1,126.73,1,3004,3,76,2,1,1,1,,1008.29,1,,,,,,,,,,,,,,,,,,,,,,,,,0,,0,1,2,,,1.0,0.75,0.0,0.5466441536513296,0.6000000000000002,0.7647058823528429
131,104,2013-05-10 00:01:48,14,100,,,100,77585,3,4.0,1,1.1,0.2624,5.06,4,131.68,0,3004,3,76,2,1,1,1,,1008.27,1,,,,,,,,,,,,,,,,,,,,,,,,,0,,0,1,2,,,0.5,0.5,0.0,0.5086534402701562,0.7250000000000003,0.7352941176469899
132,104,2013-05-10 00:01:48,14,100,,,100,95762,2,4.0,1,1.79,0.2021,4.85,7,141.58,0,3004,3,76,2,1,1,1,,1008.04,1,,,,,,,,,,,,,,,,,,,,,,,,,0,,0,1,2,,,0.0,0.5,1.0,0.25411566061629376,0.9750000000000005,0.39705882352934785
133,104,2013-05-10 00:01:48,14,100,,,100,127444,2,3.5,1,1.39,0.3788,4.8,3,102.97,0,3004,3,76,2,1,1,1,,1007.89,1,,,,,,,,,,,,,,,,,,,,,,,,,0,,0,1,2,,,0.0,0.25,0.4202898550724635,1.0,0.0,0.17647058823528428
134,133,2013-03-14 11:27:28,5,219,,,219,14082,4,4.0,1,4.29,0.239,5.36,34,198.0,0,8192,3,99,1,0,1,1,,397.75,1,,,,0.0,0.0,,,,,,,,0.0,0.0,,,,,,,,0.0,0.0,4.0,0,,0,2,2,,,0.6666666666666666,0.5,0.9689922480620154,0.7411207576953435,0.31876606683804626,0.26229508196724827
135,133,2013-03-14 11:27:28,5,219,,,219,21018,4,4.0,1,3.43,0.1043,5.48,30,271.0,1,8192,3,99,1,0,1,1,,398.15,1,,,,0.0,0.0,,0.0,0.0,,,,,0.0,0.0,,,,,,,,0.0,0.0,,0,,0,2,2,,,0.6666666666666666,0.5,0.30232558139534893,0.20955011838989743,0.506426735218509,0.918032786885229
136,133,2013-03-14 11:27:28,5,219,,,219,24545,4,4.0,0,4.04,0.278,5.21,25,134.0,1,8192,3,99,1,0,1,1,,398.05,1,,,,,,,1.0,0.0,24.0,,,,1.0,0.0,24.0,,,,,,,1.0,0.0,24.0,0,,0,2,2,,,0.6666666666666666,0.5,0.7751937984496123,0.8950276243093925,0.15424164524421594,0.7540983606557805
137,133,2013-03-14 11:27:28,5,219,,,219,29633,3,4.5,1,4.22,0.2547,5.43,6,188.0,0,8192,3,99,1,0,1,1,,397.67,1,,,,,,,,,,,,,,,,,,,,,,,,,0,,0,2,2,,,0.3333333333333333,0.75,0.9147286821705424,0.8030781373322811,0.2930591259640103,0.1311475409836707
138,133,2013-03-14 11:27:28,5,219,,,219,35223,4,4.0,1,4.3,0.2373,5.35,35,308.0,0,8192,3,99,1,0,1,1,,397.77,1,,,,0.0,0.0,,0.0,0.0,,,,,1.0,0.0,14.0,,,,,,,0.0,0.0,,0,,0,2,2,,,0.6666666666666666,0.5,0.9767441860465115,0.7344119968429362,0.6015424164524421,0.29508196721311936
139,133,2013-03-14 11:27:28,5,219,,,219,37818,4,3.5,1,3.95,0.2317,5.16,1,196.0,1,8192,3,99,1,0,1,1,,398.05,1,,,,-1.0,0.0,4.0,0.0,0.0,,,,,-1.0,0.0,4.0,,,,,,,0.0,0.0,,0,,0,2,2,,,0.6666666666666666,0.25,0.7054263565891474,0.712312549329124,0.31362467866323906,0.7540983606557805
140,133,2013-03-14 11:27:28,5,219,,,219,38419,5,4.0,1,4.19,0.2573,5.61,27,351.0,0,8192,3,99,1,0,1,1,,397.62,1,,,,0.0,0.0,,0.0,0.0,,,,,0.0,0.0,,,,,,,,0.0,0.0,,0,,0,2,2,,,1.0,0.5,0.8914728682170545,0.8133385951065509,0.712082262210797,0.049180327868899816
141,133,2013-03-14 11:27:28,5,219,,,219,38904,3,4.0,0,3.85,0.0694,4.79,32,146.0,0,8192,3,99,1,0,1,1,,397.83,1,,,,-1.0,0.0,2.0,,1.0,,,,,,,,,,,,,,-1.0,0.0,24.0,0,,0,2,2,,,0.3333333333333333,0.5,0.627906976744186,0.07182320441988951,0.18508997429305912,0.39344262295082577
142,133,2013-03-14 11:27:28,5,219,,,219,40279,5,4.5,1,4.29,0.2385,5.96,36,332.0,1,8192,3,99,1,0,1,1,,397.74,1,,,,0.0,0.0,,0.0,0.0,,,,,0.0,0.0,,,,,,,,0.0,0.0,,0,,0,2,2,,,1.0,0.75,0.9689922480620154,0.7391475927387531,0.6632390745501285,0.2459016393443127
143,133,2013-03-14 11:27:28,5,219,,,219,46274,5,4.5,1,4.08,0.1012,5.88,8,377.0,1,8192,3,99,1,0,1,1,,397.68,1,,,,0.0,0.0,,,,,,,,0.0,0.0,,,,,,,,0.0,0.0,,0,,0,2,2,,,1.0,0.75,0.8062015503875969,0.1973164956590371,0.7789203084832905,0.14754098360660625
144,133,2013-03-14 11:27:28,5,219,,,219,49656,3,3.5,0,3.76,0.0937,4.89,22,139.0,1,8192,3,99,1,0,1,1,,397.8,1,,,,0.0,0.0,,,,,,,,0.0,0.0,,,,,,,,0.0,0.0,,0,,0,2,2,,,0.3333333333333333,0.25,0.5581395348837207,0.16771902131018157,0.16709511568123395,0.34426229508201917
145,133,2013-03-14 11:27:28,5,219,,,219,57952,2,3.0,1,3.76,0.0931,4.51,24,74.0,0,8192,3,99,1,0,1,1,,397.8,1,,,,0.0,0.0,,0.0,0.0,,,,,0.0,0.0,,,,,,,,0.0,0.0,,0,,0,2,2,,,0.0,0.0,0.5581395348837207,0.16535122336227312,0.0,0.34426229508201917
146,133,2013-03-14 11:27:28,5,219,,,219,59657,5,4.5,0,4.33,0.2398,5.86,21,463.0,0,8192,3,99,1,0,1,1,,397.78,1,,,,,1.0,,,1.0,,,,,0.0,0.0,,,,,,,,0.0,0.0,,1,,0,2,2,,,1.0,0.75,1.0,0.7442778216258881,1.0,0.3114754098360549
147,133,2013-03-14 11:27:28,5,219,,,219,60468,5,4.5,1,4.16,0.2332,5.9,16,272.0,0,8192,3,99,1,0,1,1,,397.6,1,,,,0.0,0.0,,,,,,,,0.0,0.0,,,,,,,,0.0,0.0,,0,,0,2,2,,,1.0,0.75,0.868217054263566,0.7182320441988951,0.5089974293059126,0.01639344262302873
148,133,2013-03-14 11:27:28,5,219,,,219,60846,4,4.5,1,4.13,0.2318,5.56,3,226.0,1,8192,3,99,1,0,1,1,,397.59,1,,,,-1.0,0.0,9.0,0.0,0.0,,,,,-1.0,0.0,9.0,,,,,,,0.0,0.0,5.0,0,,0,2,2,,,0.6666666666666666,0.75,0.8449612403100774,0.7127071823204422,0.390745501285347,0.0
149,133,2013-03-14 11:27:28,5,219,,,219,68420,3,3.5,0,3.04,0.0512,4.95,12,149.0,1,8192,3,99,1,0,1,1,,397.94,1,,,,0.0,0.0,,0.0,0.0,,,,,1.0,0.0,25.0,,,,,,,0.0,0.0,,0,,0,2,2,,,0.3333333333333333,0.25,0.0,0.0,0.1928020565552699,0.5737704918033031
150,133,2013-03-14 11:27:28,5,219,,,219,70177,4,3.5,1,4.22,0.2547,5.13,15,212.0,0,8192,3,99,1,0,1,1,,397.67,1,,,,-1.0,0.0,2.0,0.0,0.0,,,,,-1.0,0.0,2.0,,,,,,,0.0,0.0,5.0,0,,0,2,2,,,0.6666666666666666,0.25,0.9147286821705424,0.8030781373322811,0.35475578406169667,0.1311475409836707
151,133,2013-03-14 11:27:28,5,219,,,219,77089,3,3.5,1,3.99,0.2896,4.93,26,161.0,1,8192,3,99,1,0,1,1,,398.0,1,,,,0.0,0.0,,0.0,0.0,,,,,0.0,0.0,,,,,,,,0.0,0.0,,0,,0,2,2,,,0.3333333333333333,0.25,0.7364341085271319,0.9408050513022891,0.2236503856041131,0.6721311475410096
152,133,2013-03-14 11:27:28,5,219,,,219,77795,5,4.5,1,4.11,0.1743,5.82,18,382.0,0,8192,3,99,1,0,1,1,,397.64,1,,,,0.0,0.0,,,,,,,,0.0,0.0,,,,,,,,0.0,0.0,,0,,0,2,2,,,1.0,0.75,0.8294573643410855,0.48579321231254946,0.7917737789203085,0.0819672131147709
153,133,2013-03-14 11:27:28,5,219,,,219,77914,3,4.0,0,4.33,0.2397,5.06,33,240.0,1,8192,3,99,1,0,1,1,,397.78,1,,,,0.0,0.0,,,,,,,,-1.0,0.0,5.0,,,,,,,-1.0,0.0,5.0,0,,0,2,2,,,0.3333333333333333,0.5,1.0,0.7438831886345699,0.4267352185089974,0.3114754098360549
154,133,2013-03-14 11:27:28,5,219,,,219,90809,3,4.0,0,3.85,0.0692,4.69,14,109.0,1,8192,3,99,1,0,1,1,,397.84,1,,,,,,,,,,,,,,-1.0,,,,,,,,,,,0,,0,2,2,,,0.3333333333333333,0.5,0.627906976744186,0.07103393843725335,0.08997429305912596,0.40983606557376134
155,133,2013-03-14 11:27:28,5,219,,,219,90845,4,4.0,1,4.16,0.2573,4.94,20,212.0,0,8192,3,99,1,0,1,1,,397.61,1,,,,0.0,0.0,,,,,,,,0.0,0.0,8.0,,,,,,,0.0,0.0,,0,,0,2,2,,,0.6666666666666666,0.5,0.868217054263566,0.8133385951065509,0.35475578406169667,0.03278688524596427
156,133,2013-03-14 11:27:28,5,219,,,219,94455,5,4.5,1,4.08,0.1,5.88,9,379.0,1,8192,3,99,1,0,1,1,,397.68,1,,,,0.0,0.0,,0.0,0.0,,,,,0.0,0.0,,,,,,,,0.0,0.0,,0,,0,2,2,,,1.0,0.75,0.8062015503875969,0.19258089976322024,0.7840616966580977,0.14754098360660625
157,133,2013-03-14 11:27:28,5,219,,,219,104517,4,4.0,1,4.16,0.2534,5.29,29,206.0,1,8192,3,99,1,0,1,1,,397.74,1,,,,-1.0,0.0,2.0,-1.0,0.0,2.0,,,,-1.0,0.0,2.0,,,,,,,0.0,0.0,,0,,0,2,2,,,0.6666666666666666,0.5,0.868217054263566,0.7979479084451462,0.3393316195372751,0.2459016393443127
158,133,2013-03-14 11:27:28,5,219,,,219,114932,3,4.0,1,4.32,0.256,5.21,31,215.0,1,8192,3,99,1,0,1,1,,397.85,1,,,,,,,,,,,,,,,,,,,,,,,,,0,,0,2,2,,,0.3333333333333333,0.5,0.9922480620155041,0.8082083662194162,0.36246786632390743,0.42622950819679006
159,133,2013-03-14 11:27:28,5,219,,,219,117294,5,5.0,1,3.37,0.0615,5.97,2,276.0,0,8192,3,99,1,0,1,1,,398.2,1,,,,,,,0.0,0.0,,,,,-1.0,0.0,6.0,,,,,,,0.0,0.0,6.0,0,,0,2,2,,,1.0,1.0,0.25581395348837216,0.04064719810576164,0.519280205655527,1.0
160,133,2013-03-14 11:27:28,5,219,,,219,122112,5,5.0,1,4.29,0.2668,5.96,7,298.0,0,8192,3,99,1,0,1,1,,397.85,1,,,,0.0,0.0,,0.0,0.0,,,,,0.0,0.0,,,,,,,,0.0,0.0,,0,,0,2,2,,,1.0,1.0,0.9689922480620154,0.850828729281768,0.5758354755784062,0.42622950819679006
161,133,2013-03-14 11:27:28,5,219,,,219,124342,4,4.0,1,4.19,0.2997,5.32,28,216.0,1,8192,3,99,1,0,1,1,,397.91,1,,,,0.0,0.0,,0.0,0.0,,,,,0.0,0.0,,,,,,,,0.0,0.0,,0,,0,2,2,,,0.6666666666666666,0.5,0.8914728682170545,0.9806629834254146,0.36503856041131105,0.5245901639344965
162,133,2013-03-14 11:27:28,5,219,,,219,125083,4,4.5,1,3.61,0.0696,5.07,4,192.0,1,8192,3,99,1,0,1,1,,397.84,1,,,,,,,,,,,,,,,,,,,,,,,,,0,,0,2,2,,,0.6666666666666666,0.75,0.4418604651162789,0.07261247040252564,0.3033419023136247,0.40983606557376134
163,133,2013-03-14 11:27:28,5,219,,,219,131892,4,4.0,1,4.25,0.2474,4.98,13,194.0,0,8192,3,99,1,0,1,1,,397.71,1,,,,0.0,0.0,,1.0,0.0,2.0,,,,0.0,0.0,,,,,,,,0.0,0.0,2.0,0,,0,2,2,,,0.6666666666666666,0.5,0.937984496124031,0.7742699289660617,0.30848329048843187,0.19672131147541289
164,133,2013-03-14 11:27:28,5,219,,,219,134154,3,3.5,1,3.76,0.0937,4.64,19,129.0,1,8192,3,99,1,0,1,1,,397.79,1,,,,0.0,0.0,,-1.0,0.0,4.0,,,,0.0,0.0,,,,,,,,0.0,0.0,,0,,0,2,2,,,0.3333333333333333,0.25,0.5581395348837207,0.16771902131018157,0.14138817480719795,0.3278688524590836
165,133,2013-03-14 11:27:28,5,219,,,219,137997,4,4.0,1,4.09,0.3046,5.54,10,273.0,1,8192,3,99,1,0,1,1,,397.97,1,,,,0.0,0.0,,0.0,0.0,,,,,-1.0,0.0,6.0,,,,,,,0.0,0.0,4.0,0,,0,2,2,,,0.6666666666666666,0.5,0.8139534883720929,1.0,0.5115681233933161,0.6229508196722029
166,139,2013-06-13 03:47:02,24,219,,,219,7919,4,3.5,1,5.8,0.6668,0.0,9,180.35,0,24700,1,18,2,0,1,0,,24.86,1,-1.0,0.0,5.0,0.0,0.0,,0.0,0.0,,1.0,0.0,15.0,-1.0,0.0,5.0,,,,,,,-1.0,0.0,5.0,0,,0,1,3,,,0.6666666666666666,0.0,0.451612903225806,1.0,0.4047969703345254,0.7547169811320762
167,139,2013-06-13 03:47:02,24,219,,,219,8586,3,3.5,0,5.78,0.6519,0.0,1,161.11,0,24700,1,18,2,0,1,0,,24.83,1,0.0,0.0,19.0,0.0,0.0,,0.0,0.0,,,,,0.0,0.0,,,,,,,,0.0,0.0,,0,,0,1,3,,,0.3333333333333333,0.0,0.3870967741935492,0.9470692717584372,0.0,0.6981132075471682
168,139,2013-06-13 03:47:02,24,219,,,219,20592,3,3.5,0,5.77,0.638,0.0,2,162.21,1,24700,1,18,2,0,1,0,,24.79,1,,,,0.0,0.0,,0.0,0.0,,,,,,,,,,,,,,,,,0,,0,1,3,,,0.3333333333333333,0.0,0.354838709677418,0.8976909413854354,0.023143277929728485,0.6226415094339619
169,139,2013-06-13 03:47:02,24,219,,,219,23268,4,3.5,0,5.79,0.619,0.0,13,200.27,1,24700,1,18,2,0,1,0,,24.99,1,0.0,0.0,16.0,,,,,,,,1.0,,0.0,0.0,,,,,,,,0.0,0.0,,0,,0,1,3,,,0.6666666666666666,0.0,0.4193548387096776,0.830195381882771,0.8239006942983383,1.0
170,139,2013-06-13 03:47:02,24,219,,,219,40517,4,4.0,0,5.66,0.527,0.0,6,171.18,0,24700,1,18,2,0,1,0,,24.87,1,0.0,0.0,14.0,0.0,0.0,,0.0,0.0,,0.0,0.0,,0.0,0.0,11.0,,,,,,,0.0,0.0,,0,,0,1,3,,,0.6666666666666666,0.5,0.0,0.5033747779751334,0.211866189774879,0.7735849056603812
171,139,2013-06-13 03:47:02,24,219,,,219,41278,4,4.0,0,5.81,0.6633,0.0,8,180.23,0,24700,1,18,2,0,1,0,,24.92,1,0.0,0.0,16.0,0.0,0.0,,,,,,,,0.0,0.0,,,,,,,,0.0,0.0,,0,,0,1,3,,,0.6666666666666666,0.5,0.4838709677419344,0.9875666074600357,0.40227224910582765,0.8679245283018924
172,139,2013-06-13 03:47:02,24,219,,,219,70606,4,4.0,1,5.97,0.4391,0.0,7,180.23,0,24700,1,18,2,0,1,0,,24.65,1,0.0,0.0,16.0,0.0,0.0,,0.0,0.0,,,,,0.0,0.0,,,,,,,,0.0,0.0,,0,,0,1,3,,,0.6666666666666666,0.5,1.0,0.19111900532859688,0.40227224910582765,0.3584905660377332
173,139,2013-06-13 03:47:02,24,219,,,219,70839,4,4.5,1,5.84,0.3853,0.0,14,200.38,0,24700,1,18,2,0,1,0,,24.46,1,0.0,0.0,16.0,0.0,0.0,,0.0,0.0,,,,,0.0,0.0,,,,,,,,0.0,0.0,,0,,0,1,3,,,0.6666666666666666,1.0,0.5806451612903224,0.0,0.8262150220913108,0.0
174,139,2013-06-13 03:47:02,24,219,,,219,71181,3,3.5,0,5.95,0.5757,0.0,10,184.47,1,24700,1,18,2,0,1,0,,24.75,1,1.0,0.0,12.0,,,,1.0,0.0,6.0,,,,1.0,0.0,12.0,,,,,,,1.0,0.0,12.0,0,,0,1,3,,,0.3333333333333333,0.0,0.9354838709677432,0.6763765541740676,0.4914790658531454,0.5471698113207556
175,139,2013-06-13 03:47:02,24,219,,,219,86639,4,4.5,0,5.96,0.5773,0.0,15,204.55,1,24700,1,18,2,0,1,0,,24.8,1,0.0,0.0,16.0,0.0,0.0,,-1.0,0.0,8.0,0.0,0.0,,0.0,0.0,,,,,,,,0.0,0.0,,0,,0,1,3,,,0.6666666666666666,1.0,0.9677419354838717,0.6820603907637658,0.9139490847885551,0.6415094339622668
176,139,2013-06-13 03:47:02,24,219,,,219,101627,2,4.0,1,5.77,0.6241,0.0,4,170.17,0,24700,1,18,2,0,1,0,,24.95,1,-1.0,0.0,21.0,0.0,0.0,,0.0,0.0,15.0,-1.0,0.0,10.0,-1.0,0.0,21.0,,,,,,,-1.0,0.0,21.0,0,,0,1,3,,,0.0,0.5,0.354838709677418,0.8483126110124335,0.19061645276667324,0.9245283018867937
177,139,2013-06-13 03:47:02,24,219,,,219,125311,5,4.5,1,5.97,0.4618,0.0,16,208.64,1,24700,1,18,2,0,1,0,,24.7,1,1.0,0.0,25.0,1.0,0.0,56.0,,,,0.0,0.0,,1.0,0.0,25.0,,,,,,,0.0,0.0,,0,,0,1,3,,,1.0,1.0,1.0,0.2717584369449379,1.0,0.4528301886792444
178,139,2013-06-13 03:47:02,24,219,,,219,126264,4,3.5,0,5.71,0.4991,0.0,3,162.21,1,24700,1,18,2,0,1,0,,24.65,1,0.0,0.0,16.0,0.0,0.0,,0.0,0.0,,0.0,0.0,,0.0,0.0,,,,,,,,0.0,0.0,,0,,0,1,3,,,0.6666666666666666,0.0,0.1612903225806448,0.4042628774422736,0.023143277929728485,0.3584905660377332
179,139,2013-06-13 03:47:02,24,219,,,219,135499,3,4.5,1,5.7,0.5670000000000001,0.0,12,195.99,0,24700,1,18,2,0,1,0,,24.8,1,1.0,0.0,2.0,,,,1.0,0.0,2.0,0.0,1.0,2.0,1.0,0.0,2.0,,,,,,,1.0,0.0,2.0,1,,0,1,3,,,0.3333333333333333,1.0,0.1290322580645164,0.6454706927175847,0.7338523038081215,0.6415094339622668
180,175,2013-05-29 12:29:11,14,100,,,100,5847,4,4.5,0,4.49,0.0663,5.23,32,201.91,0,6792,1,3,2,1,1,1,,44.36,0,,,,0.0,0.0,4.0,,,,,,,0.0,0.0,14.0,,,,,,,0.0,0.0,14.0,0,,0,3,2,,,0.6666666666666666,0.6666666666666666,0.9933628318584072,0.4104859335038362,0.3280808519886981,0.7324561403508774
181,175,2013-05-29 12:29:11,14,100,,,100,8456,4,4.0,1,4.51,0.1301,5.45,35,217.37,0,6792,1,3,2,1,1,1,,44.03,0,,,,0.0,0.0,,,,,,,,0.0,0.0,,,,,,,,0.0,0.0,,0,,0,3,2,,,0.6666666666666666,0.3333333333333333,0.9977876106194691,0.8184143222506394,0.3700825907411432,0.6962719298245618
182,175,2013-05-29 12:29:11,14,100,,,100,11284,5,5.0,0,4.51,0.1496,5.68,12,253.12,1,6792,1,3,2,1,1,1,,44.25,0,,,,0.0,0.0,,,,,,,,0.0,0.0,,,,,,,,0.0,0.0,,0,,0,3,2,,,1.0,1.0,0.9977876106194691,0.9430946291560103,0.4672082156053031,0.7203947368421055
183,175,2013-05-29 12:29:11,14,100,,,100,12912,4,4.5,1,4.47,0.1555,5.45,14,230.9,0,6792,1,3,2,1,1,1,,44.48,0,,,,0.0,0.0,,,,,,,,1.0,0.0,7.0,,,,,,,1.0,0.0,7.0,0,,0,3,2,,,0.6666666666666666,0.6666666666666666,0.9889380530973452,0.9808184143222506,0.40684090415127144,0.7456140350877192
184,175,2013-05-29 12:29:11,14,100,,,100,13120,3,4.0,1,4.42,0.0874,5.07,36,201.91,0,6792,1,3,2,1,1,1,,43.75,0,,,,0.0,0.0,41.0,,,,,,,0.0,0.0,,,,,,,,0.0,0.0,,0,,0,3,2,,,0.3333333333333333,0.3333333333333333,0.9778761061946903,0.5453964194373401,0.3280808519886981,0.6655701754385968
185,175,2013-05-29 12:29:11,14,100,,,100,21062,4,4.5,1,0.0,0.0031,5.75,13,237.66,1,6792,1,3,2,1,1,1,,38.01,0,,,,0.0,0.0,,,,,,,,0.0,0.0,,,,,,,,0.0,0.0,,0,,0,3,2,,,0.6666666666666666,0.6666666666666666,0.0,0.00639386189258312,0.425206476852858,0.03618421052631561
186,175,2013-05-29 12:29:11,14,100,,,100,25566,3,4.0,0,4.45,0.0745,5.28,7,153.61,0,6792,1,3,2,1,1,1,,44.23,0,,,,,1.0,,,,,,,,1.0,0.0,153.0,,,,,,,1.0,0.0,153.0,0,,0,3,2,,,0.3333333333333333,0.3333333333333333,0.9845132743362833,0.4629156010230178,0.19685937839600087,0.7182017543859648
187,175,2013-05-29 12:29:11,14,100,,,100,25684,5,4.5,1,4.39,0.0727,5.76,27,346.83,0,6792,1,3,2,1,1,1,,44.79,0,,,,0.0,0.0,,,,,,,,1.0,0.0,11.0,,,,,,,1.0,0.0,11.0,0,,0,3,2,,,1.0,0.6666666666666666,0.9712389380530974,0.4514066496163682,0.7217996087806996,0.7796052631578949
188,175,2013-05-29 12:29:11,14,100,,,100,29006,3,4.0,1,2.4,0.0056,4.69,26,95.64,0,6792,1,3,2,1,1,1,,39.86,0,,,,0.0,0.0,,,,,,,,0.0,0.0,11.0,,,,,,,0.0,0.0,8.0,0,,0,3,2,,,0.3333333333333333,0.3333333333333333,0.5309734513274337,0.02237851662404092,0.039366442077809156,0.2390350877192983
189,175,2013-05-29 12:29:11,14,100,,,100,29953,4,4.0,1,4.19,0.0275,5.29,10,209.64,1,6792,1,3,2,1,1,1,,44.16,0,,,,0.0,0.0,7.0,,,,,,,0.0,0.0,10.0,,,,,,,0.0,0.0,10.0,0,,0,3,2,,,0.6666666666666666,0.3333333333333333,0.926991150442478,0.16240409207161124,0.3490817213649206,0.7105263157894736
190,175,2013-05-29 12:29:11,14,100,,,100,40380,3,4.5,1,4.43,0.0959,5.13,18,210.61,1,6792,1,3,2,1,1,1,,43.79,0,,,,1.0,0.0,15.0,,,,,,,0.0,0.0,5.0,,,,,,,0.0,0.0,4.0,0,,0,3,2,,,0.3333333333333333,0.6666666666666666,0.9800884955752213,0.5997442455242966,0.35171701803955663,0.6699561403508774
191,175,2013-05-29 12:29:11,14,100,,,100,42013,3,4.0,1,3.0,0.0096,4.94,22,114.96,1,6792,1,3,2,1,1,1,,39.51,0,,,,0.0,0.0,,,,,,,,0.0,0.0,,,,,,,,0.0,0.0,,0,,0,3,2,,,0.3333333333333333,0.3333333333333333,0.6637168141592921,0.047953964194373394,0.09185503151488802,0.20065789473684198
192,175,2013-05-29 12:29:11,14,100,,,100,48230,4,4.5,0,4.45,0.1014,5.54,25,278.23,1,6792,1,3,2,1,1,1,,44.68,0,,,,,0.0,,,,,,,,1.0,0.0,3.0,,,,,,,,0.0,,0,,0,3,2,,,0.6666666666666666,0.6666666666666666,0.9845132743362833,0.6349104859335037,0.5354270810693327,0.767543859649123
193,175,2013-05-29 12:29:11,14,100,,,100,55871,3,4.5,0,4.51,0.0972,5.47,31,188.39,1,6792,1,3,2,1,1,1,,44.41,0,,,,,,,,,,,,,0.0,0.0,,,,,,,,0.0,0.0,,0,,0,3,2,,,0.3333333333333333,0.6666666666666666,0.9977876106194691,0.6080562659846547,0.2913497065855248,0.737938596491228
194,175,2013-05-29 12:29:11,14,100,,,100,56662,2,3.5,1,1.79,0.0121,4.9,6,118.83,0,6792,1,3,2,1,1,1,,46.73,0,,,,-1.0,0.0,7.0,,,,,,,-1.0,0.0,8.0,,,,,,,-1.0,0.0,7.0,0,,0,3,2,,,0.0,0.0,0.3960176991150443,0.06393861892583119,0.10236905020647682,0.9923245614035088
195,175,2013-05-29 12:29:11,14,100,,,100,67887,5,4.5,1,4.33,0.0626,5.83,1,254.08,1,6792,1,3,2,1,1,1,,44.83,0,,,,0.0,0.0,,,,,,,,0.0,0.0,8.0,,,,,,,0.0,0.0,9.0,0,,0,3,2,,,1.0,0.6666666666666666,0.9579646017699116,0.3868286445012788,0.4698163442729841,0.7839912280701755
196,175,2013-05-29 12:29:11,14,100,,,100,69688,4,4.5,0,4.45,0.1225,5.45,37,259.88,0,6792,1,3,2,1,1,1,,44.5,0,,,,0.0,0.0,33.0,,,,,,,1.0,0.0,21.0,,,,,,,1.0,0.0,21.0,0,,0,3,2,,,0.6666666666666666,0.6666666666666666,0.9845132743362833,0.7698209718670076,0.48557378830688974,0.7478070175438599
197,175,2013-05-29 12:29:11,14,100,,,100,70196,5,4.5,1,4.47,0.1585,6.06,34,449.23,0,6792,1,3,2,1,1,1,,44.44,0,,,,,,,,,,,,,-1.0,0.0,8.0,,,,,,,-1.0,0.0,9.0,0,,0,3,2,,,1.0,0.6666666666666666,0.9889380530973452,1.0,1.0,0.7412280701754386
198,175,2013-05-29 12:29:11,14,100,,,100,71662,4,4.5,0,4.42,0.0583,5.35,9,221.23,0,6792,1,3,2,1,1,1,,44.29,0,,,,0.0,0.0,3.0,,,,,,,-1.0,0.0,10.0,,,,,,,0.0,0.0,10.0,0,,0,3,2,,,0.6666666666666666,0.6666666666666666,0.9778761061946903,0.3593350383631713,0.3805694414257769,0.7247807017543861
199,175,2013-05-29 12:29:11,14,100,,,100,74827,2,3.5,0,1.79,0.0121,4.68,28,81.15,1,6792,1,3,2,1,1,1,,46.67,0,,,,,,,,,,,,,1.0,0.0,33.0,,,,,,,1.0,0.0,33.0,0,,0,3,2,,,0.0,0.0,0.3960176991150443,0.06393861892583119,0.0,0.9857456140350882
200,175,2013-05-29 12:29:11,14,100,,,100,76087,3,3.5,0,4.43,0.0641,4.97,21,169.07,0,6792,1,3,2,1,1,1,,44.38,0,,,,0.0,0.0,10.0,,,,,,,0.0,0.0,11.0,,,,,,,0.0,0.0,10.0,0,,0,3,2,,,0.3333333333333333,0.0,0.9800884955752213,0.39641943734015345,0.23886111714844593,0.7346491228070181
201,175,2013-05-29 12:29:11,14,100,,,100,77192,4,3.5,1,2.08,0.0132,4.97,19,103.37,1,6792,1,3,2,1,1,1,,37.68,0,,,,0.0,0.0,,,,,,,,0.0,0.0,15.0,,,,,,,1.0,0.0,24.0,0,,0,3,2,,,0.6666666666666666,0.0,0.4601769911504425,0.07097186700767263,0.06036731145403172,0.0
202,175,2013-05-29 12:29:11,14,100,,,100,78541,4,4.5,1,2.56,0.0038,5.07,20,124.63,0,6792,1,3,2,1,1,1,,38.82,0,,,,0.0,0.0,,,,,,,,0.0,0.0,,,,,,,,0.0,0.0,,1,143.31,1,3,2,,,0.6666666666666666,0.6666666666666666,0.5663716814159293,0.010869565217391304,0.11812649424038249,0.1250000000000001
203,175,2013-05-29 12:29:11,14,100,,,100,90227,3,4.0,1,1.95,0.0021,5.01,30,100.47,1,6792,1,3,2,1,1,1,,46.73,0,,,,0.0,0.0,,,,,,,,0.0,0.0,,,,,,,,0.0,0.0,,0,,0,3,2,,,0.3333333333333333,0.3333333333333333,0.4314159292035398,0.0,0.05248858943707887,0.9923245614035088
204,175,2013-05-29 12:29:11,14,100,,,100,94837,3,3.5,1,2.77,0.0175,4.74,16,85.98,1,6792,1,3,2,1,1,1,,39.67,0,,,,0.0,0.0,33.0,,,,,,,0.0,0.0,33.0,,,,,,,0.0,0.0,33.0,0,,0,3,2,,,0.3333333333333333,0.0,0.6128318584070797,0.09846547314578005,0.013122147359269717,0.2182017543859652
205,175,2013-05-29 12:29:11,14,100,,,100,95519,3,4.0,0,2.3,0.0146,4.91,15,85.98,1,6792,1,3,2,1,1,1,,39.59,0,,,,0.0,0.0,,,,,,,,0.0,0.0,,,,,,,,0.0,0.0,,0,,0,3,2,,,0.3333333333333333,0.3333333333333333,0.5088495575221239,0.079923273657289,0.013122147359269717,0.20942982456140397
206,175,2013-05-29 12:29:11,14,100,,,100,96099,4,4.5,0,4.48,0.1459,5.44,3,182.59,1,6792,1,3,2,1,1,1,,44.55,0,,,,0.0,0.0,,,,,,,,0.0,0.0,,,,,,,,0.0,0.0,,0,,0,3,2,,,0.6666666666666666,0.6666666666666666,0.9911504424778763,0.9194373401534527,0.27559226255161917,0.7532894736842105
207,175,2013-05-29 12:29:11,14,100,,,100,100586,4,4.5,1,4.5,0.1544,5.65,24,230.9,0,6792,1,3,2,1,1,1,,44.47,0,,,,0.0,0.0,,,,,,,,0.0,0.0,,,,,,,,0.0,0.0,,0,,0,3,2,,,0.6666666666666666,0.6666666666666666,0.9955752212389382,0.9737851662404092,0.40684090415127144,0.7445175438596492
208,175,2013-05-29 12:29:11,14,100,,,100,113586,5,4.5,1,4.52,0.1426,5.66,8,239.59,1,6792,1,3,2,1,1,1,,44.24,0,,,,0.0,0.0,,,,,,,,-1.0,0.0,15.0,,,,,,,-1.0,0.0,10.0,0,,0,3,2,,,1.0,0.6666666666666666,1.0,0.8983375959079284,0.4304499021951749,0.7192982456140355
209,175,2013-05-29 12:29:11,14,100,,,100,115048,5,4.5,1,4.51,0.1471,5.54,2,192.25,0,6792,1,3,2,1,1,1,,44.28,0,,,,1.0,0.0,13.0,,,,,,,-1.0,0.0,9.0,,,,,,,-1.0,0.0,17.0,0,,0,3,2,,,1.0,0.6666666666666666,0.9977876106194691,0.9271099744245525,0.3018365572701586,0.7236842105263162
210,175,2013-05-29 12:29:11,14,100,,,100,121732,4,4.5,1,1.61,0.0036,5.27,29,134.29,0,6792,1,3,2,1,1,1,,46.3,0,,,,1.0,0.0,4.0,,,,,,,0.0,0.0,,,,,,,,0.0,0.0,,0,,0,3,2,,,0.6666666666666666,0.6666666666666666,0.3561946902654868,0.00959079283887468,0.14437078895892191,0.9451754385964912
211,175,2013-05-29 12:29:11,14,100,,,100,131410,4,4.0,1,2.64,0.0136,5.0,33,114.96,0,6792,1,3,2,1,1,1,,39.64,0,,,,0.0,0.0,,,,,,,,0.0,0.0,,,,,,,,0.0,0.0,,0,,0,3,2,,,0.6666666666666666,0.3333333333333333,0.5840707964601771,0.07352941176470587,0.09185503151488802,0.21491228070175453
212,175,2013-05-29 12:29:11,14,100,,,100,139172,2,3.5,0,1.79,0.0109,4.71,4,90.81,1,6792,1,3,2,1,1,1,,46.8,0,,,,,,,,,,,,,1.0,0.0,34.0,,,,,,,1.0,0.0,34.0,0,,0,3,2,,,0.0,0.0,0.3960176991150443,0.056265984654731455,0.026244294718539434,1.0
213,176,2013-04-28 12:25:18,25,215,,,59,9768,5,0.0,0,0.69,,5.8,10,187.62,1,6659,5,116,1,0,1,0,,,1,,,,,,,,,,,,,,,,,,,,,,,,,0,,0,3,2,,,1.0,0.0,0.0,,0.07231035789701665,
214,176,2013-04-28 12:25:18,25,215,,,59,32015,4,4.5,0,1.1,0.0075,6.21,33,204.56,1,6659,5,116,1,0,1,0,,,1,,,,,,,,,,,,,,,,,,,,,,,,,0,,0,3,2,,,0.0,0.9,0.12812500000000004,0.028894962905115187,0.09524067356110241,
215,176,2013-04-28 12:25:18,25,215,,,59,43575,4,4.0,0,3.0,0.1075,6.04,8,284.04,1,6659,5,116,1,0,1,0,,,1,,,,,,,,,,,,,,,,,,,,,,,,,0,,0,3,2,,,0.0,0.8,0.7218749999999999,0.419367434595861,0.20282635768043752,
216,176,2013-04-28 12:25:18,25,215,,,59,43849,4,4.5,1,3.89,0.0757,6.11,24,239.74,1,6659,5,116,1,0,1,0,,,1,,,,,,,,,,,,,,,,,,,,,,,,,0,,0,3,2,,,0.0,0.9,1.0,0.2951971885982038,0.1428610103416536,
217,176,2013-04-28 12:25:18,25,215,,,59,46161,5,5.0,1,2.4,0.0404,6.21,1,592.83,1,6659,5,116,1,0,1,0,,,1,,,,,,,,,,,,,,,,,,,,,,,,,0,,0,3,2,,,1.0,1.0,0.5343749999999999,0.15736040609137056,0.6208105474037577,
218,176,2013-04-28 12:25:18,25,215,,,59,46527,4,5.0,1,2.4,0.0719,6.0,6,134.2,1,6659,5,116,1,0,1,0,,,1,,,,,,,,,,,,,,,,,,,,,,,,,0,,0,3,2,,,0.0,1.0,0.5343749999999999,0.2803592346739555,0.0,
219,176,2013-04-28 12:25:18,25,215,,,59,48658,5,4.5,1,3.04,0.0809,6.21,15,419.54,0,6659,5,116,1,0,1,0,,,1,,,,,,,,,,,,,,,,,,,,,,,,,0,,0,3,2,,,1.0,0.9,0.734375,0.3155017571261226,0.3862418106015486,
220,176,2013-04-28 12:25:18,25,215,,,59,52394,4,4.5,1,2.2,0.0105,6.14,21,192.83,1,6659,5,116,1,0,1,0,,,1,,,,,,,,,,,,,,,,,,,,,,,,,0,,0,3,2,,,0.0,0.9,0.47187500000000004,0.04060913705583757,0.07936271590232284,
221,176,2013-04-28 12:25:18,25,215,,,59,53866,4,4.5,1,2.77,0.2562,6.14,28,251.47,1,6659,5,116,1,0,1,0,,,1,,,,,,,,,,,,,,,,,,,,,,,,,0,,0,3,2,,,0.0,0.9,0.65,1.0,0.15873896800043316,
222,176,2013-04-28 12:25:18,25,215,,,59,56825,4,4.5,0,3.69,0.0481,6.08,31,169.38,1,6659,5,116,1,0,1,0,,,1,,,,,,,,,,,,,,,,,,,,,,,,,0,,0,3,2,,,0.0,0.9,0.9375,0.18742678641155797,0.047620336780551206,
223,176,2013-04-28 12:25:18,25,215,,,59,57948,5,4.5,1,3.04,0.1226,6.21,26,166.78,1,6659,5,116,1,0,1,0,,,1,,,,,,,,,,,,,,,,,,,,,,,,,1,,0,3,2,,,1.0,0.9,0.734375,0.4783287778211636,0.04410092587579188,
224,176,2013-04-28 12:25:18,25,215,,,59,61024,5,0.0,0,2.71,,6.21,9,700.98,1,6659,5,116,1,0,1,0,,,1,,,,,,,,,,,,,,,,,,,,,,,,,0,,0,3,2,,,1.0,0.0,0.63125,,0.767204504845958,
225,176,2013-04-28 12:25:18,25,215,,,59,62142,4,4.5,1,3.09,0.0071,5.92,18,160.26,1,6659,5,116,1,0,1,0,,,1,,,,,,,,,,,,,,,,,,,,,,,,,0,,0,3,2,,,0.0,0.9,0.7499999999999999,0.027333073018352208,0.035275326222318486,
226,176,2013-04-28 12:25:18,25,215,,,59,65085,4,5.0,0,2.08,,5.97,12,547.23,0,6659,5,116,1,0,1,0,,,1,,,,,,,,,,,,,,,,,,,,,,,,,0,,0,3,2,,,0.0,1.0,0.434375,,0.5590854946125942,
227,176,2013-04-28 12:25:18,25,215,,,59,69256,4,4.5,1,1.79,0.0124,5.93,22,139.41,1,6659,5,116,1,0,1,0,,,1,,,,,,,,,,,,,,,,,,,,,,,,,0,,0,3,2,,,0.0,0.9,0.34375,0.04802811401796173,0.0070523580053062,
228,176,2013-04-28 12:25:18,25,215,,,59,69420,5,4.5,1,2.4,0.0363,6.21,14,872.96,0,6659,5,116,1,0,1,0,,,1,,,,,,,,,,,,,,,,,,,,,,,,,0,,0,3,2,,,1.0,0.9,0.5343749999999999,0.14135103475204996,1.0,
229,176,2013-04-28 12:25:18,25,215,,,59,72681,5,5.0,0,1.95,0.0022,6.21,19,551.14,0,6659,5,116,1,0,1,0,,,1,,,,,,,,,,,,,,,,,,,,,,,,,0,,0,3,2,,,1.0,1.0,0.39375,0.008199921905505662,0.5643781471655206,
230,176,2013-04-28 12:25:18,25,215,,,59,75251,4,4.5,0,3.69,0.0481,6.05,2,144.63,1,6659,5,116,1,0,1,0,,,1,,,,,,,,,,,,,,,,,,,,,,,,,0,,0,3,2,,,0.0,0.9,0.9375,0.18742678641155797,0.014118252206399923,
231,176,2013-04-28 12:25:18,25,215,,,59,76171,5,4.0,0,3.5,0.0297,6.21,16,290.55,1,6659,5,116,1,0,1,0,,,1,,,,,,,,,,,,,,,,,,,,,,,,,0,,0,3,2,,,1.0,0.8,0.8781249999999999,0.11557985162046076,0.21163842113812337,
232,176,2013-04-28 12:25:18,25,215,,,59,84957,4,4.0,1,3.87,0.0762,6.05,20,225.41,1,6659,5,116,1,0,1,0,,,1,,,,,,,,,,,,,,,,,,,,,,,,,0,,0,3,2,,,0.0,0.8,0.99375,0.29714955095665757,0.1234636417781147,
233,176,2013-04-28 12:25:18,25,215,,,59,93869,5,5.0,1,0.69,0.0111,6.21,29,432.57,1,6659,5,116,1,0,1,0,,,1,,,,,,,,,,,,,,,,,,,,,,,,,0,,0,3,2,,,1.0,1.0,0.0,0.04295197188598204,0.40387947371270777,
234,176,2013-04-28 12:25:18,25,215,,,59,98092,5,4.5,0,2.3,0.0196,6.21,7,474.27,1,6659,5,116,1,0,1,0,,,1,,,,,,,,,,,,,,,,,,,,,,,,,0,,0,3,2,,,1.0,0.9,0.5031249999999999,0.07614213197969544,0.46032541014673234,
235,176,2013-04-28 12:25:18,25,215,,,59,98214,4,5.0,0,2.2,0.0001,5.98,30,265.8,0,6659,5,116,1,0,1,0,,,1,,,,,,,,,,,,,,,,,,,,,,,,,0,,0,3,2,,,0.0,1.0,0.47187500000000004,0.0,0.1781363365639721,
236,176,2013-04-28 12:25:18,25,215,,,59,106918,5,4.5,0,3.5,0.0686,6.21,25,231.92,1,6659,5,116,1,0,1,0,,,1,,,,,,,,,,,,,,,,,,,,,,,,,0,,0,3,2,,,1.0,0.9,0.8781249999999999,0.26747364310816085,0.13227570523580054,
237,176,2013-04-28 12:25:18,25,215,,,59,115263,4,5.0,0,3.14,0.0186,5.89,34,265.8,0,6659,5,116,1,0,1,0,,,1,,,,,,,,,,,,,,,,,,,,,,,,,0,,0,3,2,,,0.0,1.0,0.765625,0.07223740726278798,0.1781363365639721,
238,176,2013-04-28 12:25:18,25,215,,,59,115908,4,4.5,0,1.79,0.0283,5.84,4,252.77,1,6659,5,116,1,0,1,0,,,1,,,,,,,,,,,,,,,,,,,,,,,,,0,,0,3,2,,,0.0,0.9,0.34375,0.11011323701679032,0.16049867345281285,
239,176,2013-04-28 12:25:18,25,215,,,59,118410,5,4.5,0,2.08,0.0267,6.21,3,259.28,1,6659,5,116,1,0,1,0,,,1,,,,,,,,,,,,,,,,,,,,,,,,,1,,0,3,2,,,1.0,0.9,0.434375,0.10386567746973839,0.16931073691049867,
240,176,2013-04-28 12:25:18,25,215,,,59,123239,4,4.0,0,3.87,0.0719,5.93,27,173.29,0,6659,5,116,1,0,1,0,,,1,,,,,,,,,,,,,,,,,,,,,,,,,0,,0,3,2,,,0.0,0.8,0.99375,0.2803592346739555,0.052912989333477725,
241,176,2013-04-28 12:25:18,25,215,,,59,127400,5,4.5,0,1.79,0.0549,6.21,32,475.57,1,6659,5,116,1,0,1,0,,,1,,,,,,,,,,,,,,,,,,,,,,,,,0,,0,3,2,,,1.0,0.9,0.34375,0.21397891448652867,0.46208511559911203,
242,176,2013-04-28 12:25:18,25,215,,,59,131645,4,4.5,0,3.5,0.0686,6.21,13,211.07,1,6659,5,116,1,0,1,0,,,1,,,,,,,,,,,,,,,,,,,,,,,,,0,,0,3,2,,,0.0,0.9,0.8781249999999999,0.26747364310816085,0.10405273701878824,
243,190,2013-05-28 20:12:34,5,219,,,109,8937,5,4.5,0,4.98,,5.26,10,144.0,0,22270,3,22,1,0,1,0,,6903.31,0,,,,,,,,,,,,,,,,,,,,,,,,,1,462.84,1,4,2,,,1.0,0.75,0.9843750000000003,,0.47572815533980584,0.1060606060615665
244,190,2013-05-28 20:12:34,5,219,,,109,14055,4,3.0,0,5.01,,4.77,15,95.0,0,22270,3,22,1,0,1,0,,6903.24,0,,,,,,,,,,,,,,,,,,,,,,,,,0,,0,4,2,,,0.0,0.0,1.0,,0.0,0.0
245,190,2013-05-28 20:12:34,5,219,,,109,53038,4,4.5,0,4.42,0.7979,5.38,1,150.0,0,22270,3,22,1,0,1,0,,6903.68,0,,,,,,,,,,,,,,,,,,,,,,,,,0,,0,4,2,,,0.0,0.75,0.6927083333333334,0.9075144508670522,0.5339805825242718,0.6666666666675853
246,190,2013-05-28 20:12:34,5,219,,,109,59499,5,4.5,1,3.09,,5.33,14,190.0,0,22270,3,22,1,0,1,0,,6903.9,0,,,,,,,,,,,,,,,,,,,,,,,,,0,,0,4,2,,,1.0,0.75,0.0,,0.9223300970873787,1.0
247,190,2013-05-28 20:12:34,5,219,,,109,76040,4,4.0,0,4.98,,4.93,16,141.0,0,22270,3,22,1,0,1,0,,6903.31,0,,,,,,,,,,,,,,,,,,,,,,,,,0,,0,4,2,,,0.0,0.5,0.9843750000000003,,0.44660194174757284,0.1060606060615665
248,190,2013-05-28 20:12:34,5,219,,,109,81130,5,4.0,0,4.33,0.7201,5.49,2,144.0,0,22270,3,22,1,0,1,0,,6903.77,0,,,,,,,,,,,,,,,,,,,,,,,,,0,,0,4,2,,,1.0,0.5,0.6458333333333335,0.5862923203963665,0.47572815533980584,0.8030303030314723
249,190,2013-05-28 20:12:34,5,219,,,109,86257,4,4.5,0,4.42,0.6749,5.2,4,141.0,0,22270,3,22,1,0,1,0,,6903.58,0,,,,,,,,,,,,,,,,,,,,,,,,,0,,0,4,2,,,0.0,0.75,0.6927083333333334,0.39966969446738265,0.44660194174757284,0.5151515151518492
