,srch_id,date_time,site_id,visitor_location_country_id,visitor_hist_starrating,visitor_hist_adr_usd,prop_country_id,prop_id,prop_starrating,prop_review_score,prop_brand_bool,prop_location_score1,prop_location_score2,prop_log_historical_price,position,price_usd,promotion_flag,srch_destination_id,srch_length_of_stay,srch_booking_window,srch_adults_count,srch_children_count,srch_room_count,srch_saturday_night_bool,srch_query_affinity_score,orig_destination_distance,random_bool,comp1_rate,comp1_inv,comp1_rate_percent_diff,comp2_rate,comp2_inv,comp2_rate_percent_diff,comp3_rate,comp3_inv,comp3_rate_percent_diff,comp4_rate,comp4_inv,comp4_rate_percent_diff,comp5_rate,comp5_inv,comp5_rate_percent_diff,comp6_rate,comp6_inv,comp6_rate_percent_diff,comp7_rate,comp7_inv,comp7_rate_percent_diff,comp8_rate,comp8_inv,comp8_rate_percent_diff,click_bool,gross_bookings_usd,booking_bool,hour,month,diff_usd,diff_starrating
2093,136,2013-04-04 18:43:37,5,219,,,219,805,2,3.0,1,2.71,0.2419,4.79,13,59.0,0,6767,2,15,2,2,1,1,,164.58,1,,,,,,,,,,,,,,,,,,,,,,,,,0,,0,18,4,,
2094,136,2013-04-04 18:43:37,5,219,,,219,1182,2,4.0,0,1.39,0.0849,4.62,2,82.0,1,6767,2,15,2,2,1,1,,162.75,1,,,,,,,,,,,,,,,,,,,,,,,,,0,,0,18,4,,
2095,136,2013-04-04 18:43:37,5,219,,,219,1284,3,4.5,0,0.0,0.0152,4.71,30,68.0,0,6767,2,15,2,2,1,1,,152.65,1,,,,,,,,,,,,,,,,,,,,,,,,,0,,0,18,4,,
2096,136,2013-04-04 18:43:37,5,219,,,219,2285,2,4.5,0,2.83,0.0607,4.83,8,88.0,0,6767,2,15,2,2,1,1,,165.23,1,,,,,,,,,,,,,,,,,,,,,,,,,0,,0,18,4,,
2097,136,2013-04-04 18:43:37,5,219,,,219,13608,2,4.5,1,2.71,,5.28,18,99.0,0,6767,2,15,2,2,1,1,,164.73,1,,,,,,,,,,,,,,,,,,,,,,,,,0,,0,18,4,,
2098,136,2013-04-04 18:43:37,5,219,,,219,24534,3,4.0,1,2.71,0.0841,4.72,21,84.0,0,6767,2,15,2,2,1,1,,164.76,1,,,,,,,,,,,,,,,,,,,,,,,,,0,,0,18,4,,
2099,136,2013-04-04 18:43:37,5,219,,,219,29094,2,1.0,1,2.71,,4.81,20,79.0,0,6767,2,15,2,2,1,1,,164.68,1,,,,,,,,,,,,,,,,,,,,,,,,,0,,0,18,4,,
2100,136,2013-04-04 18:43:37,5,219,,,219,35226,3,4.0,0,0.0,0.0455,5.14,1,122.0,0,6767,2,15,2,2,1,1,,163.39,1,,,,,,,,,,,,,,,,,,,,,,,,,0,,0,18,4,,
2101,136,2013-04-04 18:43:37,5,219,,,219,43395,2,4.0,1,2.64,0.1519,4.47,19,48.0,0,6767,2,15,2,2,1,1,,164.46,1,,,,,,,,,,,,,,,,,,,,,,,,,0,,0,18,4,,
2102,136,2013-04-04 18:43:37,5,219,,,219,46489,2,3.5,1,1.61,0.0478,4.76,28,55.0,0,6767,2,15,2,2,1,1,,162.11,1,,,,,,,,,,,,,,,,,,,,,,,,,0,,0,18,4,,
2103,136,2013-04-04 18:43:37,5,219,,,219,53118,2,4.0,1,2.71,0.2564,5.0,9,50.0,0,6767,2,15,2,2,1,1,,164.5,1,,,,,,,,,,,,,,,,,,,,,,,,,1,,0,18,4,,
2104,136,2013-04-04 18:43:37,5,219,,,219,59549,3,2.5,1,1.61,0.0783,4.96,12,74.0,0,6767,2,15,2,2,1,1,,165.82,1,,,,,,,,,,,,,,,,,,,,,,,,,0,,0,18,4,,
2105,136,2013-04-04 18:43:37,5,219,,,219,59928,3,4.5,1,1.61,0.0998,4.85,7,116.0,0,6767,2,15,2,2,1,1,,165.57,1,,,,,,,,,,,,,,,,,,,,,,,,,0,,0,18,4,,
2106,136,2013-04-04 18:43:37,5,219,,,219,68004,2,3.0,1,0.69,,4.62,26,56.0,1,6767,2,15,2,2,1,1,,161.34,1,,,,,,,,,,,,,,,,,,,,,,,,,0,,0,18,4,,
2107,136,2013-04-04 18:43:37,5,219,,,219,69951,3,4.0,1,1.61,0.0872,4.97,16,109.0,0,6767,2,15,2,2,1,1,,165.43,1,,,,,,,,,,,,,,,,,,,,,,,,,0,,0,18,4,,
2108,136,2013-04-04 18:43:37,5,219,,,219,75245,1,2.5,1,2.71,0.1021,4.07,6,40.0,0,6767,2,15,2,2,1,1,,164.24,1,,,,,,,,,,,,,,,,,,,,,,,,,0,,0,18,4,,
2109,136,2013-04-04 18:43:37,5,219,,,219,80768,3,4.0,1,1.39,0.0879,4.55,4,64.0,1,6767,2,15,2,2,1,1,,162.81,1,,,,,,,,,,,,,,,,,,,,,,,,,0,,0,18,4,,
2110,136,2013-04-04 18:43:37,5,219,,,219,82629,2,4.0,1,1.61,0.0165,4.88,24,71.0,0,6767,2,15,2,2,1,1,,162.65,1,,,,,,,,,,,,,,,,,,,,,,,,,0,,0,18,4,,
2111,136,2013-04-04 18:43:37,5,219,,,219,91066,3,4.0,1,1.61,0.09300000000000001,5.16,15,149.0,0,6767,2,15,2,2,1,1,,165.46,1,,,,,,,,,,,,,,,,,,,,,,,,,0,,0,18,4,,
2112,136,2013-04-04 18:43:37,5,219,,,219,97279,3,4.5,1,0.69,,4.85,27,92.0,0,6767,2,15,2,2,1,1,,161.23,1,,,,,,,,,,,,,,,,,,,,,,,,,0,,0,18,4,,
2113,136,2013-04-04 18:43:37,5,219,,,219,97826,2,4.0,0,0.0,,4.81,29,129.0,0,6767,2,15,2,2,1,1,,157.66,1,,,,,,,,,,,,,,,,,,,,,,,,,0,,0,18,4,,
2114,136,2013-04-04 18:43:37,5,219,,,219,100595,3,4.5,1,1.61,,4.88,25,105.0,0,6767,2,15,2,2,1,1,,161.99,1,,,,,,,,,,,,,,,,,,,,,,,,,0,,0,18,4,,
2115,136,2013-04-04 18:43:37,5,219,,,219,107629,3,4.5,1,0.0,,5.05,3,127.0,0,6767,2,15,2,2,1,1,,162.33,1,,,,,,,,,,,,,,,,,,,,,,,,,0,,0,18,4,,
2116,136,2013-04-04 18:43:37,5,219,,,219,119037,3,3.0,0,1.61,0.0483,4.82,22,69.0,0,6767,2,15,2,2,1,1,,162.23,1,,,,,,,,,,,,,,,,,,,,,,,,,0,,0,18,4,,
2117,136,2013-04-04 18:43:37,5,219,,,219,124476,3,3.0,1,2.71,0.1642,4.49,14,61.0,0,6767,2,15,2,2,1,1,,164.72,1,,,,,,,,,,,,,,,,,,,,,,,,,0,,0,18,4,,
2118,136,2013-04-04 18:43:37,5,219,,,219,138939,3,3.5,1,2.71,0.1805,4.89,10,100.0,0,6767,2,15,2,2,1,1,,164.36,1,,,,,,,,,,,,,,,,,,,,,,,,,0,,0,18,4,,
11069,796,2012-12-29 07:41:21,5,219,,,219,613,0,2.5,1,2.94,0.0192,4.12,1,39.0,0,1775,1,1,2,0,1,0,,185.94,0,,,,,,,,,,,,,,,,,,,,,,,,,0,,0,7,12,,
11070,796,2012-12-29 07:41:21,5,219,,,219,1023,2,5.0,1,2.94,0.191,3.96,9,46.0,0,1775,1,1,2,0,1,0,,191.14,0,,,,,,,,,,,,,,,,,,,,,,,,,0,,0,7,12,,
11071,796,2012-12-29 07:41:21,5,219,,,219,2048,2,3.0,1,2.94,0.1147,4.02,2,44.0,1,1775,1,1,2,0,1,0,,190.74,0,,,,,,,,,,,,,,,,,,,,,,,,,0,,0,7,12,,
11072,796,2012-12-29 07:41:21,5,219,,,219,6125,2,2.5,1,1.1,0.0008,4.24,24,54.0,1,1775,1,1,2,0,1,0,,172.36,0,,,,0.0,0.0,,,,,,,,,,,,,,,,,0.0,0.0,,0,,0,7,12,,
11073,796,2012-12-29 07:41:21,5,219,,,219,8185,2,3.5,1,2.94,0.1983,3.87,3,44.0,0,1775,1,1,2,0,1,0,,185.43,0,,,,0.0,0.0,,,,,,,,,,,,,,,,,,,,1,50.15,1,7,12,,
11074,796,2012-12-29 07:41:21,5,219,,,219,9609,2,4.5,1,2.08,0.0336,3.97,13,49.0,1,1775,1,1,2,0,1,0,,200.69,0,,,,0.0,0.0,,,,,,,,,,,,,,,,,0.0,0.0,,0,,0,7,12,,
11075,796,2012-12-29 07:41:21,5,219,,,219,14328,2,2.5,1,0.69,,4.24,8,45.0,0,1775,1,1,2,0,1,0,,172.22,0,,,,0.0,0.0,,,,,,,,,,,,,,,,,,,,0,,0,7,12,,
11076,796,2012-12-29 07:41:21,5,219,,,219,19899,2,4.0,1,2.94,0.2046,3.98,10,48.0,0,1775,1,1,2,0,1,0,,191.04,0,,,,0.0,0.0,,,,,,,,0.0,0.0,5.0,,,,,,,0.0,0.0,,0,,0,7,12,,
11077,796,2012-12-29 07:41:21,5,219,,,219,31780,2,0.0,1,0.0,,4.24,29,56.0,0,1775,1,1,2,0,1,0,,209.78,0,,,,,,,,,,,,,,,,,,,,,,,,,0,,0,7,12,,
11078,796,2012-12-29 07:41:21,5,219,,,219,32829,2,2.5,1,2.94,0.1052,3.76,4,45.0,0,1775,1,1,2,0,1,0,,185.69,0,,,,,,,,,,,,,,,,,,,,,,,,,0,,0,7,12,,
11079,796,2012-12-29 07:41:21,5,219,,,219,33480,2,3.5,1,2.94,0.1536,4.18,30,59.0,0,1775,1,1,2,0,1,0,,185.49,0,,,,,,,,,,,,,,,,,,,,,,,,,0,,0,7,12,,
11080,796,2012-12-29 07:41:21,5,219,,,219,33650,3,3.5,1,2.94,0.133,4.48,18,52.0,0,1775,1,1,2,0,1,0,,185.63,0,,,,,,,,,,,,,,,,,,,,,,,,,0,,0,7,12,,
11081,796,2012-12-29 07:41:21,5,219,,,219,35140,2,2.5,1,1.39,0.0575,4.1,21,53.0,0,1775,1,1,2,0,1,0,,185.78,0,,,,0.0,0.0,11.0,,,,,,,1.0,0.0,13.0,,,,,,,-1.0,0.0,11.0,0,,0,7,12,,
11082,796,2012-12-29 07:41:21,5,219,,,219,45259,2,0.0,1,0.69,0.0004,3.97,15,50.0,0,1775,1,1,2,0,1,0,,203.86,0,,,,,,,,,,,,,,,,,,,,,,,,,0,,0,7,12,,
11083,796,2012-12-29 07:41:21,5,219,,,219,46075,2,3.0,1,2.94,,4.02,38,62.0,0,1775,1,1,2,0,1,0,,191.25,0,,,,,,,,,,,,,,,,,,,,,,,,,0,,0,7,12,,
11084,796,2012-12-29 07:41:21,5,219,,,219,55439,2,2.0,1,1.79,,4.24,27,55.0,0,1775,1,1,2,0,1,0,,173.03,0,,,,0.0,0.0,15.0,,,,,,,-1.0,0.0,12.0,,,,,,,0.0,0.0,,0,,0,7,12,,
11085,796,2012-12-29 07:41:21,5,219,,,219,60450,2,3.5,1,1.1,,4.24,16,50.0,0,1775,1,1,2,0,1,0,,205.74,0,,,,,,,,,,,,,,,,,,,,,,,,,0,,0,7,12,,
11086,796,2012-12-29 07:41:21,5,219,,,219,61931,3,4.0,1,2.08,0.0074,4.2,35,60.0,0,1775,1,1,2,0,1,0,,204.58,0,,,,,,,,,,,,,,,,,,,,,,,,,0,,0,7,12,,
11087,796,2012-12-29 07:41:21,5,219,,,219,67117,2,3.5,1,2.94,0.0803,4.02,14,50.0,0,1775,1,1,2,0,1,0,,190.9,0,,,,,,,,,,,,,,,,,,,,,,,,,0,,0,7,12,,
11088,796,2012-12-29 07:41:21,5,219,,,219,72009,2,3.5,1,2.94,0.2385,4.02,19,52.0,0,1775,1,1,2,0,1,0,,185.38,0,,,,,,,,,,,,,,,,,,,,,,,,,0,,0,7,12,,
11089,796,2012-12-29 07:41:21,5,219,,,219,82854,0,3.5,1,0.0,0.0004,4.35,20,52.0,0,1775,1,1,2,0,1,0,,181.31,0,,,,,,,,,,,,,,,,,,,,,,,,,0,,0,7,12,,
11090,796,2012-12-29 07:41:21,5,219,,,219,83987,3,3.0,1,2.94,0.1862,4.48,26,55.0,0,1775,1,1,2,0,1,0,,185.27,0,,,,,,,,,,,,,,,,,,,,,,,,,0,,0,7,12,,
11091,796,2012-12-29 07:41:21,5,219,,,219,96734,2,4.0,1,1.39,0.0577,4.21,31,59.0,0,1775,1,1,2,0,1,0,,185.79,0,,,,0.0,0.0,,,,,,,,0.0,0.0,4.0,,,,,,,-1.0,0.0,3.0,0,,0,7,12,,
11092,796,2012-12-29 07:41:21,5,219,,,219,96980,2,3.0,1,0.0,0.0017,4.02,12,48.0,0,1775,1,1,2,0,1,0,,189.31,0,,,,,,,,,,,,,,,,,,,,,,,,,0,,0,7,12,,
11093,796,2012-12-29 07:41:21,5,219,,,219,112184,2,3.0,1,0.0,,4.02,39,62.0,0,1775,1,1,2,0,1,0,,191.4,0,,,,0.0,0.0,,,,,,,,1.0,0.0,11.0,,,,,,,0.0,0.0,,0,,0,7,12,,
11094,796,2012-12-29 07:41:21,5,219,,,219,114609,2,4.0,1,2.94,0.0382,4.02,28,56.0,0,1775,1,1,2,0,1,0,,185.85,0,,,,,,,,,,,,,,,,,,,,,,,,,0,,0,7,12,,
11095,796,2012-12-29 07:41:21,5,219,,,219,121119,2,3.5,1,2.3,0.0009,4.27,37,60.0,0,1775,1,1,2,0,1,0,,204.81,0,,,,,,,,,,,,,,,,,,,,,,,,,0,,0,7,12,,
11096,796,2012-12-29 07:41:21,5,219,,,219,121279,2,2.5,0,1.61,0.0152,4.02,6,45.0,0,1775,1,1,2,0,1,0,,188.0,0,,,,,,,,,,,,,,,,,,,,,,,,,0,,0,7,12,,
11097,796,2012-12-29 07:41:21,5,219,,,219,127435,2,3.0,1,1.95,,4.39,25,54.0,0,1775,1,1,2,0,1,0,,204.58,0,,,,,,,,,,,,,,,,,,,,,,,,,0,,0,7,12,,
11098,796,2012-12-29 07:41:21,5,219,,,219,132083,3,3.5,1,2.94,0.2022,4.08,22,54.0,1,1775,1,1,2,0,1,0,,191.08,0,,,,,,,,,,,,,,,,,,,,,,,,,0,,0,7,12,,
11099,796,2012-12-29 07:41:21,5,219,,,219,133673,3,2.5,1,1.61,0.0058,4.17,33,59.0,1,1775,1,1,2,0,1,0,,173.03,0,,,,0.0,0.0,,,,,,,,,,,,,,,,,0.0,0.0,,0,,0,7,12,,
11100,796,2012-12-29 07:41:21,5,219,,,219,134768,3,3.5,1,2.94,0.2235,4.32,36,60.0,0,1775,1,1,2,0,1,0,,185.2,0,,,,,,,,,,,,,,,,,,,,,,,,,0,,0,7,12,,
11101,796,2012-12-29 07:41:21,5,219,,,219,135842,2,4.0,0,0.0,,4.31,32,59.0,0,1775,1,1,2,0,1,0,,206.89,0,,,,0.0,0.0,,,,,,,,0.0,0.0,,,,,,,,,,,0,,0,7,12,,
11102,796,2012-12-29 07:41:21,5,219,,,219,136560,2,0.0,1,2.94,0.0964,4.02,7,45.0,0,1775,1,1,2,0,1,0,,190.91,0,,,,0.0,0.0,,,,,,,,,,,,,,,,,,,,0,,0,7,12,,
11103,796,2012-12-29 07:41:21,5,219,,,219,140329,2,3.5,1,0.69,0.0012,4.24,34,60.0,0,1775,1,1,2,0,1,0,,171.29,0,,,,,,,,,,,,,,,,,,,,,,,,,0,,0,7,12,,
29595,1987,2013-05-29 06:15:29,5,219,,,219,2488,2,3.5,0,0.0,,4.52,20,56.0,0,2861,3,72,2,0,1,1,,96.43,1,,,,,,,,,,,,,,,,,,,,,,,,,0,,0,6,5,,
29596,1987,2013-05-29 06:15:29,5,219,,,219,3351,3,3.0,0,2.3,0.0654,5.33,6,140.0,0,2861,3,72,2,0,1,1,,94.39,1,,,,,,,,,,,,,,,,,,,,,,,,,0,,0,6,5,,
29597,1987,2013-05-29 06:15:29,5,219,,,219,21957,3,3.0,1,1.79,,4.7,26,63.0,1,2861,3,72,2,0,1,1,,94.9,1,,,,,,,,,,,,,,,,,,,,,,,,,0,,0,6,5,,
29598,1987,2013-05-29 06:15:29,5,219,,,219,24492,3,4.0,0,2.48,0.4118,5.35,1,229.0,0,2861,3,72,2,0,1,1,,94.4,1,,,,,,,,,,,,,,,,,,,,,,,,,0,,0,6,5,,
29599,1987,2013-05-29 06:15:29,5,219,,,219,24816,4,4.5,0,2.48,,5.74,14,179.0,0,2861,3,72,2,0,1,1,,101.43,1,,,,,,,,,,,,,,,,,,,,,,,,,0,,0,6,5,,
29600,1987,2013-05-29 06:15:29,5,219,,,219,30376,3,4.5,1,0.69,,4.7,12,159.0,0,2861,3,72,2,0,1,1,,94.61,1,,,,,,,,,,,,,,,,,,,,,,,,,0,,0,6,5,,
29601,1987,2013-05-29 06:15:29,5,219,,,219,34298,2,3.0,1,2.2,,4.37,21,51.0,1,2861,3,72,2,0,1,1,,100.36,1,,,,,,,,,,,,,,,,,,,,,,,,,0,,0,6,5,,
29602,1987,2013-05-29 06:15:29,5,219,,,219,37729,2,4.0,0,2.08,0.0596,4.52,2,130.0,1,2861,3,72,2,0,1,1,,95.14,1,,,,,,,,,,,,,,,,,,,,,,,,,0,,0,6,5,,
29603,1987,2013-05-29 06:15:29,5,219,,,219,40564,3,4.5,0,2.08,0.0617,5.37,3,129.0,1,2861,3,72,2,0,1,1,,95.08,1,,,,,,,,,,,,,,,,,,,,,,,,,0,,0,6,5,,
29604,1987,2013-05-29 06:15:29,5,219,,,219,41019,3,4.0,1,1.79,,4.51,13,49.0,0,2861,3,72,2,0,1,1,,95.1,1,,,,,,,,,,,,,,,,,,,,,,,,,0,,0,6,5,,
29605,1987,2013-05-29 06:15:29,5,219,,,219,52790,0,4.5,0,2.3,0.0227,5.72,10,132.0,0,2861,3,72,2,0,1,1,,94.22,1,,,,,,,,,,,,,,,,,,,,,,,,,0,,0,6,5,,
29606,1987,2013-05-29 06:15:29,5,219,,,219,59011,3,3.5,1,0.69,,4.71,18,99.0,0,2861,3,72,2,0,1,1,,81.53,1,,,,,,,,,,,,,,,,,,,,,,,,,0,,0,6,5,,
29607,1987,2013-05-29 06:15:29,5,219,,,219,64580,4,4.5,1,2.48,0.3143,6.18,9,292.0,0,2861,3,72,2,0,1,1,,94.58,1,,,,,,,,,,,,,,,,,,,,,,,,,0,,0,6,5,,
29608,1987,2013-05-29 06:15:29,5,219,,,219,72400,4,4.5,1,2.48,0.5939,5.62,7,169.0,0,2861,3,72,2,0,1,1,,94.45,1,,,,,,,,,,,,,,,,,,,,,,,,,0,,0,6,5,,
29609,1987,2013-05-29 06:15:29,5,219,,,219,77973,4,4.0,0,2.71,,5.12,19,100.0,0,2861,3,72,2,0,1,1,,101.02,1,,,,,,,,,,,,,,,,,,,,,,,,,0,,0,6,5,,
29610,1987,2013-05-29 06:15:29,5,219,,,219,80701,4,4.5,1,2.56,,5.74,15,154.0,1,2861,3,72,2,0,1,1,,100.62,1,,,,,,,,,,,,,,,,,,,,,,,,,0,,0,6,5,,
29611,1987,2013-05-29 06:15:29,5,219,,,219,80946,4,4.5,1,2.48,0.5433,5.83,4,177.0,1,2861,3,72,2,0,1,1,,94.52,1,,,,,,,,,,,,,,,,,,,,,,,,,1,,0,6,5,,
29612,1987,2013-05-29 06:15:29,5,219,,,219,98674,3,4.0,1,2.56,,4.77,24,65.0,0,2861,3,72,2,0,1,1,,100.53,1,,,,,,,,,,,,,,,,,,,,,,,,,0,,0,6,5,,
29613,1987,2013-05-29 06:15:29,5,219,,,219,110023,4,5.0,1,2.83,0.0289,5.75,8,270.0,0,2861,3,72,2,0,1,1,,94.72,1,,,,,,,,,,,,,,,,,,,,,,,,,0,,0,6,5,,
29614,1987,2013-05-29 06:15:29,5,219,,,219,116652,3,4.0,0,2.4,,4.59,22,99.0,0,2861,3,72,2,0,1,1,,100.42,1,,,,,,,,,,,,,,,,,,,,,,,,,0,,0,6,5,,
29615,1987,2013-05-29 06:15:29,5,219,,,219,122531,2,3.0,1,1.79,,4.52,25,59.0,0,2861,3,72,2,0,1,1,,94.88,1,,,,,,,,,,,,,,,,,,,,,,,,,0,,0,6,5,,
29616,1987,2013-05-29 06:15:29,5,219,,,219,123832,3,4.5,0,2.71,,5.24,27,106.0,0,2861,3,72,2,0,1,1,,101.14,1,,,,,,,,,,,,,,,,,,,,,,,,,0,,0,6,5,,
29617,1987,2013-05-29 06:15:29,5,219,,,219,124469,3,4.0,0,2.71,,4.7,16,199.0,0,2861,3,72,2,0,1,1,,101.03,1,,,,,,,,,,,,,,,,,,,,,,,,,0,,0,6,5,,
30995,2083,2013-06-12 21:15:56,14,100,,,219,3389,3,4.5,1,2.2,0.0085,0.0,2,104.03,1,14230,8,45,4,0,1,0,,1316.0,0,,,,0.0,0.0,34.0,0.0,0.0,34.0,,,,0.0,0.0,34.0,,,,,,,0.0,0.0,34.0,0,,0,21,6,,
30996,2083,2013-06-12 21:15:56,14,100,,,219,6973,2,3.0,1,4.19,,0.0,22,31.41,1,14230,8,45,4,0,1,0,,1312.3,0,,,,0.0,0.0,,0.0,0.0,,,,,0.0,0.0,,,,,,,,0.0,0.0,,0,,0,21,6,,
30997,2083,2013-06-12 21:15:56,14,100,,,219,12633,2,1.5,0,3.66,,0.0,26,42.2,0,14230,8,45,4,0,1,0,,1313.18,0,,,,,,,1.0,0.0,33.0,,,,,,,,,,,,,,,,0,,0,21,6,,
30998,2083,2013-06-12 21:15:56,14,100,,,219,21018,4,4.0,1,3.43,,0.0,10,164.88,0,14230,8,45,4,0,1,0,,1313.07,0,,,,0.0,0.0,,0.0,0.0,,,,,-1.0,0.0,25.0,,,,,,,-1.0,0.0,25.0,0,,0,21,6,,
30999,2083,2013-06-12 21:15:56,14,100,,,219,24545,4,4.0,0,4.04,,0.0,12,113.85,1,14230,8,45,4,0,1,0,,1312.53,0,,,,,,,1.0,0.0,17.0,,,,1.0,0.0,17.0,,,,,,,1.0,0.0,17.0,0,,0,21,6,,
31000,2083,2013-06-12 21:15:56,14,100,,,219,26248,5,4.5,1,3.66,,0.0,15,200.22,0,14230,8,45,4,0,1,0,,1313.05,0,,,,0.0,0.0,,0.0,0.0,,,,,1.0,0.0,3.0,,,,,,,0.0,0.0,25.0,0,,0,21,6,,
31001,2083,2013-06-12 21:15:56,14,100,,,219,26711,2,0.0,1,4.22,,0.0,21,57.91,1,14230,8,45,4,0,1,0,,1312.34,0,,,,0.0,0.0,,0.0,0.0,16.0,,,,1.0,0.0,24.0,,,,,,,0.0,0.0,,0,,0,21,6,,
31002,2083,2013-06-12 21:15:56,14,100,,,219,28940,3,4.5,1,2.48,,0.0,27,117.77,0,14230,8,45,4,0,1,0,,1313.8,0,,,,,,,,-1.0,,,,,,,,,,,,,,,,,0,,0,21,6,,
31003,2083,2013-06-12 21:15:56,14,100,,,219,34016,3,4.0,0,1.79,0.0929,0.0,3,48.09,0,14230,8,45,4,0,1,0,,1316.47,0,,,,,1.0,,0.0,0.0,,,,,0.0,0.0,,,,,,,,0.0,0.0,,1,2795.21,1,21,6,,
31004,2083,2013-06-12 21:15:56,14,100,,,219,37818,4,3.5,1,3.95,,0.0,14,78.52,1,14230,8,45,4,0,1,0,,1312.81,0,,,,0.0,0.0,,0.0,0.0,,,,,0.0,0.0,,,,,,,,0.0,0.0,,0,,0,21,6,,
31005,2083,2013-06-12 21:15:56,14,100,,,219,43163,3,4.5,1,1.39,,0.0,31,124.64,0,14230,8,45,4,0,1,0,,1316.37,0,,,,0.0,0.0,,0.0,0.0,,,,,,,,,,,,,,0.0,0.0,,0,,0,21,6,,
31006,2083,2013-06-12 21:15:56,14,100,,,219,43535,2,3.5,1,3.85,,0.0,29,68.7,0,14230,8,45,4,0,1,0,,1312.41,0,,,,0.0,0.0,,0.0,0.0,,,,,-1.0,0.0,20.0,,,,,,,-1.0,0.0,20.0,0,,0,21,6,,
31007,2083,2013-06-12 21:15:56,14,100,,,219,54004,3,4.5,1,2.4,,0.0,30,85.39,0,14230,8,45,4,0,1,0,,1313.86,0,,,,,,,,-1.0,,,,,,,,,,,,,,,,,0,,0,21,6,,
31008,2083,2013-06-12 21:15:56,14,100,,,219,59537,2,4.5,1,2.2,0.0632,0.0,8,91.27,1,14230,8,45,4,0,1,0,,1315.27,0,,,,,,,,,,,,,,-1.0,,,,,,,,,-1.0,,0,,0,21,6,,
31009,2083,2013-06-12 21:15:56,14,100,,,219,69169,3,4.5,1,2.48,,0.0,25,119.74,0,14230,8,45,4,0,1,0,,1313.77,0,,,,0.0,0.0,,,,,,,,0.0,0.0,,,,,,,,0.0,0.0,,0,,0,21,6,,
31010,2083,2013-06-12 21:15:56,14,100,,,219,75382,3,4.5,1,1.1,,0.0,19,90.29,0,14230,8,45,4,0,1,0,,1315.78,0,,,,,,,1.0,0.0,5.0,,,,1.0,0.0,14.0,,,,,,,1.0,0.0,5.0,0,,0,21,6,,
31011,2083,2013-06-12 21:15:56,14,100,,,219,77089,3,3.5,1,3.99,,0.0,13,71.65,1,14230,8,45,4,0,1,0,,1312.67,0,,,,0.0,0.0,,0.0,0.0,,,,,0.0,0.0,,,,,,,,0.0,0.0,,1,,0,21,6,,
31012,2083,2013-06-12 21:15:56,14,100,,,219,78669,3,4.5,1,2.2,0.0558,0.0,7,103.05,0,14230,8,45,4,0,1,0,,1315.48,0,,,,0.0,0.0,,0.0,0.0,,,,,0.0,0.0,,,,,,,,0.0,0.0,,0,,0,21,6,,
31013,2083,2013-06-12 21:15:56,14,100,,,219,85877,4,4.5,0,1.1,0.4577,0.0,1,67.72,0,14230,8,45,4,0,1,0,,1317.43,0,,,,0.0,0.0,,0.0,0.0,,,,,0.0,0.0,,,,,,,,0.0,0.0,,0,,0,21,6,,
31014,2083,2013-06-12 21:15:56,14,100,,,219,98917,3,4.5,1,1.61,0.0225,0.0,6,118.76,0,14230,8,45,4,0,1,0,,1314.1,0,,,,,,,0.0,0.0,,,,,1.0,0.0,16.0,,,,,,,0.0,0.0,,0,,0,21,6,,
31015,2083,2013-06-12 21:15:56,14,100,,,219,100654,4,4.5,1,0.69,,0.0,16,151.14,1,14230,8,45,4,0,1,0,,1314.23,0,,,,0.0,0.0,,0.0,0.0,,,,,0.0,0.0,,,,,,,,-1.0,0.0,7.0,0,,0,21,6,,
31016,2083,2013-06-12 21:15:56,14,100,,,219,109066,3,4.5,1,1.1,,0.0,20,79.5,1,14230,8,45,4,0,1,0,,1316.7,0,,,,,,,0.0,0.0,,,,,0.0,1.0,,,,,,,,0.0,0.0,,0,,0,21,6,,
31017,2083,2013-06-12 21:15:56,14,100,,,219,110767,3,4.0,1,2.48,,0.0,28,109.92,0,14230,8,45,4,0,1,0,,1313.77,0,,,,,,,,-1.0,,,,,,,,,,,,,,,,,0,,0,21,6,,
31018,2083,2013-06-12 21:15:56,14,100,,,219,117294,5,5.0,1,3.37,,0.0,24,512.32,0,14230,8,45,4,0,1,0,,1313.18,0,,,,,,,0.0,0.0,,,,,0.0,0.0,,,,,,,,0.0,0.0,,0,,0,21,6,,
31019,2083,2013-06-12 21:15:56,14,100,,,219,120307,3,5.0,1,0.69,0.0147,0.0,4,91.27,0,14230,8,45,4,0,1,0,,1312.54,0,,,,0.0,0.0,,0.0,0.0,,,,,0.0,0.0,,,,,,,,0.0,0.0,5.0,0,,0,21,6,,
31020,2083,2013-06-12 21:15:56,14,100,,,219,127201,3,3.0,0,4.13,,0.0,18,61.83,0,14230,8,45,4,0,1,0,,1312.39,0,,,,0.0,0.0,,0.0,0.0,,,,,0.0,0.0,,,,,,,,0.0,0.0,,0,,0,21,6,,
31021,2083,2013-06-12 21:15:56,14,100,,,219,127791,3,4.5,1,3.97,,0.0,9,90.29,1,14230,8,45,4,0,1,0,,1312.51,0,,,,,,,,,,,,,,,,,,,,,,,,,0,,0,21,6,,
39133,2598,2013-03-14 19:28:20,15,55,,,129,371,4,4.0,0,1.39,0.0007,5.19,36,111.61,0,11507,2,5,1,0,1,0,,,1,,,,,,,,,,,,,,,,,,,,,,,,,0,,0,19,3,,
39134,2598,2013-03-14 19:28:20,15,55,,,129,844,4,4.5,0,4.34,,5.29,31,132.73,0,11507,2,5,1,0,1,0,,,1,,,,,,,,,,,,,,,,,,,0.0,0.0,,,,,0,,0,19,3,,
39135,2598,2013-03-14 19:28:20,15,55,,,129,1605,4,0.0,0,3.76,,5.34,35,167.42,0,11507,2,5,1,0,1,0,,,1,,,,,,,,,,,,,0.0,0.0,,,,,0.0,0.0,,,,,0,,0,19,3,,
39136,2598,2013-03-14 19:28:20,15,55,,,129,6434,3,3.5,1,4.2,0.065,4.52,25,105.58,1,11507,2,5,1,0,1,0,,,1,,,,,,,,,,,,,,,,,,,,,,,,,0,,0,19,3,,
39137,2598,2013-03-14 19:28:20,15,55,,,129,7125,3,3.0,0,1.1,0.0028,4.54,20,76.92,0,11507,2,5,1,0,1,0,,,1,,,,,,,,,,,,,0.0,0.0,,,,,0.0,0.0,,,,,0,,0,19,3,,
39138,2598,2013-03-14 19:28:20,15,55,,,129,33219,3,4.5,1,3.74,0.0391,5.1,3,104.07,0,11507,2,5,1,0,1,0,,,1,,,,,,,,,,,,,0.0,0.0,,0.0,0.0,,0.0,0.0,,,,,0,,0,19,3,,
39139,2598,2013-03-14 19:28:20,15,55,,,129,35059,4,3.5,1,4.41,0.1387,4.89,22,126.7,0,11507,2,5,1,0,1,0,,,1,,,,,,,,,,,,,0.0,0.0,,0.0,0.0,,0.0,0.0,,,,,0,,0,19,3,,
39140,2598,2013-03-14 19:28:20,15,55,,,129,37296,3,4.0,0,2.4,0.0037,4.4,30,60.33,1,11507,2,5,1,0,1,0,,,1,,,,,,,,,,,,,,,,,,,,,,,,,0,,0,19,3,,
39141,2598,2013-03-14 19:28:20,15,55,,,129,41519,4,4.0,0,2.64,0.0012,4.84,33,134.24,0,11507,2,5,1,0,1,0,,,1,,,,,,,,,,,,,,,,,,,,,,,,,0,,0,19,3,,
39142,2598,2013-03-14 19:28:20,15,55,,,129,43138,3,4.5,0,1.61,0.0034,4.43,8,84.46,0,11507,2,5,1,0,1,0,,,1,,,,,,,,,,,,,,1.0,,,1.0,,,1.0,,,,,0,,0,19,3,,
39143,2598,2013-03-14 19:28:20,15,55,,,129,44927,3,4.0,1,1.95,0.0058,4.48,29,119.16,0,11507,2,5,1,0,1,0,,,1,,,,,,,,,,,,,,,,,,,,,,,,,0,,0,19,3,,
39144,2598,2013-03-14 19:28:20,15,55,,,129,52662,3,4.0,1,3.76,0.039,5.04,7,105.58,0,11507,2,5,1,0,1,0,,,1,,,,,,,,,,,,,,-1.0,,,-1.0,,,-1.0,,,,,0,,0,19,3,,
39145,2598,2013-03-14 19:28:20,15,55,,,129,57613,5,4.5,1,4.37,0.0322,5.84,12,254.9,0,11507,2,5,1,0,1,0,,,1,,,,,,,,,,,,,,,,,,,,,,,,,0,,0,19,3,,
39146,2598,2013-03-14 19:28:20,15,55,,,129,59625,4,4.5,1,1.39,0.0095,4.66,14,194.57,0,11507,2,5,1,0,1,0,,,1,,,,,,,,,,,,,,,,,,,,,,,,,0,,0,19,3,,
39147,2598,2013-03-14 19:28:20,15,55,,,129,60771,5,4.5,1,4.16,0.0481,5.54,28,235.29,0,11507,2,5,1,0,1,0,,,1,,,,,,,,,,,,,,,,,,,,,,,,,0,,0,19,3,,
39148,2598,2013-03-14 19:28:20,15,55,,,129,61980,3,4.0,1,4.34,0.1299,4.97,15,105.58,1,11507,2,5,1,0,1,0,,,1,,,,,,,,,,,,,0.0,0.0,,1.0,0.0,11.0,,0.0,,,,,0,,0,19,3,,
39149,2598,2013-03-14 19:28:20,15,55,,,129,64411,2,0.0,0,0.0,0.0009,4.46,19,25.64,0,11507,2,5,1,0,1,0,,,1,,,,,,,,,,,,,,,,,,,,,,,,,0,,0,19,3,,
39150,2598,2013-03-14 19:28:20,15,55,,,129,67011,3,4.0,0,1.1,0.0005,4.62,4,87.48,0,11507,2,5,1,0,1,0,,,1,,,,,,,,,,,,,0.0,0.0,,,,,0.0,0.0,,,,,0,,0,19,3,,
39151,2598,2013-03-14 19:28:20,15,55,,,129,69593,3,3.5,0,2.64,0.0099,4.7,34,69.38,0,11507,2,5,1,0,1,0,,,1,,,,,,,,,,,,,-1.0,0.0,10.0,-1.0,0.0,10.0,-1.0,0.0,9.0,,,,0,,0,19,3,,
39152,2598,2013-03-14 19:28:20,15,55,,,129,72451,1,0.0,0,2.71,0.0012,4.65,10,104.07,0,11507,2,5,1,0,1,0,,,1,,,,,,,,,,,,,1.0,0.0,88.0,,,,1.0,0.0,88.0,,,,0,,0,19,3,,
39153,2598,2013-03-14 19:28:20,15,55,,,129,80510,5,4.5,0,3.87,0.0454,5.55,9,203.62,0,11507,2,5,1,0,1,0,,,1,,,,,,,,,,,,,0.0,0.0,,0.0,0.0,,0.0,0.0,,,,,0,,0,19,3,,
39154,2598,2013-03-14 19:28:20,15,55,,,129,81501,3,3.5,1,2.48,0.0007,4.53,18,101.06,0,11507,2,5,1,0,1,0,,,1,,,,,,,,,,,,,0.0,0.0,,0.0,0.0,,0.0,0.0,,,,,0,,0,19,3,,
39155,2598,2013-03-14 19:28:20,15,55,,,129,86536,3,3.5,1,1.61,0.0049,4.55,2,79.94,0,11507,2,5,1,0,1,0,,,1,,,,,,,,,,,,,,,,,,,,,,,,,0,,0,19,3,,
39156,2598,2013-03-14 19:28:20,15,55,,,129,86541,4,4.0,1,4.45,0.0655,5.18,24,168.93,0,11507,2,5,1,0,1,0,,,1,,,,,,,,,,,,,,,,,,,,,,,,,0,,0,19,3,,
39157,2598,2013-03-14 19:28:20,15,55,,,129,95361,3,4.5,0,0.69,0.0004,4.58,6,113.12,0,11507,2,5,1,0,1,0,,,1,,,,,,,,,,,,,0.0,0.0,,0.0,0.0,,0.0,0.0,,,,,0,,0,19,3,,
39158,2598,2013-03-14 19:28:20,15,55,,,129,96358,3,3.0,1,4.26,0.0988,4.35,21,87.48,0,11507,2,5,1,0,1,0,,,1,,,,,,,,,,,,,0.0,0.0,,1.0,0.0,50.0,1.0,0.0,35.0,,,,0,,0,19,3,,
39159,2598,2013-03-14 19:28:20,15,55,,,129,97889,3,4.0,1,4.29,0.1048,4.97,1,102.56,1,11507,2,5,1,0,1,0,,,1,,,,,,,,,,,,,,1.0,,1.0,0.0,50.0,,1.0,,,,,0,,0,19,3,,
39160,2598,2013-03-14 19:28:20,15,55,,,129,98546,3,0.0,0,0.0,,4.58,26,102.56,0,11507,2,5,1,0,1,0,,,1,,,,,,,,,,,,,0.0,0.0,,,,,,,,,,,0,,0,19,3,,
39161,2598,2013-03-14 19:28:20,15,55,,,129,119879,3,4.0,1,4.3,0.12,4.72,13,93.51,1,11507,2,5,1,0,1,0,,,1,,,,,,,,,,,,,,,,,,,,,,,,,0,,0,19,3,,
39162,2598,2013-03-14 19:28:20,15,55,,,129,121821,4,4.0,0,4.34,0.044000000000000004,5.03,32,131.22,0,11507,2,5,1,0,1,0,,,1,,,,,,,,,,,,,0.0,0.0,,0.0,0.0,,0.0,0.0,,,,,0,,0,19,3,,
39163,2598,2013-03-14 19:28:20,15,55,,,129,129943,5,4.0,0,0.0,0.002,5.25,16,179.49,0,11507,2,5,1,0,1,0,,,1,,,,,,,,,,,,,,,,,,,,,,,,,1,,0,19,3,,
39164,2598,2013-03-14 19:28:20,15,55,,,129,131491,3,4.0,1,4.29,0.1196,4.78,27,90.5,1,11507,2,5,1,0,1,0,,,1,,,,,,,,,,,,,0.0,0.0,,0.0,0.0,,0.0,0.0,,,,,0,,0,19,3,,
48434,3226,2012-11-05 14:21:55,24,216,4.0,223.9,216,17029,4,4.0,0,3.53,0.0186,5.18,20,313.86,0,20497,1,4,2,0,1,1,,,0,,,,,,,,,,-1.0,0.0,27.0,,,,,,,,,,,,,0,,0,14,11,89.96000000000001,0.0
48435,3226,2012-11-05 14:21:55,24,216,4.0,223.9,216,19352,3,4.5,0,4.16,0.0055,5.21,16,143.78,0,20497,1,4,2,0,1,1,,,0,,,,,,,,,,,,,,,,,,,,,,,,,0,,0,14,11,80.12,1.0
48436,3226,2012-11-05 14:21:55,24,216,4.0,223.9,216,20669,3,0.0,0,4.84,0.0533,4.9,25,196.28,0,20497,1,4,2,0,1,1,,,0,,,,,,,,,,,,,,,,,,,,,,,,,0,,0,14,11,27.620000000000005,1.0
48437,3226,2012-11-05 14:21:55,24,216,4.0,223.9,216,22832,4,0.0,0,1.1,0.0003,5.98,30,445.67,0,20497,1,4,2,0,1,1,,,0,,,,,,,,,,-1.0,0.0,8.0,,,,,,,,,,,,,0,,0,14,11,221.77,0.0
48438,3226,2012-11-05 14:21:55,24,216,4.0,223.9,216,26131,4,4.5,1,4.82,0.0742,5.12,8,174.37,0,20497,1,4,2,0,1,1,,,0,,,,1.0,0.0,11.0,,1.0,,-1.0,0.0,12.0,0.0,0.0,,,,,,,,,,,0,,0,14,11,49.53,0.0
48439,3226,2012-11-05 14:21:55,24,216,4.0,223.9,216,45886,4,4.5,1,0.69,0.0063,5.38,12,161.75,0,20497,1,4,2,0,1,1,,,0,,,,,,,,1.0,,1.0,0.0,13.0,1.0,0.0,66.0,,,,,,,,,,0,,0,14,11,62.150000000000006,0.0
48440,3226,2012-11-05 14:21:55,24,216,4.0,223.9,216,49548,4,4.0,1,0.69,0.0211,5.38,19,237.24,0,20497,1,4,2,0,1,1,,,0,,,,1.0,0.0,13.0,1.0,0.0,3.0,1.0,0.0,3.0,1.0,0.0,3.0,,,,,,,,,,0,,0,14,11,13.340000000000003,0.0
48441,3226,2012-11-05 14:21:55,24,216,4.0,223.9,216,53542,5,5.0,1,4.62,0.1458,5.64,1,336.28,0,20497,1,4,2,0,1,1,,,0,,,,,1.0,,,1.0,,0.0,0.0,,0.0,0.0,,,,,,,,,,,0,,0,14,11,112.37999999999997,1.0
48442,3226,2012-11-05 14:21:55,24,216,4.0,223.9,216,55613,3,4.0,0,4.8,0.0858,5.03,26,171.42,0,20497,1,4,2,0,1,1,,,0,,,,-1.0,0.0,10.0,,1.0,,1.0,0.0,9.0,-1.0,0.0,12.0,,,,,,,,,,0,,0,14,11,52.48000000000002,1.0
48443,3226,2012-11-05 14:21:55,24,216,4.0,223.9,216,59303,2,3.0,0,4.62,0.0464,4.33,28,90.34,0,20497,1,4,2,0,1,1,,,0,,,,,,,,,,0.0,0.0,,,,,,,,,,,,,,0,,0,14,11,133.56,2.0
48444,3226,2012-11-05 14:21:55,24,216,4.0,223.9,216,66088,3,3.5,0,0.0,0.0211,4.6,9,118.62,0,20497,1,4,2,0,1,1,,,0,,,,,,,,-1.0,,,,,,,,,,,,,,,,,0,,0,14,11,105.28,1.0
48445,3226,2012-11-05 14:21:55,24,216,4.0,223.9,216,71728,3,4.0,0,4.52,0.1259,4.8,29,135.87,0,20497,1,4,2,0,1,1,,,0,,,,,,,,,,,,,,,,,,,,,,,,,0,,0,14,11,88.03,1.0
48446,3226,2012-11-05 14:21:55,24,216,4.0,223.9,216,71969,4,4.5,1,3.61,0.0228,5.53,10,274.01,0,20497,1,4,2,0,1,1,,,0,,,,0.0,0.0,,0.0,0.0,,,,,0.0,0.0,35.0,,,,,,,,,,0,,0,14,11,50.109999999999985,0.0
48447,3226,2012-11-05 14:21:55,24,216,4.0,223.9,216,72458,3,4.0,0,0.0,0.0041,4.85,13,92.4,0,20497,1,4,2,0,1,1,,,0,,,,,,,,,,1.0,0.0,22.0,1.0,0.0,22.0,,,,,,,,,,0,,0,14,11,131.5,1.0
48448,3226,2012-11-05 14:21:55,24,216,4.0,223.9,216,73613,3,4.0,0,4.13,0.1205,5.09,14,258.8,0,20497,1,4,2,0,1,1,,,0,,,,,,,,1.0,,0.0,0.0,,,1.0,,,,,,,,,,,0,,0,14,11,34.900000000000006,1.0
48449,3226,2012-11-05 14:21:55,24,216,4.0,223.9,216,76632,4,4.5,1,4.13,0.0494,5.18,4,170.63,0,20497,1,4,2,0,1,1,,,0,,,,0.0,0.0,,0.0,0.0,,,,,0.0,0.0,,,,,,,,,,,0,,0,14,11,53.27000000000001,0.0
48450,3226,2012-11-05 14:21:55,24,216,4.0,223.9,216,86666,4,0.0,0,0.0,0.0002,5.77,24,194.1,0,20497,1,4,2,0,1,1,,,0,,,,,,,,,,,,,,,,,,,,,,,,,0,,0,14,11,29.80000000000001,0.0
48451,3226,2012-11-05 14:21:55,24,216,4.0,223.9,216,93730,4,4.0,0,4.22,0.0504,5.67,22,237.39,0,20497,1,4,2,0,1,1,,,0,,,,1.0,0.0,50.0,,1.0,,1.0,0.0,6.0,0.0,0.0,,,,,,,,,,,0,,0,14,11,13.48999999999998,0.0
48452,3226,2012-11-05 14:21:55,24,216,4.0,223.9,216,97575,4,4.0,1,4.13,0.0726,5.48,21,237.24,0,20497,1,4,2,0,1,1,,,0,,,,1.0,0.0,25.0,1.0,0.0,14.0,1.0,0.0,25.0,1.0,0.0,14.0,,,,,,,,,,0,,0,14,11,13.340000000000003,0.0
48453,3226,2012-11-05 14:21:55,24,216,4.0,223.9,216,99083,3,4.5,0,4.91,0.0218,5.04,27,138.02,0,20497,1,4,2,0,1,1,,,0,,,,,,,,1.0,,0.0,0.0,,,,,,,,,,,,,,0,,0,14,11,85.88,1.0
48454,3226,2012-11-05 14:21:55,24,216,4.0,223.9,216,102949,4,4.0,0,4.66,0.0799,4.98,7,165.05,0,20497,1,4,2,0,1,1,,,0,,,,,1.0,,,1.0,,1.0,0.0,19.0,,1.0,,,,,,,,,,,1,182.07,1,14,11,58.849999999999994,0.0
48455,3226,2012-11-05 14:21:55,24,216,4.0,223.9,216,104873,3,4.0,0,3.3,0.015,4.83,15,155.29,0,20497,1,4,2,0,1,1,,,0,,,,,,,,,,,1.0,,1.0,0.0,46.0,,,,,,,,,,0,,0,14,11,68.61000000000001,1.0
48456,3226,2012-11-05 14:21:55,24,216,4.0,223.9,216,106781,4,4.0,1,4.53,0.0306,5.46,18,175.78,0,20497,1,4,2,0,1,1,,,0,,,,,,,,1.0,,1.0,0.0,55.0,0.0,0.0,,,,,,,,,,,0,,0,14,11,48.120000000000005,0.0
48457,3226,2012-11-05 14:21:55,24,216,4.0,223.9,216,110280,5,4.5,0,3.0,0.0145,5.68,3,256.64,1,20497,1,4,2,0,1,1,,,0,,,,,1.0,,,1.0,,-1.0,0.0,5.0,-1.0,0.0,5.0,,,,,,,,,,0,,0,14,11,32.73999999999998,1.0
48458,3226,2012-11-05 14:21:55,24,216,4.0,223.9,216,115539,5,5.0,1,4.42,0.0227,5.85,2,463.79,0,20497,1,4,2,0,1,1,,,0,,,,1.0,0.0,15.0,0.0,0.0,,0.0,0.0,,0.0,0.0,,,,,,,,,,,0,,0,14,11,239.89000000000001,1.0
48459,3226,2012-11-05 14:21:55,24,216,4.0,223.9,216,126782,3,4.5,0,4.39,0.1497,4.69,31,140.18,0,20497,1,4,2,0,1,1,,,0,,,,,,,,1.0,,1.0,0.0,7.0,0.0,0.0,,,,,,,,,,,0,,0,14,11,83.72,1.0
48460,3226,2012-11-05 14:21:55,24,216,4.0,223.9,216,128067,4,4.0,0,4.2,0.0406,5.23,6,222.57,1,20497,1,4,2,0,1,1,,,0,,,,,1.0,,,1.0,,,,,,1.0,,,,,,,,,,,0,,0,14,11,1.3300000000000125,0.0
49831,3307,2013-06-25 16:22:27,5,129,,,132,4206,4,4.0,1,0.69,0.0019,0.0,26,156.0,1,1815,2,3,2,0,1,1,,360.66,0,,,,,,,,,,,,,1.0,0.0,21.0,1.0,0.0,5.0,,,,,1.0,,0,,0,16,6,,
49832,3307,2013-06-25 16:22:27,5,129,,,132,11606,3,3.5,1,0.69,0.0005,0.0,19,136.0,0,1815,2,3,2,0,1,1,,348.93,0,,,,,,,,,,,,,1.0,0.0,5.0,,,,,,,,,,0,,0,16,6,,
49833,3307,2013-06-25 16:22:27,5,129,,,132,11718,4,4.5,1,0.0,0.0054,0.0,15,127.0,1,1815,2,3,2,0,1,1,,361.17,0,,,,,,,,,,,,,0.0,0.0,,1.0,0.0,33.0,,,,,1.0,,0,,0,16,6,,
49834,3307,2013-06-25 16:22:27,5,129,,,132,15007,2,3.0,0,5.3,0.0152,0.0,23,144.0,0,1815,2,3,2,0,1,1,,356.99,0,,,,,,,,,,,,,0.0,0.0,,,,,,,,,,,0,,0,16,6,,
49835,3307,2013-06-25 16:22:27,5,129,,,132,15085,4,4.5,1,0.0,0.0033,0.0,12,114.0,0,1815,2,3,2,0,1,1,,350.76,0,,,,,,,,,,,,,1.0,0.0,17.0,,,,,,,,,,0,,0,16,6,,
49836,3307,2013-06-25 16:22:27,5,129,,,132,15296,3,3.5,1,1.79,0.0064,0.0,7,98.0,0,1815,2,3,2,0,1,1,,356.05,0,,,,,,,,,,,,,1.0,0.0,5.0,1.0,0.0,33.0,,,,,,,0,,0,16,6,,
49837,3307,2013-06-25 16:22:27,5,129,,,132,27794,4,4.0,1,0.69,0.0006,0.0,31,169.0,0,1815,2,3,2,0,1,1,,367.21,0,,,,,,,,,,,,,0.0,0.0,,,1.0,,,,,0.0,0.0,,0,,0,16,6,,
49838,3307,2013-06-25 16:22:27,5,129,,,132,30212,4,4.5,0,1.1,0.0073,0.0,10,110.0,0,1815,2,3,2,0,1,1,,360.18,0,,,,,,,,,,,,,1.0,0.0,5.0,,,,,,,,1.0,,0,,0,16,6,,
49839,3307,2013-06-25 16:22:27,5,129,,,132,40633,4,4.0,0,0.0,0.0003,0.0,14,123.0,0,1815,2,3,2,0,1,1,,353.22,0,,,,,,,,,,,,,0.0,0.0,,0.0,0.0,,,,,,,,0,,0,16,6,,
49840,3307,2013-06-25 16:22:27,5,129,,,132,46550,4,0.0,0,0.0,,0.0,16,128.0,1,1815,2,3,2,0,1,1,,355.64,0,,,,,,,,,,,,,1.0,0.0,16.0,0.0,0.0,,,,,,1.0,,0,,0,16,6,,
49841,3307,2013-06-25 16:22:27,5,129,,,132,50195,4,3.5,1,1.61,0.0066,0.0,9,108.0,1,1815,2,3,2,0,1,1,,364.9,0,,,,,,,,,,,,,1.0,0.0,5.0,1.0,0.0,20.0,,,,1.0,0.0,4.0,0,,0,16,6,,
49842,3307,2013-06-25 16:22:27,5,129,,,132,52231,4,4.0,1,2.48,0.0014,0.0,30,166.0,0,1815,2,3,2,0,1,1,,358.12,0,,,,,,,,,,,,,1.0,0.0,5.0,0.0,0.0,,,,,1.0,0.0,6.0,0,,0,16,6,,
49843,3307,2013-06-25 16:22:27,5,129,,,132,53739,3,3.5,1,1.1,0.005,0.0,22,144.0,0,1815,2,3,2,0,1,1,,353.32,0,,,,,,,,,,,,,0.0,0.0,,,,,,,,,1.0,,0,,0,16,6,,
49844,3307,2013-06-25 16:22:27,5,129,,,132,54522,3,2.0,0,5.51,0.0369,0.0,24,154.0,0,1815,2,3,2,0,1,1,,358.12,0,,,,,,,,,,,,,1.0,0.0,17.0,1.0,0.0,17.0,,,,,,,0,,0,16,6,,
49845,3307,2013-06-25 16:22:27,5,129,,,132,57218,4,4.0,0,0.0,0.0029,0.0,2,77.0,1,1815,2,3,2,0,1,1,,352.53,0,,,,,,,,1.0,,,,,1.0,0.0,6.0,,,,,,,,,,0,,0,16,6,,
49846,3307,2013-06-25 16:22:27,5,129,,,132,59292,4,,1,1.79,,0.0,3,77.0,1,1815,2,3,2,0,1,1,,365.79,0,,,,,,,,,,,,,1.0,0.0,5.0,1.0,0.0,17.0,,,,1.0,0.0,12.0,0,,0,16,6,,
49847,3307,2013-06-25 16:22:27,5,129,,,132,63445,3,3.0,0,3.0,0.0331,0.0,13,123.0,0,1815,2,3,2,0,1,1,,359.55,0,,,,,,,,,,,,,1.0,0.0,5.0,,1.0,,,,,,1.0,,0,,0,16,6,,
49848,3307,2013-06-25 16:22:27,5,129,,,132,65048,4,4.0,0,1.79,0.0003,0.0,4,85.0,0,1815,2,3,2,0,1,1,,366.13,0,,,,,,,,,,,,,0.0,0.0,,0.0,0.0,,,,,,,,0,,0,16,6,,
49849,3307,2013-06-25 16:22:27,5,129,,,132,73052,4,4.0,1,0.69,0.0017,0.0,29,163.0,0,1815,2,3,2,0,1,1,,362.61,0,,,,,,,,,,,,,1.0,0.0,19.0,1.0,0.0,6.0,,,,,1.0,,0,,0,16,6,,
49850,3307,2013-06-25 16:22:27,5,129,,,132,82809,3,3.5,1,3.3,0.0185,0.0,8,107.0,0,1815,2,3,2,0,1,1,,359.44,0,,,,,,,,,,,,,1.0,0.0,6.0,1.0,0.0,14.0,,,,,1.0,,1,226.31,1,16,6,,
49851,3307,2013-06-25 16:22:27,5,129,,,132,82869,3,0.0,0,0.69,,0.0,21,142.0,0,1815,2,3,2,0,1,1,,359.47,0,,,,,,,,,,,,,1.0,0.0,6.0,0.0,0.0,,,,,,,,0,,0,16,6,,
49852,3307,2013-06-25 16:22:27,5,129,,,132,87092,2,0.0,0,5.26,,0.0,28,157.0,0,1815,2,3,2,0,1,1,,357.29,0,,,,,,,,,,,,,,,,,,,,,,1.0,0.0,5.0,0,,0,16,6,,
49853,3307,2013-06-25 16:22:27,5,129,,,132,94827,3,0.0,1,0.69,,0.0,17,130.0,1,1815,2,3,2,0,1,1,,364.15,0,,,,,,,,,,,,,0.0,0.0,17.0,1.0,0.0,6.0,,,,,1.0,,0,,0,16,6,,
49854,3307,2013-06-25 16:22:27,5,129,,,132,104996,4,4.0,0,2.08,0.0042,0.0,32,180.0,0,1815,2,3,2,0,1,1,,360.16,0,,,,,,,0.0,0.0,,,,,0.0,0.0,5.0,-1.0,0.0,5.0,,,,,1.0,,0,,0,16,6,,
49855,3307,2013-06-25 16:22:27,5,129,,,132,105637,3,4.0,1,2.2,0.002,0.0,20,136.0,0,1815,2,3,2,0,1,1,,365.63,0,,,,,,,,,,,,,0.0,0.0,,1.0,0.0,5.0,,,,1.0,0.0,11.0,0,,0,16,6,,
49856,3307,2013-06-25 16:22:27,5,129,,,132,120027,4,4.5,1,3.33,0.0097,0.0,1,186.0,1,1815,2,3,2,0,1,1,,355.97,0,,,,,,,,,,,,,1.0,0.0,5.0,1.0,0.0,80.0,,,,,1.0,,0,,0,16,6,,
49857,3307,2013-06-25 16:22:27,5,129,,,132,122543,4,4.5,0,1.39,0.0053,0.0,25,155.0,0,1815,2,3,2,0,1,1,,363.45,0,,,,,,,,,,,,,0.0,0.0,,0.0,0.0,,,,,,,,0,,0,16,6,,
49858,3307,2013-06-25 16:22:27,5,129,,,132,124077,4,4.0,1,0.0,0.0049,0.0,5,91.0,0,1815,2,3,2,0,1,1,,362.74,0,,,,,,,,,,,,,0.0,0.0,15.0,0.0,0.0,,,,,1.0,0.0,7.0,0,,0,16,6,,
49859,3307,2013-06-25 16:22:27,5,129,,,132,130255,3,0.0,0,2.56,,0.0,27,157.0,0,1815,2,3,2,0,1,1,,367.97,0,,,,,,,,,,,,,,,,,,,,,,,,,0,,0,16,6,,
49860,3307,2013-06-25 16:22:27,5,129,,,132,130351,3,3.5,1,0.0,0.0016,0.0,6,96.0,0,1815,2,3,2,0,1,1,,359.09,0,,,,,,,,,,,,,1.0,0.0,5.0,,,,,,,,1.0,,0,,0,16,6,,
49861,3307,2013-06-25 16:22:27,5,129,,,132,133687,4,3.5,1,0.0,0.0007,0.0,11,114.0,0,1815,2,3,2,0,1,1,,359.15,0,,,,,,,,1.0,,,,,0.0,0.0,3.0,,,,,,,,,,0,,0,16,6,,
49862,3307,2013-06-25 16:22:27,5,129,,,132,137048,4,4.5,1,0.69,0.003,0.0,18,136.0,1,1815,2,3,2,0,1,1,,363.88,0,,,,,,,,,,,,,0.0,0.0,17.0,1.0,0.0,6.0,,,,,1.0,,0,,0,16,6,,
55174,3671,2012-12-27 20:12:11,5,219,,,219,703,2,4.0,0,0.0,0.0208,4.22,6,43.0,0,18111,1,7,2,0,1,1,,201.27,0,,,,,,,,,,,,,,,,,,,,,,,,,0,,0,20,12,,
55175,3671,2012-12-27 20:12:11,5,219,,,219,18232,3,3.5,1,2.89,0.2628,4.71,20,85.0,0,18111,1,7,2,0,1,1,,201.64,0,,,,0.0,0.0,,0.0,0.0,,,,,,,,,,,,,,1.0,0.0,3.0,0,,0,20,12,,
55176,3671,2012-12-27 20:12:11,5,219,,,219,19343,2,4.5,1,2.89,0.3893,4.2,14,49.0,0,18111,1,7,2,0,1,1,,201.52,0,,,,,,,,,,,,,,,,,,,,,,,,,0,,0,20,12,,
55177,3671,2012-12-27 20:12:11,5,219,,,219,19582,2,3.0,1,1.39,0.0854,4.17,19,48.0,0,18111,1,7,2,0,1,1,,203.05,0,,,,,,,,,,,,,,,,,,,,,,,,,0,,0,20,12,,
55178,3671,2012-12-27 20:12:11,5,219,,,219,23861,3,4.0,1,2.89,0.3955,4.61,4,69.0,0,18111,1,7,2,0,1,1,,201.51,0,,,,0.0,0.0,,0.0,0.0,,,,,,,,,,,,,,0.0,0.0,,0,,0,20,12,,
55179,3671,2012-12-27 20:12:11,5,219,,,219,27725,3,4.5,1,2.89,0.2661,4.49,22,100.0,0,18111,1,7,2,0,1,1,,201.26,0,,,,,,,,,,,,,,,,,,,,,,,,,0,,0,20,12,,
55180,3671,2012-12-27 20:12:11,5,219,,,219,33442,3,4.0,1,2.89,0.2507,4.49,10,60.0,0,18111,1,7,2,0,1,1,,201.67,0,,,,0.0,0.0,,0.0,0.0,,,,,,,,,,,,,,0.0,0.0,,0,,0,20,12,,
55181,3671,2012-12-27 20:12:11,5,219,,,219,45821,3,4.5,1,2.89,0.3051,5.09,3,104.0,0,18111,1,7,2,0,1,1,,201.61,0,,,,,,,,,,,,,,,,,,,,,,,,,0,,0,20,12,,
55182,3671,2012-12-27 20:12:11,5,219,,,219,46004,2,3.0,0,2.89,0.1092,4.07,9,40.0,0,18111,1,7,2,0,1,1,,201.8,0,,,,,,,,,,,,,,,,,,,,,,,,,0,,0,20,12,,
55183,3671,2012-12-27 20:12:11,5,219,,,219,47162,3,4.5,1,2.89,0.1814,4.73,15,57.0,0,18111,1,7,2,0,1,1,,201.69,0,,,,,,,,,,,,,,,,,,,,,,,,,0,,0,20,12,,
55184,3671,2012-12-27 20:12:11,5,219,,,219,80704,3,4.5,1,1.39,0.0956,4.85,2,89.0,0,18111,1,7,2,0,1,1,,202.95,0,,,,,,,,,,,,,,,,,,,,,,,,,0,,0,20,12,,
55185,3671,2012-12-27 20:12:11,5,219,,,219,82079,2,4.0,1,1.1,0.0327,4.6,28,59.0,0,18111,1,7,2,0,1,1,,212.31,0,,,,0.0,0.0,,0.0,0.0,,,,,,,,,,,,,,0.0,0.0,,0,,0,20,12,,
55186,3671,2012-12-27 20:12:11,5,219,,,219,88804,3,4.0,1,1.1,0.0253,4.68,25,79.0,0,18111,1,7,2,0,1,1,,212.46,0,,,,0.0,0.0,,0.0,0.0,,,,,,,,,,,,,,0.0,0.0,,0,,0,20,12,,
55187,3671,2012-12-27 20:12:11,5,219,,,219,90437,3,4.0,1,2.89,0.4364,4.57,7,62.0,1,18111,1,7,2,0,1,1,,201.35,0,,,,,,,,,,,,,,,,,,,,,,,,,0,,0,20,12,,
55188,3671,2012-12-27 20:12:11,5,219,,,219,90979,3,4.5,1,0.69,0.016,5.06,21,95.0,0,18111,1,7,2,0,1,1,,205.22,0,,,,0.0,0.0,,0.0,0.0,,,,,,,,,,,,,,0.0,0.0,,0,,0,20,12,,
55189,3671,2012-12-27 20:12:11,5,219,,,219,91157,3,4.0,1,1.39,0.0941,5.03,13,90.0,0,18111,1,7,2,0,1,1,,202.93,0,,,,0.0,0.0,,0.0,0.0,,,,,,,,,,,,,,0.0,0.0,,0,,0,20,12,,
55190,3671,2012-12-27 20:12:11,5,219,,,219,96726,2,4.0,1,2.89,0.4523,4.17,24,80.0,0,18111,1,7,2,0,1,1,,201.4,0,,,,,,,,,,,,,,,,,,,,,,,,,0,,0,20,12,,
55191,3671,2012-12-27 20:12:11,5,219,,,219,103423,3,4.5,1,2.89,0.2698,5.07,12,85.0,0,18111,1,7,2,0,1,1,,201.27,0,,,,,,,,,,,,,,,,,,,,,,,,,0,,0,20,12,,
55192,3671,2012-12-27 20:12:11,5,219,,,219,125234,3,4.5,1,1.39,0.0915,5.05,8,100.0,0,18111,1,7,2,0,1,1,,202.92,0,,,,,,,,,,,,,,,,,,,,,,,,,0,,0,20,12,,
55193,3671,2012-12-27 20:12:11,5,219,,,219,128550,3,5.0,0,0.0,0.0399,4.8,16,95.0,0,18111,1,7,2,0,1,1,,192.23,0,,,,,,,,,,,,,,,,,,,,,,,,,1,102.3,1,20,12,,
55194,3671,2012-12-27 20:12:11,5,219,,,219,129854,2,4.5,1,1.1,0.0332,4.6,26,65.0,0,18111,1,7,2,0,1,1,,212.33,0,,,,0.0,0.0,,0.0,0.0,,,,,,,,,,,,,,0.0,0.0,,0,,0,20,12,,
55195,3671,2012-12-27 20:12:11,5,219,,,219,131055,2,0.0,1,0.69,0.0106,4.17,27,99.0,0,18111,1,7,2,0,1,1,,205.07,0,,,,,,,,,,,,,,,,,,,,,,,,,0,,0,20,12,,
55196,3671,2012-12-27 20:12:11,5,219,,,219,138287,3,4.0,0,2.89,0.4495,4.25,1,49.0,0,18111,1,7,2,0,1,1,,201.39,0,,,,,,,,,,,,,,,,,,,,,,,,,0,,0,20,12,,
55197,3671,2012-12-27 20:12:11,5,219,,,219,140674,2,3.5,1,2.89,0.2554,4.19,18,49.0,0,18111,1,7,2,0,1,1,,201.66,0,,,,,,,,,,,,,,,,,,,,,,,,,0,,0,20,12,,
62277,4136,2013-03-28 00:50:14,5,158,,,158,12750,4,0.0,0,2.3,0.0256,4.47,20,53.0,0,15260,1,0,2,0,1,1,,703.6,0,,,,,,,,1.0,,-1.0,0.0,9.0,-1.0,0.0,4.0,,,,,,,,,,0,,0,0,3,,
62278,4136,2013-03-28 00:50:14,5,158,,,158,12770,2,1.5,0,3.87,0.2993,3.98,17,22.0,1,15260,1,0,2,0,1,1,,705.51,0,,,,,,,,,,-1.0,0.0,22.0,0.0,0.0,10.0,,,,,,,,,,0,,0,0,3,,
62279,4136,2013-03-28 00:50:14,5,158,,,158,13230,3,2.0,0,3.89,0.2615,3.89,32,39.0,0,15260,1,0,2,0,1,1,,705.8,0,,,,,,,,1.0,,-1.0,0.0,7.0,1.0,0.0,31.0,,,,,,,,,,0,,0,0,3,,
62280,4136,2013-03-28 00:50:14,5,158,,,158,15543,5,4.0,0,1.61,0.0442,5.4,3,143.0,0,15260,1,0,2,0,1,1,,705.73,0,,,,,,,1.0,0.0,3.0,1.0,0.0,16.0,1.0,0.0,60.0,,,,,,,,,,0,,0,0,3,,
62281,4136,2013-03-28 00:50:14,5,158,,,158,22067,4,3.0,0,2.2,0.0374,4.47,12,147.0,0,15260,1,0,2,0,1,1,,703.2,0,,,,1.0,0.0,3636.0,,,,-1.0,0.0,51.0,-1.0,0.0,33.0,,,,,,,,,,0,,0,0,3,,
62282,4136,2013-03-28 00:50:14,5,158,,,158,23535,3,1.5,0,3.89,0.3668,3.69,19,23.0,0,15260,1,0,2,0,1,1,,705.45,0,,,,,,,,1.0,,-1.0,0.0,6.0,0.0,0.0,,,,,,,,,,,0,,0,0,3,,
62283,4136,2013-03-28 00:50:14,5,158,,,158,27493,2,3.0,0,3.87,0.19399999999999998,3.98,9,38.0,1,15260,1,0,2,0,1,1,,705.88,0,,,,1.0,0.0,13.0,,1.0,,,,,,,,,,,,,,,,,0,,0,0,3,,
62284,4136,2013-03-28 00:50:14,5,158,,,158,28411,3,3.5,0,1.61,0.0357,4.39,5,31.0,1,15260,1,0,2,0,1,1,,704.93,0,,,,,,,,,,,,,,,,,,,,,,,,,0,,0,0,3,,
62285,4136,2013-03-28 00:50:14,5,158,,,158,30433,3,2.5,0,0.69,0.0107,4.1,14,37.0,0,15260,1,0,2,0,1,1,,708.8,0,,,,,,,,,,-1.0,0.0,19.0,0.0,0.0,,,,,,,,,,,0,,0,0,3,,
62286,4136,2013-03-28 00:50:14,5,158,,,158,30705,3,3.0,0,3.89,0.3476,4.25,7,51.0,0,15260,1,0,2,0,1,1,,705.41,0,,,,,,,,1.0,,-1.0,0.0,10.0,0.0,0.0,,,,,,,,,,,0,,0,0,3,,
62287,4136,2013-03-28 00:50:14,5,158,,,158,33288,4,3.5,0,2.56,0.0634,4.47,6,99.0,0,15260,1,0,2,0,1,1,,704.27,0,,,,1.0,0.0,41.0,,1.0,,,,,,,,,,,,,,,,,0,,0,0,3,,
62288,4136,2013-03-28 00:50:14,5,158,,,158,33444,3,2.0,0,3.89,0.3836,3.13,29,15.0,1,15260,1,0,2,0,1,1,,705.54,0,,,,,,,,,,,,,,,,,,,,,,,,,0,,0,0,3,,
62289,4136,2013-03-28 00:50:14,5,158,,,158,43604,3,3.0,0,3.76,0.0461,3.89,31,29.0,0,15260,1,0,2,0,1,1,,706.12,0,,,,1.0,0.0,43.0,,1.0,,-1.0,0.0,6.0,1.0,0.0,15.0,,,,,,,,,,0,,0,0,3,,
62290,4136,2013-03-28 00:50:14,5,158,,,158,50158,3,1.0,0,1.39,,3.89,27,55.0,0,15260,1,0,2,0,1,1,,706.79,0,,,,,,,,,,-1.0,0.0,12.0,0.0,0.0,,,,,,,,,,,0,,0,0,3,,
62291,4136,2013-03-28 00:50:14,5,158,,,158,65468,2,1.5,0,3.89,0.38,3.84,33,20.0,0,15260,1,0,2,0,1,1,,705.63,0,,,,,,,,,,-1.0,0.0,29.0,,,,,,,,,,,,,0,,0,0,3,,
62292,4136,2013-03-28 00:50:14,5,158,,,158,69757,5,4.5,1,3.93,0.2877,5.49,1,152.0,0,15260,1,0,2,0,1,1,,705.23,0,,,,,,,0.0,0.0,,0.0,0.0,,,,,,,,,,,,,,1,207.75,1,0,3,,
62293,4136,2013-03-28 00:50:14,5,158,,,158,77505,3,3.5,0,3.87,0.3781,3.98,2,27.0,0,15260,1,0,2,0,1,1,,705.55,0,,,,,,,,,,-1.0,0.0,44.0,-1.0,0.0,31.0,,,,,,,,,,0,,0,0,3,,
62294,4136,2013-03-28 00:50:14,5,158,,,158,78971,4,3.5,0,3.89,0.3839,4.26,8,38.0,1,15260,1,0,2,0,1,1,,705.62,0,,,,1.0,0.0,54.0,0.0,0.0,,1.0,0.0,11.0,,,,,,,,,,,,,0,,0,0,3,,
62295,4136,2013-03-28 00:50:14,5,158,,,158,94357,3,2.0,0,3.87,0.249,4.01,30,32.0,1,15260,1,0,2,0,1,1,,705.12,0,,,,,,,,1.0,,-1.0,0.0,3.0,1.0,0.0,77.0,,,,,,,,,,0,,0,0,3,,
62296,4136,2013-03-28 00:50:14,5,158,,,158,99201,4,0.0,0,3.89,0.3116,4.71,23,75.0,0,15260,1,0,2,0,1,1,,705.54,0,,,,,,,,1.0,,0.0,0.0,,0.0,0.0,,,,,,,,,,,0,,0,0,3,,
62297,4136,2013-03-28 00:50:14,5,158,,,158,101495,3,1.0,0,3.93,0.2892,3.89,25,47.0,0,15260,1,0,2,0,1,1,,705.23,0,,,,1.0,0.0,33.0,,,,-1.0,0.0,17.0,1.0,0.0,15.0,,,,,,,,,,0,,0,0,3,,
62298,4136,2013-03-28 00:50:14,5,158,,,158,102293,5,3.5,0,1.39,0.0064,4.94,28,91.0,1,15260,1,0,2,0,1,1,,705.97,0,,,,,,,,,,,,,1.0,0.0,11.0,,,,,,,,,,0,,0,0,3,,
62299,4136,2013-03-28 00:50:14,5,158,,,158,103871,4,3.5,1,3.89,0.3438,4.67,13,79.0,0,15260,1,0,2,0,1,1,,705.71,0,,,,,1.0,,0.0,0.0,11.0,,,,,,,,,,,,,,,,0,,0,0,3,,
62300,4136,2013-03-28 00:50:14,5,158,,,158,108949,2,1.5,0,3.87,0.38,3.98,18,33.0,0,15260,1,0,2,0,1,1,,705.58,0,,,,1.0,0.0,36.0,,1.0,,-1.0,0.0,10.0,1.0,0.0,15.0,,,,,,,,,,0,,0,0,3,,
