,srch_id,date_time,site_id,visitor_location_country_id,visitor_hist_starrating,visitor_hist_adr_usd,prop_country_id,prop_id,prop_starrating,prop_review_score,prop_brand_bool,prop_location_score1,prop_location_score2,prop_log_historical_price,position,price_usd,promotion_flag,srch_destination_id,srch_length_of_stay,srch_booking_window,srch_adults_count,srch_children_count,srch_room_count,srch_saturday_night_bool,srch_query_affinity_score,orig_destination_distance,random_bool,comp1_rate,comp1_inv,comp1_rate_percent_diff,comp2_rate,comp2_inv,comp2_rate_percent_diff,comp3_rate,comp3_inv,comp3_rate_percent_diff,comp4_rate,comp4_inv,comp4_rate_percent_diff,comp5_rate,comp5_inv,comp5_rate_percent_diff,comp6_rate,comp6_inv,comp6_rate_percent_diff,comp7_rate,comp7_inv,comp7_rate_percent_diff,comp8_rate,comp8_inv,comp8_rate_percent_diff,click_bool,gross_bookings_usd,booking_bool,prop_starrating|srch_id_normalized,prop_review_score|srch_id_normalized,prop_location_score1|srch_id_normalized,prop_location_score2|srch_id_normalized,price_usd|srch_id_normalized,orig_destination_distance|srch_id_normalized
0,1,2013-04-04 08:32:15,12,187,,,219,893,3,3.5,1,2.83,0.0438,4.95,27,104.77,0,23246,1,0,4,0,1,1,,,1,,,,0.0,0.0,,0.0,0.0,,,,,0.0,0.0,,,,,,,,0.0,0.0,,0,,0,0.5,0.777777777778,0.951111111111,0.31968503937,0.0374951681484,
1,1,2013-04-04 08:32:15,12,187,,,219,10404,4,4.0,1,2.2,0.0149,5.03,26,170.74,0,23246,1,0,4,0,1,1,,,1,,,,,,,0.0,0.0,,,,,0.0,1.0,,,,,,,,0.0,0.0,,0,,0,1.0,0.888888888889,0.671111111111,0.092125984252,0.164998067259,
2,1,2013-04-04 08:32:15,12,187,,,219,21315,3,4.5,1,2.2,0.0245,4.92,21,179.8,0,23246,1,0,4,0,1,1,,,1,,,,0.0,0.0,,0.0,0.0,,,,,0.0,0.0,,,,,,,,0.0,0.0,,0,,0,0.5,1.0,0.671111111111,0.167716535433,0.182508697333,
3,1,2013-04-04 08:32:15,12,187,,,219,27348,2,4.0,1,2.83,0.0125,4.39,34,602.77,0,23246,1,0,4,0,1,1,,,1,,,,-1.0,0.0,5.0,-1.0,0.0,5.0,,,,0.0,1.0,,,,,,,,-1.0,0.0,5.0,0,,0,0.0,0.888888888889,0.951111111111,0.0732283464567,1.0,
4,1,2013-04-04 08:32:15,12,187,,,219,29604,4,3.5,1,2.64,0.1241,4.93,4,143.58,0,23246,1,0,4,0,1,1,,,1,,,,0.0,0.0,,0.0,0.0,,,,,0.0,0.0,,,,,,,,0.0,0.0,,0,,0,1.0,0.777777777778,0.866666666667,0.951968503937,0.112504831852,
5,1,2013-04-04 08:32:15,12,187,,,219,30184,4,4.5,1,2.77,0.1302,5.2,7,195.32,0,23246,1,0,4,0,1,1,,,1,,,,,,,0.0,0.0,7.0,,,,0.0,0.0,,,,,,,,0.0,0.0,7.0,0,,0,1.0,1.0,0.924444444444,1.0,0.212504831852,
6,1,2013-04-04 08:32:15,12,187,,,219,44147,3,3.5,1,2.2,0.0356,4.81,18,129.35,0,23246,1,0,4,0,1,1,,,1,,,,0.0,0.0,,0.0,0.0,,,,,,,,,,,,,,0.0,0.0,,0,,0,0.5,0.777777777778,0.671111111111,0.255118110236,0.0850019327406,
7,1,2013-04-04 08:32:15,12,187,,,219,50984,2,0.0,0,1.61,,4.14,35,85.37,0,23246,1,0,4,0,1,1,,,1,,,,,,,,,,,,,,,,,,,,,,,,,0,,0,0.0,0.0,0.408888888889,,0.0,
8,1,2013-04-04 08:32:15,12,187,,,219,53341,4,4.0,1,2.56,0.1238,5.18,3,150.05,0,23246,1,0,4,0,1,1,,,1,,,,0.0,0.0,,0.0,0.0,,,,,,,,,,,,,,0.0,0.0,6.0,0,,0,1.0,0.888888888889,0.831111111111,0.949606299213,0.125009663703,
9,1,2013-04-04 08:32:15,12,187,,,219,56880,4,4.0,1,2.83,0.1028,5.15,10,280.69,0,23246,1,0,4,0,1,1,,,1,,,,0.0,0.0,,0.0,0.0,,,,,0.0,0.0,,,,,,,,0.0,0.0,,0,,0,1.0,0.888888888889,0.951111111111,0.784251968504,0.377502899111,
10,1,2013-04-04 08:32:15,12,187,,,219,59267,3,0.0,1,2.2,,5.08,20,190.14,0,23246,1,0,4,0,1,1,,,1,,,,1.0,0.0,11.0,0.0,0.0,,,,,,,,,,,,,,0.0,0.0,,0,,0,0.5,0.0,0.671111111111,,0.202493235408,
11,1,2013-04-04 08:32:15,12,187,,,219,59526,3,3.5,0,2.2,0.0377,4.78,19,100.89,0,23246,1,0,4,0,1,1,,,1,,,,0.0,0.0,,-1.0,0.0,5.0,,,,,,,,,,,,,1.0,0.0,31.0,0,,0,0.5,0.777777777778,0.671111111111,0.271653543307,0.0299961345187,
12,1,2013-04-04 08:32:15,12,187,,,219,68914,2,3.0,1,2.2,0.0206,4.44,13,100.89,0,23246,1,0,4,0,1,1,,,1,,,,0.0,0.0,11.0,0.0,0.0,,,,,0.0,-1.0,,,,,,,,0.0,0.0,11.0,1,114.29,1,0.0,0.666666666667,0.671111111111,0.137007874016,0.0299961345187,
13,1,2013-04-04 08:32:15,12,187,,,219,74474,3,4.5,1,2.4,0.1255,5.03,2,210.84,0,23246,1,0,4,0,1,1,,,1,,,,0.0,0.0,,0.0,0.0,,,,,0.0,0.0,,,,,,,,0.0,0.0,,0,,0,0.5,1.0,0.76,0.962992125984,0.24250096637,
14,1,2013-04-04 08:32:15,12,187,,,219,81437,3,4.0,1,2.3,0.0155,5.03,15,138.4,0,23246,1,0,4,0,1,1,,,1,,,,0.0,0.0,,0.0,0.0,,,,,0.0,0.0,,,,,,,,0.0,0.0,,0,,0,0.5,0.888888888889,0.715555555556,0.0968503937008,0.102493235408,
15,1,2013-04-04 08:32:15,12,187,,,219,85728,2,3.0,1,1.79,0.0072,4.5,31,100.89,0,23246,1,0,4,0,1,1,,,1,,,,0.0,0.0,,0.0,0.0,8.0,,,,1.0,-1.0,14.0,,,,,,,0.0,0.0,,0,,0,0.0,0.666666666667,0.488888888889,0.0314960629921,0.0299961345187,
16,1,2013-04-04 08:32:15,12,187,,,219,88096,4,4.0,1,2.94,0.066,5.18,23,152.63,1,23246,1,0,4,0,1,1,,,1,,,,0.0,0.0,5.0,0.0,0.0,5.0,,,,1.0,0.0,5.0,,,,,,,0.0,0.0,15.0,0,,0,1.0,0.888888888889,1.0,0.494488188976,0.129996134519,
17,1,2013-04-04 08:32:15,12,187,,,219,88127,3,3.0,1,1.39,0.0038,4.8,36,138.4,0,23246,1,0,4,0,1,1,,,1,,,,0.0,0.0,,0.0,0.0,,,,,,,,,,,,,,0.0,0.0,,0,,0,0.5,0.666666666667,0.311111111111,0.00472440944882,0.102493235408,
18,1,2013-04-04 08:32:15,12,187,,,219,88218,4,3.5,1,2.77,0.1266,4.98,8,115.12,0,23246,1,0,4,0,1,1,,,1,,,,0.0,0.0,,0.0,0.0,,,,,0.0,-1.0,,,,,,,,0.0,0.0,,0,,0,1.0,0.777777777778,0.924444444444,0.971653543307,0.0574990336297,
19,1,2013-04-04 08:32:15,12,187,,,219,89073,4,4.0,1,2.08,0.015,5.28,6,191.44,0,23246,1,0,4,0,1,1,,,1,,,,,,,0.0,0.0,5.0,,,,0.0,0.0,,,,,,,,0.0,0.0,5.0,0,,0,1.0,0.888888888889,0.617777777778,0.0929133858268,0.205005798222,
20,1,2013-04-04 08:32:15,12,187,,,219,95166,3,4.0,1,2.71,0.0359,4.71,28,122.88,0,23246,1,0,4,0,1,1,,,1,,,,0.0,0.0,12.0,0.0,0.0,6.0,,,,,,,,,,,,,0.0,0.0,,0,,0,0.5,0.888888888889,0.897777777778,0.257480314961,0.0724971008891,
21,1,2013-04-04 08:32:15,12,187,,,219,95307,4,3.5,1,2.4,0.1149,4.93,1,139.7,0,23246,1,0,4,0,1,1,,,1,,,,,,,0.0,0.0,29.0,,,,,1.0,,,,,,,,-1.0,0.0,27.0,0,,0,1.0,0.777777777778,0.76,0.879527559055,0.105005798222,
22,1,2013-04-04 08:32:15,12,187,,,219,97247,2,3.5,1,2.83,0.0145,4.68,32,115.12,0,23246,1,0,4,0,1,1,,,1,,,,0.0,0.0,,0.0,0.0,5.0,,,,1.0,1.0,9.0,,,,,,,-1.0,0.0,5.0,0,,0,0.0,0.777777777778,0.951111111111,0.0889763779528,0.0574990336297,
23,1,2013-04-04 08:32:15,12,187,,,219,107872,2,3.5,1,2.71,0.0465,4.44,12,128.06,0,23246,1,0,4,0,1,1,,,1,,,,0.0,0.0,23.0,0.0,0.0,10.0,,,,1.0,-1.0,3.0,,,,,,,0.0,0.0,14.0,0,,0,0.0,0.777777777778,0.897777777778,0.34094488189,0.0825086973328,
24,1,2013-04-04 08:32:15,12,187,,,219,111000,3,4.5,1,2.2,0.0164,5.02,24,181.09,0,23246,1,0,4,0,1,1,,,1,,,,0.0,0.0,,0.0,0.0,,,,,0.0,0.0,,,,,,,,0.0,0.0,,0,,0,0.5,1.0,0.671111111111,0.103937007874,0.185001932741,
25,1,2013-04-04 08:32:15,12,187,,,219,111106,3,2.5,1,0.69,0.0071,4.67,37,120.29,0,23246,1,0,4,0,1,1,,,1,,,,0.0,0.0,,0.0,0.0,,,,,,,,,,,,,,0.0,0.0,,0,,0,0.5,0.555555555556,0.0,0.0307086614173,0.0674913026672,
26,1,2013-04-04 08:32:15,12,187,,,219,114766,2,3.5,1,1.61,0.0052,4.67,33,104.77,0,23246,1,0,4,0,1,1,,,1,,,,,,,,,,,,,,-1.0,,,,,,,,,,,0,,0,0.0,0.777777777778,0.408888888889,0.0157480314961,0.0374951681484,
27,1,2013-04-04 08:32:15,12,187,,,219,122844,3,4.5,1,2.3,0.0032,5.46,29,190.14,0,23246,1,0,4,0,1,1,,,1,,,,0.0,0.0,,0.0,0.0,,,,,0.0,0.0,,,,,,,,0.0,0.0,,0,,0,0.5,1.0,0.715555555556,0.0,0.202493235408,
28,4,2012-12-31 08:59:22,5,219,,,219,3625,4,4.0,0,3.22,0.2544,5.98,21,295.0,0,12588,2,46,1,0,1,1,,238.35,1,,,,,,,,,,,,,,,,,,,,,,,,,0,,0,0.8,0.8,0.984435797665,0.670650361312,0.424528301887,0.959314775161
29,4,2012-12-31 08:59:22,5,219,,,219,11622,4,4.0,0,2.71,,5.64,36,299.0,0,12588,2,46,1,0,1,1,,238.34,1,,,,,,,,,,,,,,,,,,,,,,,,,0,,0,0.8,0.8,0.785992217899,,0.432075471698,0.957173447537
30,4,2012-12-31 08:59:22,5,219,,,219,11826,5,4.5,1,3.22,0.1924,6.1,22,373.0,1,12588,2,46,1,0,1,1,,238.33,1,,,,,,,,,,,,,,,,,,,,,,,,,0,,0,1.0,1.0,0.984435797665,0.498332406893,0.571698113208,0.955032119914
31,4,2012-12-31 08:59:22,5,219,,,219,22824,3,4.0,0,3.26,0.3729,5.74,4,329.0,0,12588,2,46,1,0,1,1,,238.29,1,,,,,,,,,,,,,,,,,,,,,,,,,0,,0,0.6,0.8,1.0,1.0,0.488679245283,0.946466809422
32,4,2012-12-31 08:59:22,5,219,,,219,37581,5,4.5,0,3.09,0.2508,6.21,26,600.0,0,12588,2,46,1,0,1,1,,238.35,1,,,,,,,,,,,,,,,,,,,,,,,,,0,,0,1.0,1.0,0.933852140078,0.660644802668,1.0,0.959314775161
33,4,2012-12-31 08:59:22,5,219,,,219,39993,4,4.0,1,3.09,0.1692,5.69,3,365.0,0,12588,2,46,1,0,1,1,,237.94,1,,,,,,,,,,,,,,,,,,,,,,,,,0,,0,0.8,0.8,0.933852140078,0.433852140078,0.556603773585,0.871520342612
34,4,2012-12-31 08:59:22,5,219,,,219,46162,4,4.5,0,3.26,0.3582,5.73,24,331.0,1,12588,2,46,1,0,1,1,,238.32,1,,,,,,,,,,,,,,,,,,,,,,,,,0,,0,0.8,1.0,1.0,0.959143968872,0.492452830189,0.952890792291
35,4,2012-12-31 08:59:22,5,219,,,219,49152,4,4.5,1,3.09,0.1417,5.92,9,329.0,0,12588,2,46,1,0,1,1,,238.3,1,,,,,,,,,,,,,,,,,,,,,,,,,0,,0,0.8,1.0,0.933852140078,0.357420789327,0.488679245283,0.948608137045
36,4,2012-12-31 08:59:22,5,219,,,219,56063,4,4.5,0,3.26,0.3246,5.91,18,259.0,0,12588,2,46,1,0,1,1,,238.33,1,,,,,,,,,,,,,,,,,,,,,,,,,0,,0,0.8,1.0,1.0,0.865758754864,0.356603773585,0.955032119914
37,4,2012-12-31 08:59:22,5,219,,,219,56472,4,4.5,1,1.1,0.0149,5.55,10,335.0,0,12588,2,46,1,0,1,1,,238.54,1,,,,,,,,,,,,,,,,,,,,,,,,,0,,0,0.8,1.0,0.15953307393,0.00500277932185,0.5,1.0
38,4,2012-12-31 08:59:22,5,219,,,219,58696,0,4.5,0,1.61,0.0823,5.39,29,219.0,0,12588,2,46,1,0,1,1,,236.91,1,,,,,,,,,,,,,,,,,,,,,,,,,0,,0,0.0,1.0,0.357976653696,0.192329071707,0.281132075472,0.65096359743
39,4,2012-12-31 08:59:22,5,219,,,219,64344,4,3.0,1,1.79,,5.79,31,267.0,0,12588,2,46,1,0,1,1,,238.4,1,,,,,,,,,,,,,,,,,,,,,,,,,0,,0,0.8,0.4,0.428015564202,,0.371698113208,0.970021413276
40,4,2012-12-31 08:59:22,5,219,,,219,65984,2,3.5,0,3.09,0.223,5.08,25,194.0,0,12588,2,46,1,0,1,1,,238.31,1,,,,,,,,,,,,,,,,,,,,,,,,,0,,0,0.4,0.6,0.933852140078,0.583379655364,0.233962264151,0.950749464668
41,4,2012-12-31 08:59:22,5,219,,,219,71258,1,2.0,0,0.69,0.0131,4.29,19,70.0,0,12588,2,46,1,0,1,1,,236.59,1,,,,,,,,,,,,,,,,,,,,,,,,,0,,0,0.2,0.0,0.0,0.0,0.0,0.58244111349
42,4,2012-12-31 08:59:22,5,219,,,219,75491,2,3.5,0,3.22,0.3696,5.52,8,189.0,0,12588,2,46,1,0,1,1,,238.3,1,,,,,,,,,,,,,,,,,,,,,,,,,0,,0,0.4,0.6,0.984435797665,0.99082823791,0.224528301887,0.948608137045
43,4,2012-12-31 08:59:22,5,219,,,219,81172,0,4.0,0,0.69,,5.56,33,289.0,0,12588,2,46,1,0,1,1,,234.51,1,,,,,,,,,,,,,,,,,,,,,,,,,0,,0,0.0,0.8,0.0,,0.41320754717,0.13704496788
44,4,2012-12-31 08:59:22,5,219,,,219,83045,3,3.5,0,3.26,0.3431,5.6,2,219.0,0,12588,2,46,1,0,1,1,,238.33,1,,,,,,,,,,,,,,,,,,,,,,,,,0,,0,0.6,0.6,1.0,0.917176209005,0.281132075472,0.955032119914
45,4,2012-12-31 08:59:22,5,219,,,219,83430,4,4.5,0,2.77,0.0362,5.85,27,405.0,0,12588,2,46,1,0,1,1,,238.4,1,,,,,,,,,,,,,,,,,,,,,,,,,0,,0,0.8,1.0,0.809338521401,0.0642023346304,0.632075471698,0.970021413276
46,4,2012-12-31 08:59:22,5,219,,,219,83806,4,4.0,1,3.18,0.3483,5.92,6,330.0,0,12588,2,46,1,0,1,1,,238.29,1,,,,,,,,,,,,,,,,,,,,,,,,,0,,0,0.8,0.8,0.968871595331,0.931628682601,0.490566037736,0.946466809422
47,4,2012-12-31 08:59:22,5,219,,,219,85567,2,4.0,1,0.69,0.0408,5.14,7,135.0,0,12588,2,46,1,0,1,1,,236.0,1,,,,,,,,,,,,,,,,,,,,,,,,,0,,0,0.4,0.8,0.0,0.0769872151195,0.122641509434,0.456102783726
48,4,2012-12-31 08:59:22,5,219,,,219,85742,3,4.0,0,1.1,,5.36,30,169.0,1,12588,2,46,1,0,1,1,,234.1,1,,,,,,,,,,,,,,,,,,,,,,,,,0,,0,0.6,0.8,0.15953307393,,0.18679245283,0.0492505353319
49,4,2012-12-31 08:59:22,5,219,,,219,89119,4,4.5,1,3.18,0.2742,5.6,14,255.0,1,12588,2,46,1,0,1,1,,238.06,1,,,,,,,,,,,,,,,,,,,,,,,,,0,,0,0.8,1.0,0.968871595331,0.725680933852,0.349056603774,0.89721627409
50,4,2012-12-31 08:59:22,5,219,,,219,97099,4,4.0,1,3.22,0.3611,6.04,13,408.0,0,12588,2,46,1,0,1,1,,238.3,1,,,,,,,,,,,,,,,,,,,,,,,,,0,,0,0.8,0.8,0.984435797665,0.967204002223,0.637735849057,0.948608137045
51,4,2012-12-31 08:59:22,5,219,,,219,109185,4,4.5,1,3.18,0.3138,6.08,20,323.0,1,12588,2,46,1,0,1,1,,238.28,1,,,,,,,,,,,,,,,,,,,,,,,,,0,,0,0.8,1.0,0.968871595331,0.835742078933,0.477358490566,0.944325481799
52,4,2012-12-31 08:59:22,5,219,,,219,110813,2,4.0,0,2.4,,5.14,32,139.0,1,12588,2,46,1,0,1,1,,233.87,1,,,,,,,,,,,,,,,,,,,,,,,,,0,,0,0.4,0.8,0.665369649805,,0.130188679245,0.0
53,4,2012-12-31 08:59:22,5,219,,,219,116696,2,4.0,0,2.4,,5.12,35,139.0,0,12588,2,46,1,0,1,1,,238.43,1,,,,0.0,0.0,,0.0,0.0,,,,,0.0,0.0,,,,,,,,0.0,0.0,,0,,0,0.4,0.8,0.665369649805,,0.130188679245,0.976445396146
54,4,2012-12-31 08:59:22,5,219,,,219,125069,3,4.0,1,1.61,0.0969,5.28,1,159.0,1,12588,2,46,1,0,1,1,,236.91,1,,,,,,,,,,,,,,,,,,,,,,,,,0,,0,0.6,0.8,0.357976653696,0.23290717065,0.167924528302,0.65096359743
55,4,2012-12-31 08:59:22,5,219,,,219,127808,2,2.5,0,3.0,0.0457,5.25,15,79.0,0,12588,2,46,1,0,1,1,,237.73,1,,,,,,,,,,,,,,,,,,,,,,,,,0,,0,0.4,0.2,0.898832684825,0.0906058921623,0.0169811320755,0.826552462527
56,4,2012-12-31 08:59:22,5,219,,,219,129278,3,3.5,0,1.79,,4.82,34,160.0,0,12588,2,46,1,0,1,1,,238.38,1,,,,,,,,,,,,,,,,,,,,,,,,,0,,0,0.6,0.6,0.428015564202,,0.169811320755,0.96573875803
57,4,2012-12-31 08:59:22,5,219,,,219,134162,5,4.5,0,3.09,0.2677,6.14,12,525.0,0,12588,2,46,1,0,1,1,,238.34,1,,,,,,,,,,,,,,,,,,,,,,,,,0,,0,1.0,1.0,0.933852140078,0.707615341857,0.858490566038,0.957173447537
58,4,2012-12-31 08:59:22,5,219,,,219,137826,2,3.0,0,3.26,0.3147,5.25,28,181.0,0,12588,2,46,1,0,1,1,,238.21,1,,,,,,,,,,,,,,,,,,,,,,,,,0,,0,0.4,0.4,1.0,0.838243468594,0.209433962264,0.929336188437
59,4,2012-12-31 08:59:22,5,219,,,219,139893,2,3.0,1,1.61,0.0309,5.25,16,129.0,0,12588,2,46,1,0,1,1,,236.14,1,,,,,,,,,,,,,,,,,,,,,,,,,1,,0,0.4,0.4,0.357976653696,0.0494719288494,0.111320754717,0.48608137045
60,6,2013-06-05 12:27:51,14,100,,,100,10759,0,2.0,0,1.95,,0.0,4,97.63,0,21106,1,5,2,0,1,0,,652.84,0,,,,,,,,,,,,,,0.0,,,,,,,,,,,0,,0,0.0,0.4,,,0.118815937724,0.857142857143
61,6,2013-06-05 12:27:51,14,100,,,100,22135,0,5.0,0,1.95,,0.0,6,115.03,0,21106,1,5,2,0,1,0,,652.84,0,,,,,,,,,,,,,,0.0,,,,,,,,,,,0,,0,0.0,1.0,,,0.29703984431,0.857142857143
62,6,2013-06-05 12:27:51,14,100,,,100,52376,2,0.0,1,1.95,,0.0,2,86.03,0,21106,1,5,2,0,1,0,,652.85,0,,,,,,,,,,,,,,,,,,,,,,,,,0,,0,0.666666666667,0.0,,,0.0,1.0
63,6,2013-06-05 12:27:51,14,100,,,100,104251,3,4.0,1,1.95,,0.0,1,145.0,0,21106,1,5,2,0,1,0,,652.84,0,,,,,,,,,,,,,,,,,,,,,,,,,1,162.38,1,1.0,0.8,,,0.604015159275,0.857142857143
64,6,2013-06-05 12:27:51,14,100,,,100,118866,2,4.5,1,1.95,,0.0,3,183.66,0,21106,1,5,2,0,1,0,,652.78,0,,,,,,,,,,,,,,,,,,,,,,,,,0,,0,0.666666666667,0.9,,,1.0,0.0
65,8,2013-03-20 17:50:44,5,219,,,219,10250,3,3.5,1,1.39,0.0321,4.64,15,82.0,0,7082,1,0,1,0,1,0,,5.4,0,,,,0.0,0.0,,0.0,0.0,,,,,,,,,,,,,,0.0,0.0,,0,,0,0.6,0.777777777778,0.442675159236,0.0,0.0829015544041,0.590522478736
66,8,2013-03-20 17:50:44,5,219,,,219,13252,4,4.5,1,0.0,,5.49,19,160.0,1,7082,1,0,1,0,1,0,,3.98,0,,,,,,,0.0,0.0,,,,,1.0,0.0,42.0,,,,,,,1.0,0.0,43.0,0,,0,0.8,1.0,0.0,,0.487046632124,0.417982989064
67,8,2013-03-20 17:50:44,5,219,,,219,22756,4,4.0,1,2.83,0.2251,5.11,10,259.0,0,7082,1,0,1,0,1,0,,4.41,0,,,,0.0,0.0,,-1.0,0.0,7.0,,,,0.0,0.0,7.0,,,,,,,-1.0,0.0,7.0,0,,0,0.8,0.888888888889,0.90127388535,0.916429249763,1.0,0.470230862697
68,8,2013-03-20 17:50:44,5,219,,,219,27669,3,3.5,1,3.0,0.2107,4.62,16,85.0,0,7082,1,0,1,0,1,0,,4.17,0,,,,,,,0.0,0.0,,,,,,1.0,,,,,,,,0.0,0.0,,1,96.41,1,0.6,0.777777777778,0.955414012739,0.848053181387,0.0984455958549,0.441069258809
69,8,2013-03-20 17:50:44,5,219,,,219,30630,3,4.0,1,0.0,,4.81,20,109.0,0,7082,1,0,1,0,1,0,,3.69,0,,,,1.0,0.0,4.0,-1.0,0.0,9.0,,,,,,,,,,,,,0.0,0.0,,0,,0,0.6,0.888888888889,0.0,,0.222797927461,0.382746051033
70,8,2013-03-20 17:50:44,5,219,,,219,32491,3,4.5,1,2.3,0.0516,5.18,6,199.0,0,7082,1,0,1,0,1,0,,4.45,0,,,,,1.0,,,,,,,,,1.0,,,,,,,,,1.0,,0,,0,0.6,1.0,0.732484076433,0.0925925925926,0.689119170984,0.475091130012
71,8,2013-03-20 17:50:44,5,219,,,219,33805,3,3.5,1,3.14,0.1393,4.89,13,119.0,1,7082,1,0,1,0,1,0,,3.83,0,,,,0.0,0.0,,0.0,0.0,,,,,0.0,0.0,,,,,,,,0.0,0.0,,0,,0,0.6,0.777777777778,1.0,0.509021842355,0.274611398964,0.399756986634
72,8,2013-03-20 17:50:44,5,219,,,219,35397,3,4.5,1,1.39,0.1,4.82,12,119.0,1,7082,1,0,1,0,1,0,,5.07,0,,,,0.0,0.0,,1.0,0.0,25.0,,,,0.0,0.0,,,,,,,,0.0,0.0,,0,,0,0.6,1.0,0.442675159236,0.322412155745,0.274611398964,0.55042527339
73,8,2013-03-20 17:50:44,5,219,,,219,39137,2,3.5,1,1.61,0.0813,4.55,14,80.0,0,7082,1,0,1,0,1,0,,4.85,0,,,,0.0,0.0,,0.0,0.0,,,,,0.0,0.0,,,,,,,,0.0,0.0,,0,,0,0.4,0.777777777778,0.512738853503,0.233618233618,0.0725388601036,0.523693803159
74,8,2013-03-20 17:50:44,5,219,,,219,41497,3,4.5,1,1.79,0.0432,5.1,1,189.0,0,7082,1,0,1,0,1,0,,1.64,0,,,,0.0,0.0,,1.0,0.0,5.0,,,,0.0,0.0,,,,,,,,0.0,0.0,,0,,0,0.6,1.0,0.570063694268,0.0527065527066,0.637305699482,0.133657351154
75,8,2013-03-20 17:50:44,5,219,,,219,54403,2,3.5,1,0.0,,4.44,22,66.0,0,7082,1,0,1,0,1,0,,8.77,0,,,,0.0,0.0,,0.0,0.0,,,,,0.0,0.0,,,,,,,,0.0,0.0,,0,,0,0.4,0.777777777778,0.0,,0.0,1.0
76,8,2013-03-20 17:50:44,5,219,,,219,58176,0,0.0,0,1.79,,4.71,25,150.0,0,7082,1,0,1,0,1,0,,0.54,0,,,,,,,,,,,,,,,,,,,,,,,,,0,,0,0.0,0.0,0.570063694268,,0.435233160622,0.0
77,8,2013-03-20 17:50:44,5,219,,,219,63511,3,4.5,1,1.39,,5.36,21,209.0,0,7082,1,0,1,0,1,0,,1.49,0,,,,0.0,0.0,,0.0,0.0,,,,,0.0,0.0,,,,,,,,0.0,1.0,,0,,0,0.6,1.0,0.442675159236,,0.740932642487,0.115431348724
78,8,2013-03-20 17:50:44,5,219,,,219,66444,4,4.5,1,1.39,,5.34,18,239.0,0,7082,1,0,1,0,1,0,,1.41,0,,,,,1.0,,,,,,,,,1.0,,,,,,,,,1.0,,0,,0,0.8,1.0,0.442675159236,,0.896373056995,0.105710814095
79,8,2013-03-20 17:50:44,5,219,,,219,67150,4,4.5,1,2.89,0.2295,5.39,4,259.0,0,7082,1,0,1,0,1,0,,4.34,0,,,,0.0,0.0,,0.0,0.0,,,,,,1.0,,,,,,,,0.0,0.0,,0,,0,0.8,1.0,0.920382165605,0.937321937322,1.0,0.461725394897
80,8,2013-03-20 17:50:44,5,219,,,219,73738,3,4.5,1,1.39,0.0883,5.14,3,189.0,0,7082,1,0,1,0,1,0,,4.8,0,,,,,,,0.0,0.0,,,,,0.0,0.0,,,,,,,,0.0,0.0,,0,,0,0.6,1.0,0.442675159236,0.26685660019,0.637305699482,0.517618469016
81,8,2013-03-20 17:50:44,5,219,,,219,83293,3,4.5,1,2.94,0.0731,5.12,2,239.0,0,7082,1,0,1,0,1,0,,4.05,0,,,,,1.0,,,,,,,,,1.0,,,,,,,,,1.0,,0,,0,0.6,1.0,0.936305732484,0.194681861349,0.896373056995,0.426488456865
82,8,2013-03-20 17:50:44,5,219,,,219,90151,5,4.5,0,2.56,0.1592,5.7,7,259.0,0,7082,1,0,1,0,1,0,,4.52,0,,,,,,,,,,,,,,,,,,,,,,,,,0,,0,1.0,1.0,0.815286624204,0.60351377018,1.0,0.483596597813
83,8,2013-03-20 17:50:44,5,219,,,219,119302,3,3.5,1,1.95,,4.76,24,93.0,0,7082,1,0,1,0,1,0,,1.16,0,,,,0.0,0.0,,0.0,0.0,,,,,,,,,,,,,,0.0,1.0,,0,,0,0.6,0.777777777778,0.62101910828,,0.139896373057,0.0753341433779
84,8,2013-03-20 17:50:44,5,219,,,219,125655,3,4.0,1,3.0,0.2427,4.97,9,149.0,0,7082,1,0,1,0,1,0,,4.26,0,,,,0.0,0.0,,0.0,0.0,,,,,0.0,0.0,,,,,,,,0.0,0.0,,0,,0,0.6,0.888888888889,0.955414012739,1.0,0.430051813472,0.452004860267
85,8,2013-03-20 17:50:44,5,219,,,219,134607,3,4.5,1,1.79,0.0434,4.99,8,189.0,0,7082,1,0,1,0,1,0,,1.61,0,,,,-1.0,0.0,5.0,0.0,0.0,,,,,0.0,0.0,5.0,,,,,,,0.0,0.0,,0,,0,0.6,1.0,0.570063694268,0.0536562203229,0.637305699482,0.130012150668
86,11,2013-02-25 08:39:33,5,219,,,219,6492,2,4.0,1,2.3,,3.91,36,47.0,0,12610,1,39,2,0,1,1,,284.56,1,,,,1.0,0.0,12.0,0.0,0.0,,,,,,,,,,,,,,1.0,0.0,12.0,0,,0,0.0,0.8,0.958333333333,,0.109243697479,0.715179968701
87,11,2013-02-25 08:39:33,5,219,,,219,8946,3,4.5,1,1.95,,5.17,19,84.0,0,12610,1,39,2,0,1,1,,288.12,1,,,,0.0,1.0,,0.0,0.0,,,,,1.0,0.0,20.0,,,,,,,0.0,0.0,,0,,0,0.5,0.9,0.8125,,0.420168067227,0.993740219092
88,11,2013-02-25 08:39:33,5,219,,,219,9952,2,3.0,1,1.61,,4.1,14,50.0,0,12610,1,39,2,0,1,1,,275.55,1,,,,,,,,,,,,,,,,,,,,,,,,,0,,0,0.0,0.6,0.670833333333,,0.134453781513,0.010172143975
89,11,2013-02-25 08:39:33,5,219,,,219,19470,2,3.5,1,1.39,,4.37,9,60.0,0,12610,1,39,2,0,1,1,,275.42,1,,,,,,,,,,,,,,,,,,,,,,,,,0,,0,0.0,0.7,0.579166666667,,0.218487394958,0.0
90,11,2013-02-25 08:39:33,5,219,,,219,20499,2,3.5,1,2.2,,4.11,31,45.0,0,12610,1,39,2,0,1,1,,284.67,1,,,,0.0,0.0,,0.0,0.0,,,,,,,,,,,,,,0.0,0.0,,1,,0,0.0,0.7,0.916666666667,,0.0924369747899,0.723787167449
91,11,2013-02-25 08:39:33,5,219,,,219,24526,3,4.0,1,0.69,0.1099,4.94,2,119.0,0,12610,1,39,2,0,1,1,,278.73,1,,,,0.0,0.0,,0.0,0.0,,,,,0.0,0.0,,,,,,,,0.0,0.0,,0,,0,0.5,0.8,0.2875,0.208617971624,0.714285714286,0.258998435055
92,11,2013-02-25 08:39:33,5,219,,,219,26421,3,5.0,1,2.08,,5.07,25,89.0,0,12610,1,39,2,0,1,1,,287.79,1,,,,,1.0,,0.0,0.0,,,,,0.0,0.0,,,,,,,,0.0,0.0,,0,,0,0.5,1.0,0.866666666667,,0.46218487395,0.967918622848
93,11,2013-02-25 08:39:33,5,219,,,219,27675,3,4.5,1,1.1,0.1626,4.7,7,85.0,0,12610,1,39,2,0,1,1,,279.74,1,,,,0.0,0.0,,0.0,0.0,,,,,,,,,,,,,,0.0,0.0,,0,,0,0.5,0.9,0.458333333333,0.485549132948,0.428571428571,0.338028169014
94,11,2013-02-25 08:39:33,5,219,,,219,28364,3,4.5,1,1.61,0.2046,4.73,3,79.0,0,12610,1,39,2,0,1,1,,280.57,1,,,,0.0,0.0,,0.0,0.0,,,,,0.0,0.0,,,,,,,,0.0,0.0,,0,,0,0.5,0.9,0.670833333333,0.706253284288,0.378151260504,0.402973395931
95,11,2013-02-25 08:39:33,5,219,,,219,33980,3,5.0,1,1.1,,5.03,13,98.0,0,12610,1,39,2,0,1,1,,283.87,1,,,,,1.0,,0.0,0.0,,,,,0.0,0.0,,,,,,,,0.0,0.0,,0,,0,0.5,1.0,0.458333333333,,0.53781512605,0.661189358372
96,11,2013-02-25 08:39:33,5,219,,,219,35021,3,4.0,1,2.08,,4.99,26,153.0,0,12610,1,39,2,0,1,1,,287.83,1,,,,0.0,0.0,,,,,,,,,,,,,,,,,0.0,0.0,,0,,0,0.5,0.8,0.866666666667,,1.0,0.971048513302
97,11,2013-02-25 08:39:33,5,219,,,219,38443,3,4.0,1,2.4,,4.58,18,60.0,0,12610,1,39,2,0,1,1,,284.42,1,,,,-1.0,0.0,10.0,-1.0,1.0,10.0,,,,,,,,,,,,,-1.0,0.0,10.0,0,,0,0.5,0.8,1.0,,0.218487394958,0.704225352113
98,11,2013-02-25 08:39:33,5,219,,,219,47116,3,4.5,1,2.08,,4.95,22,84.0,0,12610,1,39,2,0,1,1,,287.82,1,,,,0.0,0.0,11.0,0.0,0.0,11.0,,,,,,,,,,,,,0.0,0.0,11.0,0,,0,0.5,0.9,0.866666666667,,0.420168067227,0.970266040689
99,11,2013-02-25 08:39:33,5,219,,,219,59898,3,0.0,1,2.08,,4.84,32,76.0,0,12610,1,39,2,0,1,1,,288.1,1,,,,,,,0.0,0.0,,,,,,,,,,,,,,0.0,0.0,,0,,0,0.5,0.0,0.866666666667,,0.352941176471,0.992175273865
100,11,2013-02-25 08:39:33,5,219,,,219,63095,2,3.5,1,1.61,,4.92,33,65.0,0,12610,1,39,2,0,1,1,,287.66,1,,,,0.0,0.0,,0.0,0.0,,,,,0.0,0.0,,,,,,,,0.0,0.0,,0,,0,0.0,0.7,0.670833333333,,0.260504201681,0.957746478873
101,11,2013-02-25 08:39:33,5,219,,,219,69993,2,2.5,1,2.2,,4.22,27,34.0,0,12610,1,39,2,0,1,1,,284.47,1,,,,0.0,-1.0,,0.0,-1.0,,,,,1.0,-1.0,17.0,,,,,,,0.0,-1.0,,0,,0,0.0,0.5,0.916666666667,,0.0,0.70813771518
102,11,2013-02-25 08:39:33,5,219,,,219,73511,3,5.0,1,0.0,,4.91,29,75.0,0,12610,1,39,2,0,1,1,,287.02,1,,,,0.0,1.0,,0.0,0.0,,,,,0.0,0.0,,,,,,,,0.0,0.0,,0,,0,0.5,1.0,0.0,,0.344537815126,0.907668231612
103,11,2013-02-25 08:39:33,5,219,,,219,74499,3,4.5,1,0.69,0.1555,4.68,8,74.0,0,12610,1,39,2,0,1,1,,279.07,1,,,,,,,1.0,0.0,20.0,,,,1.0,0.0,20.0,,,,,,,1.0,0.0,20.0,0,,0,0.5,0.9,0.2875,0.44823962165,0.336134453782,0.285602503912
104,11,2013-02-25 08:39:33,5,219,,,219,75743,3,4.5,1,0.0,,4.88,24,93.0,0,12610,1,39,2,0,1,1,,276.98,1,,,,,,,,,,,,,,,,,,,,,,,,,0,,0,0.5,0.9,0.0,,0.495798319328,0.1220657277
105,11,2013-02-25 08:39:33,5,219,,,219,78768,3,5.0,1,2.08,,4.95,12,93.0,0,12610,1,39,2,0,1,1,,287.89,1,,,,,,,-1.0,0.0,9.0,,,,-1.0,0.0,9.0,,,,,,,-1.0,0.0,9.0,0,,0,0.5,1.0,0.866666666667,,0.495798319328,0.975743348983
106,11,2013-02-25 08:39:33,5,219,,,219,80764,2,3.5,1,1.79,,3.87,21,60.0,0,12610,1,39,2,0,1,1,,283.89,1,,,,0.0,0.0,,,1.0,,,,,,,,,,,,,,-1.0,0.0,10.0,0,,0,0.0,0.7,0.745833333333,,0.218487394958,0.662754303599
107,11,2013-02-25 08:39:33,5,219,,,219,83769,4,4.5,1,2.08,,5.24,37,123.0,0,12610,1,39,2,0,1,1,,288.09,1,,,,,1.0,,0.0,0.0,,,,,0.0,0.0,,,,,,,,-1.0,0.0,7.0,0,,0,1.0,0.9,0.866666666667,,0.747899159664,0.991392801252
108,11,2013-02-25 08:39:33,5,219,,,219,85264,2,3.0,1,1.95,,4.31,30,70.0,0,12610,1,39,2,0,1,1,,285.8,1,,,,0.0,0.0,,0.0,0.0,,,,,,,,,,,,,,0.0,0.0,,0,,0,0.0,0.6,0.8125,,0.302521008403,0.81220657277
109,11,2013-02-25 08:39:33,5,219,,,219,86294,2,3.0,1,2.2,,4.01,28,51.0,0,12610,1,39,2,0,1,1,,284.72,1,,,,0.0,0.0,,0.0,0.0,,,,,,,,,,,,,,0.0,0.0,,0,,0,0.0,0.6,0.916666666667,,0.142857142857,0.727699530516
110,11,2013-02-25 08:39:33,5,219,,,219,93949,3,4.0,0,1.61,,4.64,35,74.0,0,12610,1,39,2,0,1,1,,287.04,1,,,,0.0,0.0,3.0,0.0,0.0,3.0,,,,,,,,,,,,,-1.0,0.0,10.0,0,,0,0.5,0.8,0.670833333333,,0.336134453782,0.909233176839
111,11,2013-02-25 08:39:33,5,219,,,219,95615,3,4.5,0,1.39,0.0702,4.64,6,80.0,0,12610,1,39,2,0,1,1,,280.76,1,,,,0.0,0.0,,0.0,0.0,,,,,0.0,0.0,,,,,,,,0.0,0.0,,0,,0,0.5,0.9,0.579166666667,0.0,0.386554621849,0.417840375587
112,11,2013-02-25 08:39:33,5,219,,,219,100969,4,4.5,0,1.39,,4.98,16,89.0,1,12610,1,39,2,0,1,1,,287.77,1,,,,1.0,0.0,25.0,0.0,0.0,,,,,,,,,,,,,,1.0,0.0,25.0,0,,0,1.0,0.9,0.579166666667,,0.46218487395,0.966353677621
113,11,2013-02-25 08:39:33,5,219,,,219,102705,3,5.0,1,1.39,0.2323,4.86,4,87.0,0,12610,1,39,2,0,1,1,,280.41,1,,,,,1.0,,0.0,0.0,,,,,1.0,0.0,9.0,,,,,,,0.0,0.0,,0,,0,0.5,1.0,0.579166666667,0.851812926957,0.445378151261,0.390453834116
114,11,2013-02-25 08:39:33,5,219,,,219,114096,3,4.0,1,1.61,,4.98,34,62.0,0,12610,1,39,2,0,1,1,,288.2,1,,,,0.0,0.0,,0.0,0.0,,,,,1.0,0.0,107.0,,,,,,,0.0,0.0,,0,,0,0.5,0.8,0.670833333333,,0.235294117647,1.0
115,11,2013-02-25 08:39:33,5,219,,,219,122888,3,4.5,1,1.1,0.2605,4.89,1,71.0,0,12610,1,39,2,0,1,1,,281.08,1,,,,0.0,1.0,,0.0,0.0,,,,,0.0,0.0,,,,,,,,0.0,0.0,,0,,0,0.5,0.9,0.458333333333,1.0,0.310924369748,0.442879499218
116,11,2013-02-25 08:39:33,5,219,,,219,124104,3,4.0,1,1.1,,4.64,10,85.0,0,12610,1,39,2,0,1,1,,275.81,1,,,,,,,,,,,,,,,,,,,,,,,,,0,,0,0.5,0.8,0.458333333333,,0.428571428571,0.0305164319249
117,11,2013-02-25 08:39:33,5,219,,,219,134563,3,4.0,1,2.2,,4.73,20,73.0,0,12610,1,39,2,0,1,1,,284.5,1,,,,0.0,0.0,,0.0,0.0,,,,,0.0,0.0,,,,,,,,0.0,0.0,,0,,0,0.5,0.8,0.916666666667,,0.327731092437,0.71048513302
118,11,2013-02-25 08:39:33,5,219,,,219,136184,3,4.0,0,2.2,,4.59,15,81.0,0,12610,1,39,2,0,1,1,,284.78,1,,,,0.0,0.0,,0.0,0.0,,,,,,,,,,,,,,0.0,0.0,,0,,0,0.5,0.8,0.916666666667,,0.394957983193,0.732394366197
119,12,2013-03-15 14:55:16,5,219,,,158,7814,3,3.5,0,0.0,0.0476,4.46,25,43.0,1,26648,2,21,3,0,1,1,,9270.55,1,,,,,,,,,,,,,0.0,0.0,,,,,,,,,,,0,,0,0.0,0.777777777778,0.0,0.0,0.0824742268041,0.0
120,12,2013-03-15 14:55:16,5,219,,,158,10881,3,3.0,0,3.14,,4.46,28,44.0,0,26648,2,21,3,0,1,1,,9285.88,1,,,,,,,,,,,,,1.0,0.0,16.0,,,,,,,,,,0,,0,0.0,0.666666666667,0.951515151515,,0.0876288659794,0.832699619772
121,12,2013-03-15 14:55:16,5,219,,,158,12510,4,0.0,0,1.1,,4.41,24,51.0,0,26648,2,21,3,0,1,1,,9288.15,1,,,,,,,,,,,,,,,,,,,,,,,,,0,,0,0.5,0.0,0.333333333333,,0.123711340206,0.956002172732
122,12,2013-03-15 14:55:16,5,219,,,158,17122,4,3.5,0,2.64,,4.22,13,53.0,0,26648,2,21,3,0,1,1,,9278.6,1,,,,,,,,,,,,,,,,,,,,,,,,,0,,0,0.5,0.777777777778,0.8,,0.134020618557,0.437262357415
123,12,2013-03-15 14:55:16,5,219,,,158,18012,5,4.5,0,3.22,0.1909,5.66,18,221.0,0,26648,2,21,3,0,1,1,,9286.02,1,,,,,,,,,,,,,0.0,0.0,,,,,,,,,,,0,,0,1.0,1.0,0.975757575758,0.327243662937,1.0,0.84030418251
124,12,2013-03-15 14:55:16,5,219,,,158,29081,3,0.0,0,3.3,,4.41,3,37.0,0,26648,2,21,3,0,1,1,,9286.32,1,,,,,,,,,,,,,,,,,,,,,,,,,0,,0,0.0,0.0,1.0,,0.0515463917526,0.85659967409
125,12,2013-03-15 14:55:16,5,219,,,158,43250,3,0.0,1,3.3,,4.46,14,40.0,0,26648,2,21,3,0,1,1,,9286.38,1,,,,,,,,,,,,,1.0,0.0,39.0,,,,,,,,,,0,,0,0.0,0.0,1.0,,0.0670103092784,0.859858772406
126,12,2013-03-15 14:55:16,5,219,,,158,45722,3,4.0,0,3.26,,4.46,4,29.0,1,26648,2,21,3,0,1,1,,9286.44,1,,,,,,,,,,,,,1.0,0.0,56.0,,,,,,,,,,0,,0,0.0,0.888888888889,0.987878787879,,0.0103092783505,0.863117870723
127,12,2013-03-15 14:55:16,5,219,,,158,47902,3,3.5,0,3.26,,4.46,22,49.0,0,26648,2,21,3,0,1,1,,9286.15,1,,,,,,,,,,,,,,1.0,,,,,,,,,,,0,,0,0.0,0.777777777778,0.987878787879,,0.113402061856,0.847365562194
128,12,2013-03-15 14:55:16,5,219,,,158,55331,5,4.5,0,2.3,,5.62,15,138.0,1,26648,2,21,3,0,1,1,,9288.85,1,,,,,,,,,,,,,0.0,0.0,,,,,,,,,,,0,,0,1.0,1.0,0.69696969697,,0.572164948454,0.99402498642
129,12,2013-03-15 14:55:16,5,219,,,158,59368,3,2.0,0,3.18,,4.46,26,35.0,0,26648,2,21,3,0,1,1,,9286.5,1,,,,,,,,,,,,,1.0,0.0,5.0,,,,,,,,,,0,,0,0.0,0.444444444444,0.963636363636,,0.0412371134021,0.866376969039
130,12,2013-03-15 14:55:16,5,219,,,158,73964,3,2.0,0,3.09,0.1419,4.58,32,29.0,1,26648,2,21,3,0,1,1,,9285.73,1,,,,,,,,,,,,,,1.0,,,,,,,,,,,0,,0,0.0,0.444444444444,0.936363636364,0.215345969399,0.0103092783505,0.824551873982
131,12,2013-03-15 14:55:16,5,219,,,158,82017,4,3.5,0,2.64,,4.22,19,93.0,0,26648,2,21,3,0,1,1,,9278.98,1,,,,,,,,,,,,,,,,,,,,,,,,,0,,0,0.5,0.777777777778,0.8,,0.340206185567,0.457903313417
132,12,2013-03-15 14:55:16,5,219,,,158,83229,5,4.5,1,2.64,0.1429,4.12,7,147.0,1,26648,2,21,3,0,1,1,,9278.98,1,,,,,,,,,,,,,,,,,,,,,,,,,0,,0,1.0,1.0,0.8,0.217629595798,0.618556701031,0.457903313417
133,12,2013-03-15 14:55:16,5,219,,,158,84441,3,4.0,0,2.64,0.0476,3.75,9,41.0,1,26648,2,21,3,0,1,1,,9278.89,1,,,,,,,,,,,,,,,,,,,,,,,,,0,,0,0.0,0.888888888889,0.8,0.0,0.0721649484536,0.453014665942
134,12,2013-03-15 14:55:16,5,219,,,158,89698,3,4.0,0,2.71,,4.46,6,74.0,0,26648,2,21,3,0,1,1,,9287.12,1,,,,,,,,,,,,,1.0,0.0,12.0,,,,,,,,,,0,,0,0.0,0.888888888889,0.821212121212,,0.242268041237,0.900054318305
135,12,2013-03-15 14:55:16,5,219,,,158,92506,3,3.0,0,3.14,,4.46,29,35.0,0,26648,2,21,3,0,1,1,,9286.65,1,,,,,,,,,,,,,1.0,0.0,40.0,,,,,,,,,,0,,0,0.0,0.666666666667,0.951515151515,,0.0412371134021,0.874524714829
136,12,2013-03-15 14:55:16,5,219,,,158,93021,4,4.0,1,2.64,,4.22,8,66.0,1,26648,2,21,3,0,1,1,,9279.04,1,,,,,,,,,,,,,,,,,,,,,,,,,0,,0,0.5,0.888888888889,0.8,,0.201030927835,0.461162411733
137,12,2013-03-15 14:55:16,5,219,,,158,97754,3,3.0,0,3.26,,4.46,2,32.0,1,26648,2,21,3,0,1,1,,9286.45,1,,,,,,,,,,,,,1.0,0.0,6.0,,,,,,,,,,0,,0,0.0,0.666666666667,0.987878787879,,0.0257731958763,0.863661053775
138,12,2013-03-15 14:55:16,5,219,,,158,105912,3,3.0,0,2.64,,3.75,30,36.0,1,26648,2,21,3,0,1,1,,9278.72,1,,,,,,,,,,,,,,,,,,,,,,,,,0,,0,0.0,0.666666666667,0.8,,0.0463917525773,0.443780554047
139,12,2013-03-15 14:55:16,5,219,,,158,108971,4,0.0,0,0.69,,4.22,27,52.0,0,26648,2,21,3,0,1,1,,9277.19,1,,,,,,,,,,,,,,,,,,,,,,,,,0,,0,0.5,0.0,0.209090909091,,0.128865979381,0.360673546985
140,12,2013-03-15 14:55:16,5,219,,,158,111957,4,4.5,0,2.4,,4.41,10,87.0,0,26648,2,21,3,0,1,1,,9288.96,1,,,,,,,,,,,,,,,,,,,,,,,,,0,,0,0.5,1.0,0.727272727273,,0.309278350515,1.0
141,12,2013-03-15 14:55:16,5,219,,,158,113997,3,3.5,1,2.89,0.4855,4.4,21,58.0,1,26648,2,21,3,0,1,1,,9285.47,1,,,,,,,,,,,,,0.0,0.0,,,,,,,,,,,0,,0,0.0,0.777777777778,0.875757575758,1.0,0.159793814433,0.810429114612
142,12,2013-03-15 14:55:16,5,219,,,158,114662,4,4.0,0,2.71,,4.22,12,50.0,1,26648,2,21,3,0,1,1,,9278.91,1,,,,,,,,,,,,,,,,,,,,,,,,,0,,0,0.5,0.888888888889,0.821212121212,,0.118556701031,0.454101032048
143,12,2013-03-15 14:55:16,5,219,,,158,117707,5,4.0,0,3.3,,5.09,16,106.0,1,26648,2,21,3,0,1,1,,9286.31,1,,,,,,,,,,,,,0.0,0.0,,,,,,,,,,,0,,0,1.0,0.888888888889,1.0,,0.407216494845,0.856056491037
144,12,2013-03-15 14:55:16,5,219,,,158,121983,5,4.5,1,2.77,,5.38,31,174.0,1,26648,2,21,3,0,1,1,,9285.44,1,,,,,,,,,,,,,1.0,0.0,6.0,,,,,,,,,,0,,0,1.0,1.0,0.839393939394,,0.757731958763,0.808799565454
145,12,2013-03-15 14:55:16,5,219,,,158,129310,3,3.5,0,0.0,0.0476,3.75,1,27.0,0,26648,2,21,3,0,1,1,,9283.62,1,,,,,,,,,,,,,,,,,,,,,,,,,1,,0,0.0,0.777777777778,0.0,0.0,0.0,0.709940249864
146,12,2013-03-15 14:55:16,5,219,,,158,139181,3,0.0,0,2.94,,4.46,20,55.0,0,26648,2,21,3,0,1,1,,9286.88,1,,,,,,,,,,,,,,,,,,,,,,,,,0,,0,0.0,0.0,0.890909090909,,0.144329896907,0.887017925041
147,17,2012-11-05 19:52:18,18,129,,,31,2196,4,4.5,0,6.83,0.7355,5.58,29,275.11,1,6285,4,194,4,1,2,1,,433.61,1,,,,,,,,,,,,,0.0,0.0,,1.0,0.0,3.0,1.0,0.0,3.0,,,,0,,0,1.0,1.0,0.857142857143,0.923535093368,0.722938008237,0.182692307692
148,17,2012-11-05 19:52:18,18,129,,,31,3309,3,3.5,0,6.64,0.3716,4.66,2,150.99,0,6285,4,194,4,1,2,1,,434.25,1,,,,,,,,,,,,,,,,,,,0.0,0.0,,,,,0,,0,0.0,0.5,0.517857142857,0.337733419189,0.0675361706622,0.798076923077
149,17,2012-11-05 19:52:18,18,129,,,31,11331,4,4.0,0,6.89,0.7774,5.17,6,305.82,0,6285,4,194,4,1,2,1,,433.88,1,,,,,,,,,,,,,0.0,0.0,,,,,,,,,,,0,,0,1.0,0.75,0.964285714286,0.990985189955,0.885098743268,0.442307692308
150,17,2012-11-05 19:52:18,18,129,,,31,17795,4,4.0,0,6.87,0.7659,5.5,25,271.27,1,6285,4,194,4,1,2,1,,433.97,1,,,,,,,,,,,,,,,,1.0,0.0,11.0,1.0,0.0,220.0,,,,0,,0,1.0,0.75,0.928571428571,0.972472633612,0.702661315873,0.528846153846
151,17,2012-11-05 19:52:18,18,129,,,31,21770,3,4.5,0,6.73,0.6478,5.12,14,168.91,0,6285,4,194,4,1,2,1,,433.46,1,,,,,,,,,,,,,1.0,0.0,10.0,,,,1.0,0.0,24.0,,,,0,,0,0.0,1.0,0.678571428571,0.782356728912,0.16216073503,0.0384615384615
152,17,2012-11-05 19:52:18,18,129,,,31,23984,4,4.0,0,6.9,0.6856,5.33,10,327.58,0,6285,4,194,4,1,2,1,,433.82,1,,,,,,,,,,,,,-1.0,0.0,30.0,-1.0,0.0,30.0,1.0,0.0,148.0,,,,0,,0,1.0,0.75,0.982142857143,0.843206696716,1.0,0.384615384615
153,17,2012-11-05 19:52:18,18,129,,,31,28503,4,4.5,0,6.87,0.6705,5.55,21,203.45,0,6285,4,194,4,1,2,1,,434.08,1,,,,,,,,,,,,,0.0,0.0,,0.0,0.0,,0.0,0.0,,,,,0,,0,1.0,1.0,0.928571428571,0.818898905344,0.344545358538,0.634615384615
154,17,2012-11-05 19:52:18,18,129,,,31,35054,4,3.5,0,6.75,0.7072,5.52,22,310.94,0,6285,4,194,4,1,2,1,,433.56,1,,,,,,,,,,,,,0.0,0.0,,0.0,0.0,,0.0,0.0,,,,,0,,0,1.0,0.5,0.714285714286,0.87797810689,0.912134333087,0.134615384615
155,17,2012-11-05 19:52:18,18,129,,,31,43549,3,4.0,0,6.89,0.7204,5.34,19,189.38,1,6285,4,194,4,1,2,1,,433.8,1,,,,,,,,,,,,,0.0,0.0,,,,,0.0,0.0,,,,,0,,0,0.0,0.75,0.964285714286,0.899227301996,0.270250290421,0.365384615385
156,17,2012-11-05 19:52:18,18,129,,,31,45379,3,4.0,0,6.7,0.6259,5.03,30,278.95,0,6285,4,194,4,1,2,1,,433.56,1,,,,,,,,,,,,,0.0,0.0,,,,,0.0,0.0,,,,,0,,0,0.0,0.75,0.625,0.747102382486,0.743214700602,0.134615384615
157,17,2012-11-05 19:52:18,18,129,,,31,56046,4,4.0,0,6.69,0.6168,5.0,9,229.05,0,6285,4,194,4,1,2,1,,433.43,1,,,,,,,,,,,,,0.0,0.0,,0.0,0.0,,,1.0,,,,,0,,0,1.0,0.75,0.607142857143,0.732453316162,0.479723307635,0.00961538461538
158,17,2012-11-05 19:52:18,18,129,,,31,58295,4,4.5,1,6.89,0.783,5.67,4,323.74,0,6285,4,194,4,1,2,1,,433.88,1,,,,,,,,,,,,,-1.0,0.0,15.0,-1.0,0.0,15.0,,1.0,,,,,0,,0,1.0,1.0,0.964285714286,1.0,0.979723307635,0.442307692308
159,17,2012-11-05 19:52:18,18,129,,,31,66095,4,3.5,0,6.88,0.7731,5.23,26,235.44,1,6285,4,194,4,1,2,1,,433.96,1,,,,,,,,,,,,,,,,-1.0,0.0,9.0,,1.0,,,,,0,,0,1.0,0.5,0.946428571429,0.98406310367,0.513464991023,0.519230769231
160,17,2012-11-05 19:52:18,18,129,,,31,66890,4,4.0,1,6.7,0.5063,5.31,35,255.92,1,6285,4,194,4,1,2,1,,434.23,1,,,,,,,,,,,,,0.0,0.0,,0.0,0.0,,0.0,0.0,,,,,0,,0,1.0,0.75,0.625,0.554571796523,0.621607350301,0.778846153846
161,17,2012-11-05 19:52:18,18,129,,,31,73557,3,4.0,0,6.79,0.7462,5.15,7,174.02,0,6285,4,194,4,1,2,1,,433.67,1,,,,,,,,,,,,,0.0,0.0,,,,,-1.0,0.0,5.0,,,,0,,0,0.0,0.75,0.785714285714,0.940759819704,0.189143520963,0.240384615385
162,17,2012-11-05 19:52:18,18,129,,,31,73790,3,4.0,0,6.69,0.6081,5.15,34,197.06,0,6285,4,194,4,1,2,1,,433.42,1,,,,,,,,,,,,,0.0,0.0,,1.0,0.0,16.0,,,,,,,0,,0,0.0,0.75,0.607142857143,0.718448164842,0.31080367515,0.0
163,17,2012-11-05 19:52:18,18,129,,,31,78834,3,4.5,0,6.91,0.6483,5.58,12,299.42,0,6285,4,194,4,1,2,1,,433.81,1,,,,,,,,,,,,,-1.0,0.0,18.0,-1.0,0.0,18.0,-1.0,0.0,18.0,,,,0,,0,0.0,1.0,1.0,0.783161622666,0.851304255993,0.375
164,17,2012-11-05 19:52:18,18,129,,,31,82886,4,4.5,0,6.9,0.7496,5.34,3,202.18,1,6285,4,194,4,1,2,1,,433.88,1,,,,,,,,,,,,,0.0,0.0,,0.0,0.0,,0.0,0.0,,,,,0,,0,1.0,1.0,0.982142857143,0.946233097231,0.33783926497,0.442307692308
165,17,2012-11-05 19:52:18,18,129,,,31,83594,3,4.0,0,6.76,0.7088,5.1,33,179.14,0,6285,4,194,4,1,2,1,,433.61,1,,,,,,,,,,,,,1.0,0.0,4.0,,1.0,,1.0,0.0,3.0,,,,0,,0,0.0,0.75,0.732142857143,0.880553766903,0.216179110783,0.182692307692
166,17,2012-11-05 19:52:18,18,129,,,31,84999,3,4.5,0,6.8,0.767,5.15,20,243.12,0,6285,4,194,4,1,2,1,,433.66,1,,,,,,,,,,,,,,,,,,,,,,,,,0,,0,0.0,1.0,0.803571428571,0.974243399871,0.554018375752,0.230769230769
167,17,2012-11-05 19:52:18,18,129,,,31,85819,3,3.0,0,6.35,0.1618,5.06,15,138.2,0,6285,4,194,4,1,2,1,,434.43,1,,,,,,,,,,,,,0.0,0.0,,,,,,,,,,,0,,0,0.0,0.25,0.0,0.0,0.0,0.971153846154
168,17,2012-11-05 19:52:18,18,129,,,31,87596,3,2.5,0,6.91,0.727,5.07,28,182.98,0,6285,4,194,4,1,2,1,,433.87,1,,,,,,,,,,,,,,,,,,,,,,,,,1,,0,0.0,0.0,1.0,0.909851899549,0.236455803147,0.432692307692
169,17,2012-11-05 19:52:18,18,129,,,31,90634,4,4.0,0,6.4,0.1864,5.54,1,185.54,1,6285,4,194,4,1,2,1,,434.46,1,,,,,,,,,,,,,0.0,0.0,,0.0,0.0,,0.0,0.0,,,,,0,,0,1.0,0.75,0.0892857142857,0.039600772698,0.249973598057,1.0
170,17,2012-11-05 19:52:18,18,129,,,31,91671,3,4.0,0,6.74,0.7005,5.14,8,225.21,0,6285,4,194,4,1,2,1,,433.54,1,,,,,,,,,,,,,0.0,0.0,,,,,,,,,,,0,,0,0.0,0.75,0.696428571429,0.867192530586,0.459446615271,0.115384615385
171,17,2012-11-05 19:52:18,18,129,,,31,101782,4,4.0,0,6.9,0.7543,5.7,32,231.61,1,6285,4,194,4,1,2,1,,433.87,1,,,,,,,,,,,,,0.0,0.0,,0.0,0.0,,0.0,0.0,,,,,0,,0,1.0,0.75,0.982142857143,0.953799098519,0.493241102545,0.432692307692
172,17,2012-11-05 19:52:18,18,129,,,31,104381,4,4.0,0,6.74,0.6728,5.3,24,262.32,0,6285,4,194,4,1,2,1,,433.67,1,,,,,,,,,,,,,0.0,0.0,,0.0,0.0,,,,,,,,0,,0,1.0,0.75,0.696428571429,0.822601416613,0.655401837575,0.240384615385
173,17,2012-11-05 19:52:18,18,129,,,31,114872,4,4.5,0,6.82,0.7505,5.73,18,225.21,0,6285,4,194,4,1,2,1,,433.61,1,,,,,,,,,,,,,,,,,,,,,,,,,0,,0,1.0,1.0,0.839285714286,0.947681905988,0.459446615271,0.182692307692
174,17,2012-11-05 19:52:18,18,129,,,31,116414,3,3.0,0,6.89,0.7614,5.22,13,165.07,0,6285,4,194,4,1,2,1,,433.92,1,,,,,,,,,,,,,0.0,0.0,,,,,,,,,,,0,,0,0.0,0.25,0.964285714286,0.965228589826,0.141884042666,0.480769230769
175,17,2012-11-05 19:52:18,18,129,,,31,119357,3,4.0,0,6.88,0.7592,5.04,27,190.66,0,6285,4,194,4,1,2,1,,433.98,1,,,,,,,,,,,,,0.0,0.0,,1.0,0.0,3.0,1.0,1.0,7.0,,,,0,,0,0.0,0.75,0.946428571429,0.961687057308,0.277009187876,0.538461538462
176,17,2012-11-05 19:52:18,18,129,,,31,122245,3,3.5,0,6.72,0.6225,5.12,16,221.37,0,6285,4,194,4,1,2,1,,433.69,1,,,,,,,,,,,,,-1.0,0.0,4.0,,,,,,,,,,0,,0,0.0,0.5,0.660714285714,0.741629104958,0.439169922906,0.259615384615
177,17,2012-11-05 19:52:18,18,129,,,31,136312,4,4.0,0,6.91,0.7394,5.49,31,301.98,0,6285,4,194,4,1,2,1,,433.89,1,,,,,,,,,,,,,0.0,0.0,,0.0,0.0,,0.0,0.0,,,,,0,,0,1.0,0.75,1.0,0.929813264649,0.864822050903,0.451923076923
178,25,2012-12-11 13:03:42,5,219,,,219,2863,3,4.0,1,1.95,0.027,4.51,1,68.0,0,3735,1,0,2,0,1,0,,766.18,0,,,,0.0,0.0,,0.0,0.0,,,,,0.0,0.0,,,,,,,,0.0,0.0,,0,,0,0.5,0.6,0.490272373541,0.0675503441244,0.366071428571,0.689034369885
179,25,2012-12-11 13:03:42,5,219,,,219,12255,2,4.5,1,2.4,0.0078,4.75,13,78.0,0,3735,1,0,2,0,1,0,,766.53,0,,,,0.0,0.0,,0.0,0.0,,,,,,,,,,,,,,0.0,0.0,,0,,0,0.0,0.8,0.665369649805,0.0186082080041,0.455357142857,0.746317512275
180,25,2012-12-11 13:03:42,5,219,,,219,20707,4,4.0,0,2.2,0.089,4.87,2,48.0,1,3735,1,0,2,0,1,0,,767.4,0,,,,,,,,,,,,,,,,,,,,,,,,,0,,0,1.0,0.6,0.587548638132,0.22559265868,0.1875,0.888707037643
181,25,2012-12-11 13:03:42,5,219,,,219,22710,3,3.5,0,2.2,0.1054,4.4,10,47.0,1,3735,1,0,2,0,1,0,,766.48,0,,,,0.0,0.0,,0.0,0.0,,,,,1.0,0.0,17.0,,,,,,,0.0,0.0,,0,,0,0.5,0.4,0.587548638132,0.267397399949,0.178571428571,0.738134206219
182,25,2012-12-11 13:03:42,5,219,,,219,23228,4,4.0,0,3.26,0.3676,4.44,22,42.0,1,3735,1,0,2,0,1,0,,767.86,0,,,,0.0,0.0,,0.0,0.0,,,,,0.0,0.0,,,,,,,,0.0,0.0,,1,47.1,1,1.0,0.6,1.0,0.935763446342,0.133928571429,0.963993453355
183,25,2012-12-11 13:03:42,5,219,,,219,30829,2,3.5,1,1.39,0.0034,4.22,29,55.0,0,3735,1,0,2,0,1,0,,767.03,0,,,,0.0,0.0,,0.0,0.0,,,,,,,,,,,,,,0.0,0.0,,0,,0,0.0,0.4,0.272373540856,0.00739230180984,0.25,0.828150572831
184,25,2012-12-11 13:03:42,5,219,,,219,50684,3,3.5,1,1.61,0.0014,4.85,30,110.0,0,3735,1,0,2,0,1,0,,764.04,0,,,,0.0,0.0,,-1.0,0.0,7.0,,,,0.0,0.0,,,,,,,,0.0,0.0,,0,,0,0.5,0.4,0.357976653696,0.00229416263064,0.741071428571,0.338788870704
185,25,2012-12-11 13:03:42,5,219,,,219,53298,2,3.5,0,3.14,0.0655,4.54,24,53.0,1,3735,1,0,2,0,1,0,,767.92,0,,,,0.0,0.0,,0.0,0.0,,,,,,,,,,,,,,0.0,0.0,,0,,0,0.0,0.4,0.953307392996,0.165689523324,0.232142857143,0.973813420622
186,25,2012-12-11 13:03:42,5,219,,,219,54036,3,4.5,1,1.79,0.005,4.87,35,109.0,0,3735,1,0,2,0,1,0,,765.87,0,,,,,,,0.0,0.0,,,,,0.0,0.0,,,,,,,,0.0,0.0,,0,,0,0.5,0.8,0.428015564202,0.0114708131532,0.732142857143,0.63829787234
187,25,2012-12-11 13:03:42,5,219,,,219,54226,4,4.0,0,1.79,0.0559,4.76,4,45.0,0,3735,1,0,2,0,1,0,,767.26,0,,,,0.0,0.0,,0.0,0.0,,,,,0.0,0.0,,,,,,,,0.0,0.0,,0,,0,1.0,0.6,0.428015564202,0.141218455264,0.160714285714,0.865793780687
188,25,2012-12-11 13:03:42,5,219,,,219,56370,2,3.5,1,1.39,0.0034,4.32,28,65.0,0,3735,1,0,2,0,1,0,,767.02,0,,,,1.0,0.0,7.0,1.0,0.0,7.0,,,,,,,,,,,,,1.0,0.0,7.0,0,,0,0.0,0.4,0.272373540856,0.00739230180984,0.339285714286,0.82651391162
189,25,2012-12-11 13:03:42,5,219,,,219,61189,3,4.0,0,1.39,0.0148,4.21,27,40.0,0,3735,1,0,2,0,1,0,,763.54,0,,,,0.0,0.0,,0.0,0.0,,,,,0.0,0.0,,,,,,,,0.0,0.0,,0,,0,0.5,0.6,0.272373540856,0.0364516951313,0.116071428571,0.256955810147
190,25,2012-12-11 13:03:42,5,219,,,219,61885,3,3.5,1,1.79,0.0061,5.72,36,139.0,0,3735,1,0,2,0,1,0,,766.02,0,,,,0.0,0.0,,0.0,0.0,,,,,0.0,0.0,,,,,,,,0.0,0.0,,0,,0,0.5,0.4,0.428015564202,0.0142747897018,1.0,0.662847790507
191,25,2012-12-11 13:03:42,5,219,,,219,63731,3,5.0,1,0.69,0.0005,5.27,33,119.0,0,3735,1,0,2,0,1,0,,761.97,0,,,,0.0,0.0,,0.0,0.0,,,,,-1.0,0.0,16.0,,,,,,,-1.0,0.0,16.0,0,,0,0.5,1.0,0.0,0.0,0.821428571429,0.0
192,25,2012-12-11 13:03:42,5,219,,,219,65623,3,4.0,1,2.3,0.0153,4.92,9,110.0,0,3735,1,0,2,0,1,0,,766.33,0,,,,0.0,0.0,,-1.0,0.0,4.0,,,,0.0,0.0,,,,,,,,0.0,0.0,,0,,0,0.5,0.6,0.626459143969,0.0377262299261,0.741071428571,0.713584288052
193,25,2012-12-11 13:03:42,5,219,,,219,66171,3,4.0,1,2.08,0.0181,4.41,6,65.0,0,3735,1,0,2,0,1,0,,766.33,0,,,,0.0,0.0,,-1.0,0.0,4.0,,,,,,,,,,,,,0.0,0.0,,0,,0,0.5,0.6,0.540856031128,0.044863624777,0.339285714286,0.713584288052
194,25,2012-12-11 13:03:42,5,219,,,219,66209,4,4.0,1,3.26,0.2481,4.17,19,32.0,1,3735,1,0,2,0,1,0,,767.78,0,,,,0.0,0.0,,0.0,0.0,,,,,0.0,0.0,,,,,,,,0.0,0.0,,0,,0,1.0,0.6,1.0,0.631149630385,0.0446428571429,0.950900163666
195,25,2012-12-11 13:03:42,5,219,,,219,68528,4,4.0,0,2.08,0.205,4.29,7,49.0,1,3735,1,0,2,0,1,0,,766.29,0,,,,0.0,0.0,,0.0,0.0,,,,,0.0,0.0,,,,,,,,0.0,0.0,,0,,0,1.0,0.6,0.540856031128,0.521284731073,0.196428571429,0.707037643208
196,25,2012-12-11 13:03:42,5,219,,,219,69645,2,3.5,1,1.39,0.0012,4.18,32,75.0,0,3735,1,0,2,0,1,0,,762.43,0,,,,0.0,0.0,,0.0,0.0,,,,,,,,,,,,,,0.0,0.0,,0,,0,0.0,0.4,0.272373540856,0.00178434871272,0.428571428571,0.0752864157119
197,25,2012-12-11 13:03:42,5,219,,,219,79870,2,4.0,1,2.2,0.1053,4.06,8,37.0,1,3735,1,0,2,0,1,0,,766.48,0,,,,0.0,0.0,,0.0,0.0,,,,,,,,,,,,,,0.0,0.0,,0,,0,0.0,0.6,0.587548638132,0.26714249299,0.0892857142857,0.738134206219
198,25,2012-12-11 13:03:42,5,219,,,219,81772,3,3.5,0,3.22,0.2775,4.16,18,29.0,0,3735,1,0,2,0,1,0,,768.08,0,,,,0.0,0.0,,0.0,0.0,,,,,0.0,0.0,,,,,,,,0.0,0.0,,0,,0,0.5,0.4,0.984435797665,0.706092276319,0.0178571428571,1.0
199,25,2012-12-11 13:03:42,5,219,,,219,83281,2,3.5,1,2.08,0.0555,4.37,12,45.0,0,3735,1,0,2,0,1,0,,767.35,0,,,,1.0,0.0,11.0,0.0,0.0,,,,,0.0,0.0,,,,,,,,0.0,0.0,,0,,0,0.0,0.4,0.540856031128,0.140198827428,0.160714285714,0.880523731588
200,25,2012-12-11 13:03:42,5,219,,,219,88629,2,2.5,1,0.69,0.0017,4.23,31,35.0,0,3735,1,0,2,0,1,0,,768.04,0,,,,0.0,0.0,,,,,,,,,,,,,,,,,,,,0,,0,0.0,0.0,0.0,0.00305888350752,0.0714285714286,0.993453355155
201,25,2012-12-11 13:03:42,5,219,,,219,91587,3,4.5,1,1.61,0.0213,4.93,3,129.0,0,3735,1,0,2,0,1,0,,766.24,0,,,,0.0,0.0,,-1.0,0.0,10.0,,,,0.0,0.0,,,,,,,,0.0,0.0,,0,,0,0.5,0.8,0.357976653696,0.0530206474637,0.910714285714,0.698854337152
202,25,2012-12-11 13:03:42,5,219,,,219,112716,4,4.0,0,1.61,0.0512,4.42,14,48.0,0,3735,1,0,2,0,1,0,,764.98,0,,,,0.0,0.0,,0.0,0.0,,,,,0.0,0.0,,,,,,,,0.0,0.0,,0,,0,1.0,0.6,0.357976653696,0.129237828193,0.1875,0.49263502455
203,25,2012-12-11 13:03:42,5,219,,,219,118859,3,4.0,1,3.26,0.3584,4.45,21,27.0,1,3735,1,0,2,0,1,0,,767.93,0,,,,1.0,0.0,19.0,0.0,0.0,,,,,0.0,0.0,,,,,,,,0.0,0.0,,0,,0,0.5,0.6,1.0,0.912312006118,0.0,0.975450081833
204,25,2012-12-11 13:03:42,5,219,,,219,120046,4,4.0,0,3.26,0.0955,4.68,16,50.0,0,3735,1,0,2,0,1,0,,767.68,0,,,,0.0,0.0,,0.0,0.0,,,,,0.0,0.0,,,,,,,,0.0,0.0,,0,,0,1.0,0.6,1.0,0.242161611012,0.205357142857,0.934533551555
205,25,2012-12-11 13:03:42,5,219,,,219,120328,2,3.5,1,1.79,0.0061,4.52,34,62.0,0,3735,1,0,2,0,1,0,,766.02,0,,,,0.0,0.0,,0.0,0.0,,,,,,,,,,,,,,0.0,0.0,,0,,0,0.0,0.4,0.428015564202,0.0142747897018,0.3125,0.662847790507
206,25,2012-12-11 13:03:42,5,219,,,219,122279,2,3.0,1,3.04,0.008,4.2,26,38.0,0,3735,1,0,2,0,1,0,,767.34,0,,,,0.0,0.0,,0.0,0.0,,,,,0.0,0.0,,,,,,,,0.0,0.0,,0,,0,0.0,0.2,0.91439688716,0.019118021922,0.0982142857143,0.878887070376
207,25,2012-12-11 13:03:42,5,219,,,219,125384,3,3.5,1,2.77,0.0071,4.49,25,60.0,0,3735,1,0,2,0,1,0,,767.08,0,,,,0.0,0.0,,0.0,0.0,,,,,1.0,0.0,16.0,,,,,,,0.0,0.0,,0,,0,0.5,0.4,0.809338521401,0.0168238592914,0.294642857143,0.836333878887
208,25,2012-12-11 13:03:42,5,219,,,219,126136,4,4.0,0,3.26,0.3928,4.65,20,39.0,0,3735,1,0,2,0,1,0,,767.93,0,,,,0.0,0.0,,1.0,0.0,2.0,,,,0.0,0.0,,,,,,,,0.0,0.0,,0,,0,1.0,0.6,1.0,1.0,0.107142857143,0.975450081833
209,25,2012-12-11 13:03:42,5,219,,,219,126803,2,4.0,1,1.61,,4.18,15,60.0,0,3735,1,0,2,0,1,0,,767.55,0,,,,0.0,0.0,,0.0,0.0,,,,,,,,,,,,,,0.0,0.0,,0,,0,0.0,0.6,0.357976653696,,0.294642857143,0.91325695581
210,25,2012-12-11 13:03:42,5,219,,,219,133065,3,5.0,1,1.79,0.006,4.75,37,109.0,0,3735,1,0,2,0,1,0,,765.76,0,,,,,,,0.0,0.0,,,,,0.0,0.0,,,,,,,,0.0,0.0,,0,,0,0.5,1.0,0.428015564202,0.0140198827428,0.732142857143,0.620294599018
211,29,2013-02-26 19:42:22,18,129,,,219,1722,3,4.0,0,5.72,0.1136,5.81,1,248.17,1,5143,6,144,5,0,1,0,,3748.9,0,,,,,,,,,,,,,,,,,,,,,,,,,1,1927.64,1,0.333333333333,0.8,0.911660777385,0.531294117647,0.0,0.970588235294
212,29,2013-02-26 19:42:22,18,129,,,219,3858,4,4.5,0,5.7,0.1296,5.91,14,689.66,0,5143,6,144,5,0,1,0,,3747.89,0,,,,,,,,,,,,,,,,,,,,,,,,,0,,0,0.666666666667,0.9,0.904593639576,0.606588235294,0.407233516585,0.599264705882
213,29,2013-02-26 19:42:22,18,129,,,219,7523,4,0.0,1,5.82,0.1251,5.82,13,566.88,0,5143,6,144,5,0,1,0,,3748.71,0,,,,,,,,,,,,,,,,,,,,,,,,,0,,0,0.666666666667,0.0,0.946996466431,0.585411764706,0.293980371177,0.900735294118
214,29,2013-02-26 19:42:22,18,129,,,219,7880,4,4.5,1,5.88,0.2132,6.21,6,519.85,0,5143,6,144,5,0,1,0,,3748.29,0,,,,,,,,,,,,,,,,,,,,,,,,,0,,0,0.666666666667,0.9,0.968197879859,1.0,0.250599564624,0.746323529412
215,29,2013-02-26 19:42:22,18,129,,,219,31336,4,4.0,1,5.52,0.0758,5.96,11,441.48,0,5143,6,144,5,0,1,0,,3748.98,0,,,,,,,,,,,,,,,,,,,,,,,,,0,,0,0.666666666667,0.8,0.840989399293,0.353411764706,0.178310519131,1.0
216,29,2013-02-26 19:42:22,18,129,,,219,32060,4,4.5,1,5.69,0.124,5.89,3,433.65,1,5143,6,144,5,0,1,0,,3747.88,0,,,,,,,,,,,,,,,,,,,,,,,,,0,,0,0.666666666667,0.9,0.901060070671,0.580235294118,0.171088071431,0.595588235294
217,29,2013-02-26 19:42:22,18,129,,,219,36871,4,4.0,1,5.78,0.146,6.11,15,591.69,0,5143,6,144,5,0,1,0,,3747.98,0,,,,,,,,,,,,,,,,,,,,,,,,,0,,0,0.666666666667,0.8,0.932862190813,0.683764705882,0.316865291665,0.632352941176
218,29,2013-02-26 19:42:22,18,129,,,219,62433,3,4.0,0,5.71,0.1044,5.76,19,1332.29,0,5143,6,144,5,0,1,0,,3748.4,0,,,,,,,,,,,,,,,,,,,,,,,,,0,,0,0.333333333333,0.8,0.908127208481,0.488,1.0,0.786764705882
219,29,2013-02-26 19:42:22,18,129,,,219,73452,3,3.5,1,3.14,0.0007,5.49,8,329.15,0,5143,6,144,5,0,1,0,,3746.26,0,,,,,,,,,,,,,,,,,,,,,,,,,0,,0,0.333333333333,0.7,0.0,0.0,0.0746965280596,0.0
220,29,2013-02-26 19:42:22,18,129,,,219,78380,3,4.5,1,5.74,0.137,6.21,18,933.91,0,5143,6,144,5,0,1,0,,3747.94,0,,,,,,,,,,,,,,,,,,,,,,,,,0,,0,0.333333333333,0.9,0.918727915194,0.641411764706,0.632531454083,0.617647058824
221,29,2013-02-26 19:42:22,18,129,,,219,79026,4,4.5,0,5.63,0.0891,5.99,7,428.42,0,5143,6,144,5,0,1,0,,3747.65,0,,,,,,,,,,,,,,,,,,,,,,,,,0,,0,0.666666666667,0.9,0.879858657244,0.416,0.166263882227,0.511029411765
222,29,2013-02-26 19:42:22,18,129,,,219,89359,2,2.5,0,5.79,0.1589,5.48,12,350.05,1,5143,6,144,5,0,1,0,,3748.75,0,,,,,,,,,,,,,,,,,,,,,,,,,0,,0,0.0,0.5,0.936395759717,0.744470588235,0.0939748367339,0.915441176471
223,29,2013-02-26 19:42:22,18,129,,,219,98239,3,4.0,0,5.29,0.0744,5.7,2,389.24,1,5143,6,144,5,0,1,0,,3748.35,0,,,,,,,,,,,,,,,,,,,,,,,,,0,,0,0.333333333333,0.8,0.759717314488,0.346823529412,0.130123971516,0.768382352941
224,29,2013-02-26 19:42:22,18,129,,,219,114304,5,4.5,1,5.77,0.1924,6.21,17,799.37,0,5143,6,144,5,0,1,0,,3747.94,0,,,,,,,,,,,,,,,,,,,,,,,,,0,,0,1.0,0.9,0.929328621908,0.902117647059,0.508430801018,0.617647058824
225,29,2013-02-26 19:42:22,18,129,,,219,126719,4,4.5,0,5.97,0.1746,5.95,5,414.05,0,5143,6,144,5,0,1,0,,3748.34,0,,,,,,,,,,,,,,,,,,,,,,,,,0,,0,0.666666666667,0.9,1.0,0.818352941176,0.153008892005,0.764705882353
226,29,2013-02-26 19:42:22,18,129,,,219,135779,5,5.0,0,5.83,0.1156,6.21,9,787.62,1,5143,6,144,5,0,1,0,,3748.64,0,,,,,,,,,,,,,,,,,,,,,,,,,0,,0,1.0,1.0,0.950530035336,0.540705882353,0.497592517433,0.875
227,31,2013-05-28 22:05:02,24,216,,,15,1051,4,3.0,0,1.1,,5.7,9,120.83,0,19144,1,214,2,2,1,1,,,1,,,,,,,,,,0.0,0.0,,0.0,0.0,,,,,0.0,0.0,,,,,0,,0,1.0,0.6,0.235546038544,,0.411759551349,
228,31,2013-05-28 22:05:02,24,216,,,15,6764,2,3.5,1,1.61,0.0148,4.91,4,101.23,0,19144,1,214,2,2,1,1,,,1,,,,0.0,0.0,,,,,0.0,0.0,,0.0,0.0,,0.0,0.0,,0.0,0.0,,,,,1,,0,0.5,0.7,0.344753747323,0.147024504084,0.240010515247,
229,31,2013-05-28 22:05:02,24,216,,,15,12321,0,5.0,0,4.55,,4.96,29,187.68,0,19144,1,214,2,2,1,1,,,1,,,,,1.0,,,,,,,,,,,,0.0,,,,,,,,0,,0,0.0,1.0,0.974304068522,,0.997546442341,
230,31,2013-05-28 22:05:02,24,216,,,15,18083,4,3.5,1,3.78,,5.31,30,187.96,0,19144,1,214,2,2,1,1,,,1,,,,,,,,,,0.0,0.0,,0.0,0.0,,1.0,0.0,11.0,,,,,,,0,,0,1.0,0.7,0.809421841542,,1.0,
231,31,2013-05-28 22:05:02,24,216,,,15,18516,4,4.0,0,3.83,,5.31,21,167.9,0,19144,1,214,2,2,1,1,,,1,,,,,,,,,,,,,-1.0,0.0,42.0,-1.0,0.0,36.0,1.0,0.0,55.0,,,,0,,0,1.0,0.8,0.820128479657,,0.824220119173,
232,31,2013-05-28 22:05:02,24,216,,,15,23462,4,3.5,0,4.47,,4.98,24,174.26,0,19144,1,214,2,2,1,1,,,1,,,,,,,,,,1.0,0.0,15.0,1.0,0.0,15.0,,,,,,,,,,0,,0,1.0,0.7,0.957173447537,,0.879950928847,
233,31,2013-05-28 22:05:02,24,216,,,15,28515,3,0.0,0,4.2,,4.83,7,111.88,0,19144,1,214,2,2,1,1,,,1,,,,1.0,0.0,12.0,,,,1.0,0.0,124.0,1.0,0.0,20.0,1.0,0.0,20.0,1.0,0.0,44.0,,,,0,,0,0.75,0.0,0.899357601713,,0.333333333333,
234,31,2013-05-28 22:05:02,24,216,,,15,47153,4,2.5,0,2.4,,5.17,19,160.84,0,19144,1,214,2,2,1,1,,,1,,,,1.0,0.0,279.0,,,,,,,0.0,0.0,,0.0,0.0,,-1.0,0.0,14.0,,,,0,,0,1.0,0.5,0.51391862955,,0.762355415352,
235,31,2013-05-28 22:05:02,24,216,,,15,50460,3,3.5,0,4.67,,4.78,13,138.19,0,19144,1,214,2,2,1,1,,,1,,,,,1.0,,,,,1.0,0.0,13.0,0.0,0.0,,,,,1.0,0.0,14.0,,,,0,,0,0.75,0.7,1.0,,0.563880126183,
236,31,2013-05-28 22:05:02,24,216,,,15,54904,3,4.5,0,0.0,0.0111,4.8,14,145.44,0,19144,1,214,2,2,1,1,,,1,,,,,,,,,,0.0,1.0,,0.0,0.0,,,,,,,,,,,0,,0,0.75,0.9,0.0,0.103850641774,0.627409744129,
237,31,2013-05-28 22:05:02,24,216,,,15,64019,4,3.5,0,3.22,0.0207,5.31,15,147.68,0,19144,1,214,2,2,1,1,,,1,,,,,,,,,,0.0,0.0,,-1.0,0.0,9.0,,,,,,,,,,0,,0,1.0,0.7,0.689507494647,0.215869311552,0.647038205398,
238,31,2013-05-28 22:05:02,24,216,,,15,77827,4,4.0,0,4.42,0.0879,5.18,22,172.91,0,19144,1,214,2,2,1,1,-4.5989,,1,,,,-1.0,0.0,4.0,,,,-1.0,0.0,4.0,-1.0,0.0,4.0,1.0,0.0,173.0,,,,,,,0,,0,1.0,0.8,0.946466809422,1.0,0.86812127585,
239,31,2013-05-28 22:05:02,24,216,,,15,78635,4,3.0,1,4.56,,5.23,16,150.37,0,19144,1,214,2,2,1,1,,,1,,,,0.0,0.0,,,,,0.0,0.0,,0.0,0.0,,1.0,0.0,12.0,1.0,0.0,12.0,,,,0,,0,1.0,0.6,0.976445396146,,0.670609884332,
240,31,2013-05-28 22:05:02,24,216,,,15,81183,3,1.5,0,4.44,,4.83,28,184.6,0,19144,1,214,2,2,1,1,,,1,,,,1.0,1.0,25.0,,,,1.0,0.0,25.0,-1.0,0.0,7.0,-1.0,0.0,27.0,,,,,,,0,,0,0.75,0.3,0.950749464668,,0.970557308097,
241,31,2013-05-28 22:05:02,24,216,,,15,82238,4,3.5,0,4.26,,4.98,27,179.01,0,19144,1,214,2,2,1,1,,,1,,,,1.0,0.0,33.0,,,,-1.0,0.0,9.0,1.0,0.0,200.0,1.0,0.0,37.0,1.0,0.0,30.0,,,,0,,0,1.0,0.7,0.912205567452,,0.921573781984,
242,31,2013-05-28 22:05:02,24,216,,,15,101799,3,4.5,0,1.1,0.0022,4.85,6,110.76,0,19144,1,214,2,2,1,1,,,1,,,,,,,,,,0.0,0.0,,,1.0,,,,,,,,,,,0,,0,0.75,0.9,0.235546038544,0.0,0.323519102699,
243,31,2013-05-28 22:05:02,24,216,,,15,101939,4,4.5,1,2.89,0.022,5.14,8,114.12,1,19144,1,214,2,2,1,1,-4.1804,,1,,,,1.0,0.0,39.0,,,,1.0,0.0,90.0,1.0,0.0,31.0,,,,,,,,,,0,,0,1.0,0.9,0.618843683084,0.231038506418,0.352961794602,
244,31,2013-05-28 22:05:02,24,216,,,15,105110,3,5.0,0,4.19,,4.53,25,174.53,0,19144,1,214,2,2,1,1,,,1,,,,,,,,,,-1.0,0.0,9.0,1.0,0.0,49.0,,,,,,,,,,0,,0,0.75,1.0,0.89721627409,,0.882316859446,
245,31,2013-05-28 22:05:02,24,216,,,15,110154,4,3.5,0,4.41,,5.18,3,100.69,0,19144,1,214,2,2,1,1,,,1,,,,,,,,,,0.0,0.0,,1.0,0.0,11.0,1.0,0.0,11.0,-1.0,0.0,33.0,,,,0,,0,1.0,0.7,0.944325481799,,0.235278654048,
246,31,2013-05-28 22:05:02,24,216,,,15,119713,4,4.0,0,1.61,0.0033,5.2,12,134.26,0,19144,1,214,2,2,1,1,,,1,,,,1.0,0.0,54.0,,,,1.0,0.0,40.0,-1.0,0.0,7.0,1.0,0.0,9.0,1.0,0.0,9.0,,,,0,,0,1.0,0.8,0.344753747323,0.0128354725788,0.529442691903,
247,31,2013-05-28 22:05:02,24,216,,,15,122877,1,1.5,0,4.04,,5.1,1,73.84,0,19144,1,214,2,2,1,1,,,1,,,,,,,,,,-1.0,0.0,23.0,1.0,0.0,9.0,,,,1.0,0.0,51.0,,,,0,,0,0.25,0.3,0.865096359743,,0.0,
248,31,2013-05-28 22:05:02,24,216,,,15,124551,0,3.0,0,3.22,,4.96,10,134.26,0,19144,1,214,2,2,1,1,,,1,,,,,,,,,,,,,,,,,,,,,,,,,0,,0,0.0,0.6,0.689507494647,,0.529442691903,
249,31,2013-05-28 22:05:02,24,216,,,15,126293,0,0.0,0,4.38,,4.97,2,88.36,0,19144,1,214,2,2,1,1,,,1,,,,,,,,,,,,,,,,,,,,,,,,,0,,0,0.0,0.0,0.937901498929,,0.127234490011,
