,srch_id,date_time,site_id,visitor_location_country_id,visitor_hist_starrating,visitor_hist_adr_usd,prop_country_id,prop_id,prop_starrating,prop_review_score,prop_brand_bool,prop_location_score1,prop_location_score2,prop_log_historical_price,position,price_usd,promotion_flag,srch_destination_id,srch_length_of_stay,srch_booking_window,srch_adults_count,srch_children_count,srch_room_count,srch_saturday_night_bool,srch_query_affinity_score,orig_destination_distance,random_bool,comp1_rate,comp1_inv,comp1_rate_percent_diff,comp2_rate,comp2_inv,comp2_rate_percent_diff,comp3_rate,comp3_inv,comp3_rate_percent_diff,comp4_rate,comp4_inv,comp4_rate_percent_diff,comp5_rate,comp5_inv,comp5_rate_percent_diff,comp6_rate,comp6_inv,comp6_rate_percent_diff,comp7_rate,comp7_inv,comp7_rate_percent_diff,comp8_rate,comp8_inv,comp8_rate_percent_diff,click_bool,gross_bookings_usd,booking_bool,day_part,season,diff_usd,diff_starrating,prop_starrating|srch_id_standardized,prop_review_score|srch_id_standardized,prop_location_score1|srch_id_standardized,prop_location_score2|srch_id_standardized,price_usd|srch_id_standardized,orig_destination_distance|srch_id_standardized
0,1,2013-04-04 08:32:15,12,187,,,219,893,3,3.5,1,2.83,0.0438,4.95,27,104.77,0,23246,1,0,4,0,1,1,,,1,,,,0.0,0.0,,0.0,0.0,,,,,0.0,0.0,,,,,,,,0.0,0.0,,0,,0,2,2,,,-0.09320546490018025,0.016093716558772522,1.0224065783463339,-0.10996703920281597,-0.6117873728296596,
1,1,2013-04-04 08:32:15,12,187,,,219,10404,4,4.0,1,2.2,0.0149,5.03,26,170.74,0,23246,1,0,4,0,1,1,,,1,,,,,,,0.0,0.0,,,,,0.0,1.0,,,,,,,,0.0,0.0,,0,,0,2,2,,,1.2116710437023397,0.46671778020440474,-0.19208850865900773,-0.7220354336990815,0.07286651255298658,
2,1,2013-04-04 08:32:15,12,187,,,219,21315,3,4.5,1,2.2,0.0245,4.92,21,179.8,0,23246,1,0,4,0,1,1,,,1,,,,0.0,0.0,,0.0,0.0,,,,,0.0,0.0,,,,,,,,0.0,0.0,,0,,0,2,2,,,-0.09320546490018025,0.917341843850037,-0.19208850865900773,-0.5187185967729863,0.16689355820353644,
3,1,2013-04-04 08:32:15,12,187,,,219,27348,2,4.0,1,2.83,0.0125,4.39,34,602.77,0,23246,1,0,4,0,1,1,,,1,,,,-1.0,0.0,5.0,-1.0,0.0,5.0,,,,0.0,1.0,,,,,,,,-1.0,0.0,5.0,0,,0,2,2,,,-1.3980819735027004,0.46671778020440474,1.0224065783463339,-0.7728646429306052,4.556586659617781,
4,1,2013-04-04 08:32:15,12,187,,,219,29604,4,3.5,1,2.64,0.1241,4.93,4,143.58,0,23246,1,0,4,0,1,1,,,1,,,,0.0,0.0,,0.0,0.0,,,,,0.0,0.0,,,,,,,,0.0,0.0,,0,,0,2,2,,,1.2116710437023397,0.016093716558772522,0.6561302822653579,1.5906935863352505,-0.20900705917647625,
5,1,2013-04-04 08:32:15,12,187,,,219,30184,4,4.5,1,2.77,0.1302,5.2,7,195.32,0,23246,1,0,4,0,1,1,,,1,,,,,,,0.0,0.0,7.0,,,,0.0,0.0,,,,,,,,0.0,0.0,7.0,0,,0,2,2,,,1.2116710437023397,0.917341843850037,0.9067403795839203,1.7198844931320403,0.3279641706203722,
6,1,2013-04-04 08:32:15,12,187,,,219,44147,3,3.5,1,2.2,0.0356,4.81,18,129.35,0,23246,1,0,4,0,1,1,,,1,,,,0.0,0.0,,0.0,0.0,,,,,,,,,,,,,,0.0,0.0,,0,,0,2,2,,,-0.09320546490018025,0.016093716558772522,-0.19208850865900773,-0.28363350407718885,-0.3566897147622738,
7,1,2013-04-04 08:32:15,12,187,,,219,50984,2,0.0,0,1.61,,4.14,35,85.37,0,23246,1,0,4,0,1,1,,,1,,,,,,,,,,,,,,,,,,,,,,,,,0,,0,2,2,,,-1.3980819735027004,-3.138274728960653,-1.3294727964894073,,-0.8131256383507043,
8,1,2013-04-04 08:32:15,12,187,,,219,53341,4,4.0,1,2.56,0.1238,5.18,3,150.05,0,23246,1,0,4,0,1,1,,,1,,,,0.0,0.0,,0.0,0.0,,,,,,,,,,,,,,0.0,0.0,6.0,0,,0,2,2,,,1.2116710437023397,0.46671778020440474,0.501908683915473,1.5843399351813099,-0.14185970979909684,
9,1,2013-04-04 08:32:15,12,187,,,219,56880,4,4.0,1,2.83,0.1028,5.15,10,280.69,0,23246,1,0,4,0,1,1,,,1,,,,0.0,0.0,,0.0,0.0,,,,,0.0,0.0,,,,,,,,0.0,0.0,,0,,0,2,2,,,1.2116710437023397,0.46671778020440474,1.0224065783463339,1.139584354405477,1.2139563215240632,
10,1,2013-04-04 08:32:15,12,187,,,219,59267,3,0.0,1,2.2,,5.08,20,190.14,0,23246,1,0,4,0,1,1,,,1,,,,1.0,0.0,11.0,0.0,0.0,,,,,,,,,,,,,,0.0,0.0,,0,,0,2,2,,,-0.09320546490018025,-3.138274728960653,-0.19208850865900773,,0.27420477807403126,
11,1,2013-04-04 08:32:15,12,187,,,219,59526,3,3.5,0,2.2,0.0377,4.78,19,100.89,0,23246,1,0,4,0,1,1,,,1,,,,0.0,0.0,,-1.0,0.0,5.0,,,,,,,,,,,,,1.0,0.0,31.0,0,,0,2,2,,,-0.09320546490018025,0.016093716558772522,-0.19208850865900773,-0.2391579459996056,-0.6520550259338684,
12,1,2013-04-04 08:32:15,12,187,,,219,68914,2,3.0,1,2.2,0.0206,4.44,13,100.89,0,23246,1,0,4,0,1,1,,,1,,,,0.0,0.0,11.0,0.0,0.0,,,,,0.0,-1.0,,,,,,,,0.0,0.0,11.0,1,114.29,1,2,2,,,-1.3980819735027004,-0.4345303470868597,-0.19208850865900773,-0.6013160617742125,-0.6520550259338684,
13,1,2013-04-04 08:32:15,12,187,,,219,74474,3,4.5,1,2.4,0.1255,5.03,2,210.84,0,23246,1,0,4,0,1,1,,,1,,,,0.0,0.0,,0.0,0.0,,,,,0.0,0.0,,,,,,,,0.0,0.0,,0,,0,2,2,,,-0.09320546490018025,0.917341843850037,0.19346548721570345,1.6203439583869725,0.4890347830372082,
14,1,2013-04-04 08:32:15,12,187,,,219,81437,3,4.0,1,2.3,0.0155,5.03,15,138.4,0,23246,1,0,4,0,1,1,,,1,,,,0.0,0.0,,0.0,0.0,,,,,0.0,0.0,,,,,,,,0.0,0.0,,0,,0,2,2,,,-0.09320546490018025,0.46671778020440474,0.0006884892783474402,-0.7093281313912004,-0.26276645172281715,
15,1,2013-04-04 08:32:15,12,187,,,219,85728,2,3.0,1,1.79,0.0072,4.5,31,100.89,0,23246,1,0,4,0,1,1,,,1,,,,0.0,0.0,,0.0,0.0,8.0,,,,1.0,-1.0,14.0,,,,,,,0.0,0.0,,0,,0,2,2,,,-1.3980819735027004,-0.4345303470868597,-0.9824742002021669,-0.8851124799835536,-0.6520550259338684,
16,1,2013-04-04 08:32:15,12,187,,,219,88096,4,4.0,1,2.94,0.066,5.18,23,152.63,1,23246,1,0,4,0,1,1,,,1,,,,0.0,0.0,5.0,0.0,0.0,5.0,,,,1.0,0.0,5.0,,,,,,,0.0,0.0,15.0,0,,0,2,2,,,1.2116710437023397,0.46671778020440474,1.234461276077425,0.3602031461887791,-0.1150837961370199,
17,1,2013-04-04 08:32:15,12,187,,,219,88127,3,3.0,1,1.39,0.0038,4.8,36,138.4,0,23246,1,0,4,0,1,1,,,1,,,,0.0,0.0,,0.0,0.0,,,,,,,,,,,,,,0.0,0.0,,0,,0,2,2,,,-0.09320546490018025,-0.4345303470868597,-1.7535821919515906,-0.9571205263948789,-0.26276645172281715,
18,1,2013-04-04 08:32:15,12,187,,,219,88218,4,3.5,1,2.77,0.1266,4.98,8,115.12,0,23246,1,0,4,0,1,1,,,1,,,,0.0,0.0,,0.0,0.0,,,,,0.0,-1.0,,,,,,,,0.0,0.0,,0,,0,2,2,,,1.2116710437023397,0.016093716558772522,0.9067403795839203,1.6436406792847542,-0.504372370348071,
19,1,2013-04-04 08:32:15,12,187,,,219,89073,4,4.0,1,2.08,0.015,5.28,6,191.44,0,23246,1,0,4,0,1,1,,,1,,,,,,,0.0,0.0,5.0,,,,0.0,0.0,,,,,,,,0.0,0.0,5.0,0,,0,2,2,,,1.2116710437023397,0.46671778020440474,-0.42342090618383493,-0.7199175499811012,0.28769651751616326,
20,1,2013-04-04 08:32:15,12,187,,,219,95166,3,4.0,1,2.71,0.0359,4.71,28,122.88,0,23246,1,0,4,0,1,1,,,1,,,,0.0,0.0,12.0,0.0,0.0,6.0,,,,,,,,,,,,,0.0,0.0,,0,,0,2,2,,,-0.09320546490018025,0.46671778020440474,0.7910741808215067,-0.27727985292324836,-0.42383706413965316,
21,1,2013-04-04 08:32:15,12,187,,,219,95307,4,3.5,1,2.4,0.1149,4.93,1,139.7,0,23246,1,0,4,0,1,1,,,1,,,,,,,0.0,0.0,29.0,,,,,1.0,,,,,,,,-1.0,0.0,27.0,0,,0,2,2,,,1.2116710437023397,0.016093716558772522,0.19346548721570345,1.395848284281076,-0.24927471228068546,
22,1,2013-04-04 08:32:15,12,187,,,219,97247,2,3.5,1,2.83,0.0145,4.68,32,115.12,0,23246,1,0,4,0,1,1,,,1,,,,0.0,0.0,,0.0,0.0,5.0,,,,1.0,1.0,9.0,,,,,,,-1.0,0.0,5.0,0,,0,2,2,,,-1.3980819735027004,0.016093716558772522,1.0224065783463339,-0.7305069685710021,-0.504372370348071,
23,1,2013-04-04 08:32:15,12,187,,,219,107872,2,3.5,1,2.71,0.0465,4.44,12,128.06,0,23246,1,0,4,0,1,1,,,1,,,,0.0,0.0,23.0,0.0,0.0,10.0,,,,1.0,-1.0,3.0,,,,,,,0.0,0.0,14.0,0,,0,2,2,,,-1.3980819735027004,0.016093716558772522,0.7910741808215067,-0.0527841788173517,-0.37007767159331223,
24,1,2013-04-04 08:32:15,12,187,,,219,111000,3,4.5,1,2.2,0.0164,5.02,24,181.09,0,23246,1,0,4,0,1,1,,,1,,,,0.0,0.0,,0.0,0.0,,,,,0.0,0.0,,,,,,,,0.0,0.0,,0,,0,2,2,,,-0.09320546490018025,0.917341843850037,-0.19208850865900773,-0.6902671779293791,0.1802815150345749,
25,1,2013-04-04 08:32:15,12,187,,,219,111106,3,2.5,1,0.69,0.0071,4.67,37,120.29,0,23246,1,0,4,0,1,1,,,1,,,,0.0,0.0,,0.0,0.0,,,,,,,,,,,,,,0.0,0.0,,0,,0,2,2,,,-0.09320546490018025,-0.885154410732492,-3.103021177513081,-0.8872303637015336,-0.4507167604128235,
26,1,2013-04-04 08:32:15,12,187,,,219,114766,2,3.5,1,1.61,0.0052,4.67,33,104.77,0,23246,1,0,4,0,1,1,,,1,,,,,,,,,,,,,,-1.0,,,,,,,,,,,0,,0,2,2,,,-1.3980819735027004,0.016093716558772522,-1.3294727964894073,-0.9274701543431567,-0.6117873728296596,
27,1,2013-04-04 08:32:15,12,187,,,219,122844,3,4.5,1,2.3,0.0032,5.46,29,190.14,0,23246,1,0,4,0,1,1,,,1,,,,0.0,0.0,,0.0,0.0,,,,,0.0,0.0,,,,,,,,0.0,0.0,,0,,0,2,2,,,-0.09320546490018025,0.917341843850037,0.0006884892783474402,-0.9698278287027597,0.27420477807403126,
28,4,2012-12-31 08:59:22,5,219,,,219,3625,4,4.0,0,3.22,0.2544,5.98,21,295.0,0,12588,2,46,1,0,1,1,,238.35,1,,,,,,,,,,,,,,,,,,,,,,,,,0,,0,2,1,,,0.6821199987883376,0.14636252994530455,0.7877044119419289,0.3425056031769753,0.24095598167759247,0.5508144353591803
29,4,2012-12-31 08:59:22,5,219,,,219,11622,4,4.0,0,2.71,,5.64,36,299.0,0,12588,2,46,1,0,1,1,,238.34,1,,,,,,,,,,,,,,,,,,,,,,,,,0,,0,2,1,,,0.6821199987883376,0.14636252994530455,0.2265810595677566,,0.2736973464915328,0.5432560897624916
30,4,2012-12-31 08:59:22,5,219,,,219,11826,5,4.5,1,3.22,0.1924,6.1,22,373.0,1,12588,2,46,1,0,1,1,,238.33,1,,,,,,,,,,,,,,,,,,,,,,,,,0,,0,2,1,,,1.4348041353823655,0.9269626896535954,0.7877044119419289,-0.13170939005599608,0.8794125955494299,0.535697744165803
31,4,2012-12-31 08:59:22,5,219,,,219,22824,3,4.0,0,3.26,0.3729,5.74,4,329.0,0,12588,2,46,1,0,1,1,,238.29,1,,,,,,,,,,,,,,,,,,,,,,,,,0,,0,2,1,,,-0.0705641378056901,0.14636252994530455,0.831714086637942,1.2488681305657994,0.5192575825960857,0.5054643617790053
32,4,2012-12-31 08:59:22,5,219,,,219,37581,5,4.5,0,3.09,0.2508,6.21,26,600.0,0,12588,2,46,1,0,1,1,,238.35,1,,,,,,,,,,,,,,,,,,,,,,,,,0,,0,2,1,,,1.4348041353823655,0.9269626896535954,0.6446729691798847,0.3149705390537706,2.737485048740546,0.5508144353591803
33,4,2012-12-31 08:59:22,5,219,,,219,39993,4,4.0,1,3.09,0.1692,5.69,3,365.0,0,12588,2,46,1,0,1,1,,237.94,1,,,,,,,,,,,,,,,,,,,,,,,,,0,,0,2,1,,,0.6821199987883376,0.14636252994530455,0.6446729691798847,-0.30915758107220465,0.813929865921549,0.2409222658946659
34,4,2012-12-31 08:59:22,5,219,,,219,46162,4,4.5,0,3.26,0.3582,5.73,24,331.0,1,12588,2,46,1,0,1,1,,238.32,1,,,,,,,,,,,,,,,,,,,,,,,,,0,,0,2,1,,,0.6821199987883376,0.9269626896535954,0.831714086637942,1.1364332853960466,0.5356282650030558,0.5281393985690929
35,4,2012-12-31 08:59:22,5,219,,,219,49152,4,4.5,1,3.09,0.1417,5.92,9,329.0,0,12588,2,46,1,0,1,1,,238.3,1,,,,,,,,,,,,,,,,,,,,,,,,,0,,0,2,1,,,0.6821199987883376,0.9269626896535954,0.6446729691798847,-0.5194948764577967,0.5192575825960857,0.5130227073757155
36,4,2012-12-31 08:59:22,5,219,,,219,56063,4,4.5,0,3.26,0.3246,5.91,18,259.0,0,12588,2,46,1,0,1,1,,238.33,1,,,,,,,,,,,,,,,,,,,,,,,,,0,,0,2,1,,,0.6821199987883376,0.9269626896535954,0.831714086637942,0.8794393535794685,-0.05371630164787093,0.535697744165803
37,4,2012-12-31 08:59:22,5,219,,,219,56472,4,4.5,1,1.1,0.0149,5.55,10,335.0,0,12588,2,46,1,0,1,1,,238.54,1,,,,,,,,,,,,,,,,,,,,,,,,,0,,0,2,1,,,0.6821199987883376,0.9269626896535954,-1.5448083469467864,-1.489341023908454,0.5683696298169962,0.6944230016963937
38,4,2012-12-31 08:59:22,5,219,,,219,58696,0,4.5,0,1.61,0.0823,5.39,29,219.0,0,12588,2,46,1,0,1,1,,236.91,1,,,,,,,,,,,,,,,,,,,,,,,,,0,,0,2,1,,,-2.328616547587773,0.9269626896535954,-0.9836849945726144,-0.9738234344906757,-0.3811299497872747,-0.5375873305649751
39,4,2012-12-31 08:59:22,5,219,,,219,64344,4,3.0,1,1.79,,5.79,31,267.0,0,12588,2,46,1,0,1,1,,238.4,1,,,,,,,,,,,,,,,,,,,,,,,,,0,,0,2,1,,,0.6821199987883376,-1.4148377894712771,-0.7856414584405537,,0.011766427980009823,0.5886061633426666
40,4,2012-12-31 08:59:22,5,219,,,219,65984,2,3.5,0,3.09,0.223,5.08,25,194.0,0,12588,2,46,1,0,1,1,,238.31,1,,,,,,,,,,,,,,,,,,,,,,,,,0,,0,2,1,,,-0.8232482743997178,-0.6342376297629864,0.6446729691798847,0.10233865499124467,-0.585763479874402,0.5205810529724042
41,4,2012-12-31 08:59:22,5,219,,,219,71258,1,2.0,0,0.69,0.0131,4.29,19,70.0,0,12588,2,46,1,0,1,1,,236.59,1,,,,,,,,,,,,,,,,,,,,,,,,,0,,0,2,1,,,-1.5759324109937456,-2.976038108887859,-1.995907512580925,-1.5031085559700563,-1.6007457891065537,-0.7794543896592271
42,4,2012-12-31 08:59:22,5,219,,,219,75491,2,3.5,0,3.22,0.3696,5.52,8,189.0,0,12588,2,46,1,0,1,1,,238.3,1,,,,,,,,,,,,,,,,,,,,,,,,,0,,0,2,1,,,-0.8232482743997178,-0.6342376297629864,0.7877044119419289,1.223627655119528,-0.6266901858918276,0.5130227073757155
43,4,2012-12-31 08:59:22,5,219,,,219,81172,0,4.0,0,0.69,,5.56,33,289.0,0,12588,2,46,1,0,1,1,,234.51,1,,,,,,,,,,,,,,,,,,,,,,,,,0,,0,2,1,,,-2.328616547587773,0.14636252994530455,-1.995907512580925,,0.1918439344566819,-2.351590273771908
44,4,2012-12-31 08:59:22,5,219,,,219,83045,3,3.5,0,3.26,0.3431,5.6,2,219.0,0,12588,2,46,1,0,1,1,,238.33,1,,,,,,,,,,,,,,,,,,,,,,,,,0,,0,2,1,,,-0.0705641378056901,-0.6342376297629864,0.831714086637942,1.0209389886570486,-0.3811299497872747,0.535697744165803
45,4,2012-12-31 08:59:22,5,219,,,219,83430,4,4.5,0,2.77,0.0362,5.85,27,405.0,0,12588,2,46,1,0,1,1,,238.4,1,,,,,,,,,,,,,,,,,,,,,,,,,0,,0,2,1,,,0.6821199987883376,0.9269626896535954,0.2925955716117769,-1.3264252278461588,1.141343514060953,0.5886061633426666
46,4,2012-12-31 08:59:22,5,219,,,219,83806,4,4.0,1,3.18,0.3483,5.92,6,330.0,0,12588,2,46,1,0,1,1,,238.29,1,,,,,,,,,,,,,,,,,,,,,,,,,0,,0,2,1,,,0.6821199987883376,0.14636252994530455,0.7436947372459154,1.0607118590572333,0.5274429237995708,0.5054643617790053
47,4,2012-12-31 08:59:22,5,219,,,219,85567,2,4.0,1,0.69,0.0408,5.14,7,135.0,0,12588,2,46,1,0,1,1,,236.0,1,,,,,,,,,,,,,,,,,,,,,,,,,0,,0,2,1,,,-0.8232482743997178,0.14636252994530455,-1.995907512580925,-1.2912415347998416,-1.0686986108800227,-1.2253967798642662
48,4,2012-12-31 08:59:22,5,219,,,219,85742,3,4.0,0,1.1,,5.36,30,169.0,1,12588,2,46,1,0,1,1,,234.1,1,,,,,,,,,,,,,,,,,,,,,,,,,0,,0,2,1,,,-0.0705641378056901,0.14636252994530455,-1.5448083469467864,,-0.7903970099615294,-2.6614824432364226
49,4,2012-12-31 08:59:22,5,219,,,219,89119,4,4.5,1,3.18,0.2742,5.6,14,255.0,1,12588,2,46,1,0,1,1,,238.06,1,,,,,,,,,,,,,,,,,,,,,,,,,0,,0,2,1,,,0.6821199987883376,0.9269626896535954,0.7436947372459154,0.4939484558546015,-0.08645766646181131,0.3316224130550158
50,4,2012-12-31 08:59:22,5,219,,,219,97099,4,4.0,1,3.22,0.3611,6.04,13,408.0,0,12588,2,46,1,0,1,1,,238.3,1,,,,,,,,,,,,,,,,,,,,,,,,,0,,0,2,1,,,0.6821199987883376,0.14636252994530455,0.7877044119419289,1.1586143092730723,1.165899537671408,0.5130227073757155
51,4,2012-12-31 08:59:22,5,219,,,219,109185,4,4.5,1,3.18,0.3138,6.08,20,323.0,1,12588,2,46,1,0,1,1,,238.28,1,,,,,,,,,,,,,,,,,,,,,,,,,0,,0,2,1,,,0.6821199987883376,0.9269626896535954,0.7436947372459154,0.7968341612098543,0.4701455353751751,0.4979060161823167
52,4,2012-12-31 08:59:22,5,219,,,219,110813,2,4.0,0,2.4,,5.14,32,139.0,1,12588,2,46,1,0,1,1,,233.87,1,,,,,,,,,,,,,,,,,,,,,,,,,0,,0,2,1,,,-0.8232482743997178,0.14636252994530455,-0.11449391932634803,,-1.0359572460660822,-2.835324391960412
53,4,2012-12-31 08:59:22,5,219,,,219,116696,2,4.0,0,2.4,,5.12,35,139.0,0,12588,2,46,1,0,1,1,,238.43,1,,,,0.0,0.0,,0.0,0.0,,,,,0.0,0.0,,,,,,,,0.0,0.0,,0,,0,2,1,,,-0.8232482743997178,0.14636252994530455,-0.11449391932634803,,-1.0359572460660822,0.611281200132754
54,4,2012-12-31 08:59:22,5,219,,,219,125069,3,4.0,1,1.61,0.0969,5.28,1,159.0,1,12588,2,46,1,0,1,1,,236.91,1,,,,,,,,,,,,,,,,,,,,,,,,,0,,0,2,1,,,-0.0705641378056901,0.14636252994530455,-0.9836849945726144,-0.8621534522132339,-0.8722504219963804,-0.5375873305649751
55,4,2012-12-31 08:59:22,5,219,,,219,127808,2,2.5,0,3.0,0.0457,5.25,15,79.0,0,12588,2,46,1,0,1,1,,237.73,1,,,,,,,,,,,,,,,,,,,,,,,,,0,,0,2,1,,,-0.8232482743997178,-2.195437949179568,0.5456512011138545,-1.2537632530765908,-1.5270777182751878,0.08219700836405364
56,4,2012-12-31 08:59:22,5,219,,,219,129278,3,3.5,0,1.79,,4.82,34,160.0,0,12588,2,46,1,0,1,1,,238.38,1,,,,,,,,,,,,,,,,,,,,,,,,,0,,0,2,1,,,-0.0705641378056901,-0.6342376297629864,-0.7856414584405537,,-0.8640650807928952,0.5734894721492677
57,4,2012-12-31 08:59:22,5,219,,,219,134162,5,4.5,0,3.09,0.2677,6.14,12,525.0,0,12588,2,46,1,0,1,1,,238.34,1,,,,,,,,,,,,,,,,,,,,,,,,,0,,0,2,1,,,1.4348041353823655,0.9269626896535954,0.6446729691798847,0.4442323678543706,2.123584458479164,0.5432560897624916
58,4,2012-12-31 08:59:22,5,219,,,219,137826,2,3.0,0,3.26,0.3147,5.25,28,181.0,0,12588,2,46,1,0,1,1,,238.21,1,,,,,,,,,,,,,,,,,,,,,,,,,0,,0,2,1,,,-0.8232482743997178,-1.4148377894712771,0.831714086637942,0.8037179272406552,-0.6921729155197083,0.4449975970054531
59,4,2012-12-31 08:59:22,5,219,,,219,139893,2,3.0,1,1.61,0.0309,5.25,16,129.0,0,12588,2,46,1,0,1,1,,236.14,1,,,,,,,,,,,,,,,,,,,,,,,,,1,,0,2,1,,,-0.8232482743997178,-1.4148377894712771,-0.9836849945726144,-1.366962961138655,-1.1178106581009333,-1.1195799415105392
60,6,2013-06-05 12:27:51,14,100,,,100,10759,0,2.0,0,1.95,,0.0,4,97.63,0,21106,1,5,2,0,1,0,,652.84,0,,,,,,,,,,,,,,0.0,,,,,,,,,,,0,,0,3,3,,,-1.0434983894999017,-0.5304671043874534,,,-0.7067338810364265,0.35355339058910773
61,6,2013-06-05 12:27:51,14,100,,,100,22135,0,5.0,0,1.95,,0.0,6,115.03,0,21106,1,5,2,0,1,0,,652.84,0,,,,,,,,,,,,,,0.0,,,,,,,,,,,0,,0,3,3,,,-1.0434983894999017,0.9162613621237831,,,-0.26502520538865987,0.35355339058910773
62,6,2013-06-05 12:27:51,14,100,,,100,52376,2,0.0,1,1.95,,0.0,2,86.03,0,21106,1,5,2,0,1,0,,652.85,0,,,,,,,,,,,,,,,,,,,,,,,,,0,,0,3,3,,,0.447213595499958,-1.4949527487282777,,,-1.0012063314682706,0.7071067811822349
63,6,2013-06-05 12:27:51,14,100,,,100,104251,3,4.0,1,1.95,,0.0,1,145.0,0,21106,1,5,2,0,1,0,,652.84,0,,,,,,,,,,,,,,,,,,,,,,,,,1,162.38,1,3,3,,,1.1925695879998879,0.4340185399533709,,,0.49577991008051037,0.35355339058910773
64,6,2013-06-05 12:27:51,14,100,,,100,118866,2,4.5,1,1.95,,0.0,3,183.66,0,21106,1,5,2,0,1,0,,652.78,0,,,,,,,,,,,,,,,,,,,,,,,,,0,,0,3,3,,,0.447213595499958,0.6751399510385769,,,1.4771855078128466,-1.7677669529736748
65,8,2013-03-20 17:50:44,5,219,,,219,10250,3,3.5,1,1.39,0.0321,4.64,15,82.0,0,7082,1,0,1,0,1,0,,5.4,0,,,,0.0,0.0,,0.0,0.0,,,,,,,,,,,,,,0.0,0.0,,0,,0,3,2,,,-0.048917450524135764,-0.4270489675302972,-0.44924156226841994,-1.1758253713795361,-1.2517475004349825,0.8832136238880774
66,8,2013-03-20 17:50:44,5,219,,,219,13252,4,4.5,1,0.0,,5.49,19,160.0,1,7082,1,0,1,0,1,0,,3.98,0,,,,,,,0.0,0.0,,,,,1.0,0.0,42.0,,,,,,,1.0,0.0,43.0,0,,0,3,2,,,0.9783490104827189,0.56939862337373,-1.851740086612289,,-0.05967633432306302,0.12985463463343022
67,8,2013-03-20 17:50:44,5,219,,,219,22756,4,4.0,1,2.83,0.2251,5.11,10,259.0,0,7082,1,0,1,0,1,0,,4.41,0,,,,0.0,0.0,,-1.0,0.0,7.0,,,,0.0,0.0,7.0,,,,,,,-1.0,0.0,7.0,0,,0,3,2,,,0.9783490104827189,0.07117482792171642,1.0037065492820636,1.3256155808821022,1.4533370688189886,0.3579844694077248
68,8,2013-03-20 17:50:44,5,219,,,219,27669,3,3.5,1,3.0,0.2107,4.62,16,85.0,0,7082,1,0,1,0,1,0,,4.17,0,,,,,,,0.0,0.0,,,,,,1.0,,,,,,,,0.0,0.0,,1,96.41,1,3,2,,,-0.048917450524135764,-0.4270489675302972,1.1752351457845511,1.138979572008695,-1.2058986094306778,0.23065618953369987
69,8,2013-03-20 17:50:44,5,219,,,219,30630,3,4.0,1,0.0,,4.81,20,109.0,0,7082,1,0,1,0,1,0,,3.69,0,,,,1.0,0.0,4.0,-1.0,0.0,9.0,,,,,,,,,,,,,0.0,0.0,,0,,0,3,2,,,-0.048917450524135764,0.07117482792171642,-1.851740086612289,,-0.8391074813962411,-0.024000370214349837
70,8,2013-03-20 17:50:44,5,219,,,219,32491,3,4.5,1,2.3,0.0516,5.18,6,199.0,0,7082,1,0,1,0,1,0,,4.45,0,,,,,1.0,,,,,,,,,1.0,,,,,,,,,1.0,,0,,0,3,2,,,-0.048917450524135764,0.56939862337373,0.4689409248919549,-0.9230891093634641,0.5363592487328966,0.379205849386729
71,8,2013-03-20 17:50:44,5,219,,,219,33805,3,3.5,1,3.14,0.1393,4.89,13,119.0,1,7082,1,0,1,0,1,0,,3.83,0,,,,0.0,0.0,,0.0,0.0,,,,,0.0,0.0,,,,,,,,0.0,0.0,,0,,0,3,2,,,-0.048917450524135764,-0.4270489675302972,1.3164939899630705,0.2135760280113843,-0.6862778447152258,0.05027445971216473
72,8,2013-03-20 17:50:44,5,219,,,219,35397,3,4.5,1,1.39,0.1,4.82,12,119.0,1,7082,1,0,1,0,1,0,,5.07,0,,,,0.0,0.0,,1.0,0.0,25.0,,,,0.0,0.0,,,,,,,,0.0,0.0,,0,,0,3,2,,,-0.048917450524135764,0.56939862337373,-0.44924156226841994,-0.29578474620562295,-0.6862778447152258,0.7081372390612932
73,8,2013-03-20 17:50:44,5,219,,,219,39137,2,3.5,1,1.61,0.0813,4.55,14,80.0,0,7082,1,0,1,0,1,0,,4.85,0,,,,0.0,0.0,,0.0,0.0,,,,,0.0,0.0,,,,,,,,0.0,0.0,,0,,0,3,2,,,-1.0761839115309904,-0.4270489675302972,-0.2272633785593181,-0.5381523410620616,-1.2823134277711854,0.5914196491767701
74,8,2013-03-20 17:50:44,5,219,,,219,41497,3,4.5,1,1.79,0.0432,5.1,1,189.0,0,7082,1,0,1,0,1,0,,1.64,0,,,,0.0,0.0,,1.0,0.0,5.0,,,,0.0,0.0,,,,,,,,0.0,0.0,,0,,0,3,2,,,-0.048917450524135764,0.56939862337373,-0.04564486461550775,-1.0319601145396182,0.38352961205188135,-1.111596094138312
75,8,2013-03-20 17:50:44,5,219,,,219,54403,2,3.5,1,0.0,,4.44,22,66.0,0,7082,1,0,1,0,1,0,,8.77,0,,,,0.0,0.0,,0.0,0.0,,,,,0.0,0.0,,,,,,,,0.0,0.0,,0,,0,3,2,,,-1.0761839115309904,-0.4270489675302972,-1.851740086612289,,-1.496274919124607,2.6711148871191757
76,8,2013-03-20 17:50:44,5,219,,,219,58176,0,0.0,0,1.79,,4.71,25,150.0,0,7082,1,0,1,0,1,0,,0.54,0,,,,,,,,,,,,,,,,,,,,,,,,,0,,0,3,2,,,-3.1307168335447,-3.9146155356943924,-0.04564486461550775,,-0.21250597100407834,-1.695184043560926
77,8,2013-03-20 17:50:44,5,219,,,219,63511,3,4.5,1,1.39,,5.36,21,209.0,0,7082,1,0,1,0,1,0,,1.49,0,,,,0.0,0.0,,0.0,0.0,,,,,0.0,0.0,,,,,,,,0.0,1.0,,0,,0,3,2,,,-0.048917450524135764,0.56939862337373,-0.44924156226841994,,0.689188885413912,-1.1911762690595777
78,8,2013-03-20 17:50:44,5,219,,,219,66444,4,4.5,1,1.39,,5.34,18,239.0,0,7082,1,0,1,0,1,0,,1.41,0,,,,,1.0,,,,,,,,,1.0,,,,,,,,,1.0,,0,,0,3,2,,,0.9783490104827189,0.56939862337373,-0.44924156226841994,,1.147677795456958,-1.2336190290175861
79,8,2013-03-20 17:50:44,5,219,,,219,67150,4,4.5,1,2.89,0.2295,5.39,4,259.0,0,7082,1,0,1,0,1,0,,4.34,0,,,,0.0,0.0,,0.0,0.0,,,,,,1.0,,,,,,,,0.0,0.0,,0,,0,3,2,,,0.9783490104827189,0.56939862337373,1.0642460539300005,1.382643250260088,1.4533370688189886,0.3208470544444674
80,8,2013-03-20 17:50:44,5,219,,,219,73738,3,4.5,1,1.39,0.0883,5.14,3,189.0,0,7082,1,0,1,0,1,0,,4.8,0,,,,,,,0.0,0.0,,,,,0.0,0.0,,,,,,,,0.0,0.0,,0,,0,3,2,,,-0.048917450524135764,0.56939862337373,-0.44924156226841994,-0.44742650341526635,0.38352961205188135,0.5648929242030151
81,8,2013-03-20 17:50:44,5,219,,,219,83293,3,4.5,1,2.94,0.0731,5.12,2,239.0,0,7082,1,0,1,0,1,0,,4.05,0,,,,,1.0,,,,,,,,,1.0,,,,,,,,,1.0,,0,,0,3,2,,,-0.048917450524135764,0.56939862337373,1.1146956411366142,-0.6444311794483074,1.147677795456958,0.16699204959668737
82,8,2013-03-20 17:50:44,5,219,,,219,90151,5,4.5,0,2.56,0.1592,5.7,7,259.0,0,7082,1,0,1,0,1,0,,4.52,0,,,,,,,,,,,,,,,,,,,,,,,,,0,,0,3,2,,,2.0056154714895738,0.56939862337373,0.7312787783663479,0.47149662360727346,1.4533370688189886,0.4163432643499859
83,8,2013-03-20 17:50:44,5,219,,,219,119302,3,3.5,1,1.95,,4.76,24,93.0,0,7082,1,0,1,0,1,0,,1.16,0,,,,0.0,0.0,,0.0,0.0,,,,,,,,,,,,,,0.0,1.0,,0,,0,3,2,,,-0.048917450524135764,-0.4270489675302972,0.11579381444565698,,-1.0836349000858656,-1.366252653886362
84,8,2013-03-20 17:50:44,5,219,,,219,125655,3,4.0,1,3.0,0.2427,4.97,9,149.0,0,7082,1,0,1,0,1,0,,4.26,0,,,,0.0,0.0,,0.0,0.0,,,,,0.0,0.0,,,,,,,,0.0,0.0,,0,,0,3,2,,,-0.048917450524135764,0.07117482792171642,1.1752351457845511,1.5537262583940445,-0.22778893467217987,0.2784042944864591
85,8,2013-03-20 17:50:44,5,219,,,219,134607,3,4.5,1,1.79,0.0434,4.99,8,189.0,0,7082,1,0,1,0,1,0,,1.61,0,,,,-1.0,0.0,5.0,0.0,0.0,,,,,0.0,0.0,5.0,,,,,,,0.0,0.0,,0,,0,3,2,,,-0.048917450524135764,0.56939862337373,-0.04564486461550775,-1.0293679477497097,0.38352961205188135,-1.1275121291225654
86,11,2013-02-25 08:39:33,5,219,,,219,6492,2,4.0,1,2.3,,3.91,36,47.0,0,12610,1,39,2,0,1,1,,284.56,1,,,,1.0,0.0,12.0,0.0,0.0,,,,,,,,,,,,,,1.0,0.0,12.0,0,,0,2,1,,,-1.4448625786099392,0.015716030811787934,1.0959366486651152,,-1.3092151895297195,0.1996246751993604
87,11,2013-02-25 08:39:33,5,219,,,219,8946,3,4.5,1,1.95,,5.17,19,84.0,0,12610,1,39,2,0,1,1,,288.12,1,,,,0.0,1.0,,0.0,0.0,,,,,1.0,0.0,20.0,,,,,,,0.0,0.0,,0,,0,2,1,,,0.38900146347190623,0.5343450476007903,0.5368346923010657,,0.2610713983050425,1.0570984171526068
88,11,2013-02-25 08:39:33,5,219,,,219,9952,2,3.0,1,1.61,,4.1,14,50.0,0,12610,1,39,2,0,1,1,,275.55,1,,,,,,,,,,,,,,,,,,,,,,,,,0,,0,2,1,,,-1.4448625786099392,-1.0215420027662168,-0.0062929224525823295,,-1.181894655380955,-1.970554654856465
89,11,2013-02-25 08:39:33,5,219,,,219,19470,2,3.5,1,1.39,,4.37,9,60.0,0,12610,1,39,2,0,1,1,,275.42,1,,,,,,,,,,,,,,,,,,,,,,,,,0,,0,2,1,,,-1.4448625786099392,-0.5029129859772143,-0.3577284378814139,,-0.7574928748850734,-2.001866898242397
90,11,2013-02-25 08:39:33,5,219,,,219,20499,2,3.5,1,2.2,,4.11,31,45.0,0,12610,1,39,2,0,1,1,,284.67,1,,,,0.0,0.0,,0.0,0.0,,,,,,,,,,,,,,0.0,0.0,,1,,0,2,1,,,-1.4448625786099392,-0.5029129859772143,0.9361932325611017,,-1.394095545628896,0.22611965037207632
91,11,2013-02-25 08:39:33,5,219,,,219,24526,3,4.0,1,0.69,0.1099,4.94,2,119.0,0,12610,1,39,2,0,1,1,,278.73,1,,,,0.0,0.0,,0.0,0.0,,,,,0.0,0.0,,,,,,,,0.0,0.0,,0,,0,2,1,,,0.38900146347190623,0.015716030811787934,-1.4759323506095132,-0.9061456631282772,1.7464776300406282,-1.2046090089544066
92,11,2013-02-25 08:39:33,5,219,,,219,26421,3,5.0,1,2.08,,5.07,25,89.0,0,12610,1,39,2,0,1,1,,287.79,1,,,,,1.0,,0.0,0.0,,,,,0.0,0.0,,,,,,,,0.0,0.0,,0,,0,2,1,,,0.38900146347190623,1.0529740643897925,0.7445011332362844,,0.4732722885529833,0.9776134916344728
93,11,2013-02-25 08:39:33,5,219,,,219,27675,3,4.5,1,1.1,0.1626,4.7,7,85.0,0,12610,1,39,2,0,1,1,,279.74,1,,,,0.0,0.0,,0.0,0.0,,,,,,,,,,,,,,0.0,0.0,,0,,0,2,1,,,0.38900146347190623,0.5343450476007903,-0.8209843445830548,-0.12200976088098331,0.30351157635463066,-0.9613369641867744
94,11,2013-02-25 08:39:33,5,219,,,219,28364,3,4.5,1,1.61,0.2046,4.73,3,79.0,0,12610,1,39,2,0,1,1,,280.57,1,,,,0.0,0.0,,0.0,0.0,,,,,0.0,0.0,,,,,,,,0.0,0.0,,0,,0,2,1,,,0.38900146347190623,0.5343450476007903,-0.0062929224525823295,0.5029182826557597,0.048870508057101705,-0.7614203333381281
95,11,2013-02-25 08:39:33,5,219,,,219,33980,3,5.0,1,1.1,,5.03,13,98.0,0,12610,1,39,2,0,1,1,,283.87,1,,,,,1.0,,0.0,0.0,,,,,0.0,0.0,,,,,,,,0.0,0.0,,0,,0,2,1,,,0.38900146347190623,1.0529740643897925,-0.8209843445830548,,0.8552338909992768,0.03342892184325427
96,11,2013-02-25 08:39:33,5,219,,,219,35021,3,4.0,1,2.08,,4.99,26,153.0,0,12610,1,39,2,0,1,1,,287.83,1,,,,0.0,0.0,,,,,,,,,,,,,,,,,0.0,0.0,,0,,0,2,1,,,0.38900146347190623,0.015716030811787934,0.7445011332362844,,3.189443683726626,0.987248028060905
97,11,2013-02-25 08:39:33,5,219,,,219,38443,3,4.0,1,2.4,,4.58,18,60.0,0,12610,1,39,2,0,1,1,,284.42,1,,,,-1.0,0.0,10.0,-1.0,1.0,10.0,,,,,,,,,,,,,-1.0,0.0,10.0,0,,0,2,1,,,0.38900146347190623,0.015716030811787934,1.2556800647691295,,-0.7574928748850734,0.1659037977068203
98,11,2013-02-25 08:39:33,5,219,,,219,47116,3,4.5,1,2.08,,4.95,22,84.0,0,12610,1,39,2,0,1,1,,287.82,1,,,,0.0,0.0,11.0,0.0,0.0,11.0,,,,,,,,,,,,,0.0,0.0,11.0,0,,0,2,1,,,0.38900146347190623,0.5343450476007903,0.7445011332362844,,0.2610713983050425,0.9848393939542969
99,11,2013-02-25 08:39:33,5,219,,,219,59898,3,0.0,1,2.08,,4.84,32,76.0,0,12610,1,39,2,0,1,1,,288.1,1,,,,,,,0.0,0.0,,,,,,,,,,,,,,0.0,0.0,,0,,0,2,1,,,0.38900146347190623,-4.13331610350023,0.7445011332362844,,-0.07845002609166278,1.0522811489393908
100,11,2013-02-25 08:39:33,5,219,,,219,63095,2,3.5,1,1.61,,4.92,33,65.0,0,12610,1,39,2,0,1,1,,287.66,1,,,,0.0,0.0,,0.0,0.0,,,,,0.0,0.0,,,,,,,,0.0,0.0,,0,,0,2,1,,,-1.4448625786099392,-0.5029129859772143,-0.0062929224525823295,,-0.5452919846371326,0.9463012482485407
101,11,2013-02-25 08:39:33,5,219,,,219,69993,2,2.5,1,2.2,,4.22,27,34.0,0,12610,1,39,2,0,1,1,,284.47,1,,,,0.0,-1.0,,0.0,-1.0,,,,,1.0,-1.0,17.0,,,,,,,0.0,-1.0,,0,,0,2,1,,,-1.4448625786099392,-1.540171019555219,0.9361932325611017,,-1.8609375041743657,0.17794696823987424
102,11,2013-02-25 08:39:33,5,219,,,219,73511,3,5.0,1,0.0,,4.91,29,75.0,0,12610,1,39,2,0,1,1,,287.02,1,,,,0.0,1.0,,0.0,0.0,,,,,0.0,0.0,,,,,,,,0.0,0.0,,0,,0,2,1,,,0.38900146347190623,1.0529740643897925,-2.578161921727211,,-0.12089020414125094,0.7921486654254748
103,11,2013-02-25 08:39:33,5,219,,,219,74499,3,4.5,1,0.69,0.1555,4.68,8,74.0,0,12610,1,39,2,0,1,1,,279.07,1,,,,,,,1.0,0.0,20.0,,,,1.0,0.0,20.0,,,,,,,1.0,0.0,20.0,0,,0,2,1,,,0.38900146347190623,0.5343450476007903,-1.4759323506095132,-0.2276523587169564,-0.16333038219083912,-1.1227154493296643
104,11,2013-02-25 08:39:33,5,219,,,219,75743,3,4.5,1,0.0,,4.88,24,93.0,0,12610,1,39,2,0,1,1,,276.98,1,,,,,,,,,,,,,,,,,,,,,,,,,0,,0,2,1,,,0.38900146347190623,0.5343450476007903,-2.578161921727211,,0.643033000751336,-1.6261199776111988
105,11,2013-02-25 08:39:33,5,219,,,219,78768,3,5.0,1,2.08,,4.95,12,93.0,0,12610,1,39,2,0,1,1,,287.89,1,,,,,,,-1.0,0.0,9.0,,,,-1.0,0.0,9.0,,,,,,,-1.0,0.0,9.0,0,,0,2,1,,,0.38900146347190623,1.0529740643897925,0.7445011332362844,,0.643033000751336,1.0016998327005668
106,11,2013-02-25 08:39:33,5,219,,,219,80764,2,3.5,1,1.79,,3.87,21,60.0,0,12610,1,39,2,0,1,1,,283.89,1,,,,0.0,0.0,,,1.0,,,,,,,,,,,,,,-1.0,0.0,10.0,0,,0,2,1,,,-1.4448625786099392,-0.5029129859772143,0.2812452265346431,,-0.7574928748850734,0.03824619005647037
107,11,2013-02-25 08:39:33,5,219,,,219,83769,4,4.5,1,2.08,,5.24,37,123.0,0,12610,1,39,2,0,1,1,,288.09,1,,,,,1.0,,0.0,0.0,,,,,0.0,0.0,,,,,,,,-1.0,0.0,7.0,0,,0,2,1,,,2.2228655055537514,0.5343450476007903,0.7445011332362844,,1.9162383422389808,1.049872514832769
108,11,2013-02-25 08:39:33,5,219,,,219,85264,2,3.0,1,1.95,,4.31,30,70.0,0,12610,1,39,2,0,1,1,,285.8,1,,,,0.0,0.0,,0.0,0.0,,,,,,,,,,,,,,0.0,0.0,,0,,0,2,1,,,-1.4448625786099392,-1.0215420027662168,0.5368346923010657,,-0.33309109438919177,0.4982953044190325
109,11,2013-02-25 08:39:33,5,219,,,219,86294,2,3.0,1,2.2,,4.01,28,51.0,0,12610,1,39,2,0,1,1,,284.72,1,,,,0.0,0.0,,0.0,0.0,,,,,,,,,,,,,,0.0,0.0,,0,,0,2,1,,,-1.4448625786099392,-1.0215420027662168,0.9361932325611017,,-1.1394544773313668,0.23816282090513027
110,11,2013-02-25 08:39:33,5,219,,,219,93949,3,4.0,0,1.61,,4.64,35,74.0,0,12610,1,39,2,0,1,1,,287.04,1,,,,0.0,0.0,3.0,0.0,0.0,3.0,,,,,,,,,,,,,-1.0,0.0,10.0,0,,0,2,1,,,0.38900146347190623,0.015716030811787934,-0.0062929224525823295,,-0.16333038219083912,0.7969659336387046
111,11,2013-02-25 08:39:33,5,219,,,219,95615,3,4.5,0,1.39,0.0702,4.64,6,80.0,0,12610,1,39,2,0,1,1,,280.76,1,,,,0.0,0.0,,0.0,0.0,,,,,0.0,0.0,,,,,,,,0.0,0.0,,0,,0,2,1,,,0.38900146347190623,0.5343450476007903,-0.3577284378814139,-1.4968514566618174,0.09131068610668987,-0.7156562853125341
112,11,2013-02-25 08:39:33,5,219,,,219,100969,4,4.5,0,1.39,,4.98,16,89.0,1,12610,1,39,2,0,1,1,,287.77,1,,,,1.0,0.0,25.0,0.0,0.0,,,,,,,,,,,,,,1.0,0.0,25.0,0,,0,2,1,,,2.2228655055537514,0.5343450476007903,-0.3577284378814139,,0.4732722885529833,0.972796223421243
113,11,2013-02-25 08:39:33,5,219,,,219,102705,3,5.0,1,1.39,0.2323,4.86,4,87.0,0,12610,1,39,2,0,1,1,,280.41,1,,,,,1.0,,0.0,0.0,,,,,1.0,0.0,9.0,,,,,,,0.0,0.0,,0,,0,2,1,,,0.38900146347190623,1.0529740643897925,-0.3577284378814139,0.9150732066073733,0.388391932453807,-0.7999584790438843
114,11,2013-02-25 08:39:33,5,219,,,219,114096,3,4.0,1,1.61,,4.98,34,62.0,0,12610,1,39,2,0,1,1,,288.2,1,,,,0.0,0.0,,0.0,0.0,,,,,1.0,0.0,107.0,,,,,,,0.0,0.0,,0,,0,2,1,,,0.38900146347190623,0.015716030811787934,-0.0062929224525823295,,-0.6726125187858971,1.076367490005485
115,11,2013-02-25 08:39:33,5,219,,,219,122888,3,4.5,1,1.1,0.2605,4.89,1,71.0,0,12610,1,39,2,0,1,1,,281.08,1,,,,0.0,1.0,,0.0,0.0,,,,,0.0,0.0,,,,,,,,0.0,0.0,,0,,0,2,1,,,0.38900146347190623,0.5343450476007903,-0.8209843445830548,1.3346677501249007,-0.2906509163396036,-0.6385799939010081
116,11,2013-02-25 08:39:33,5,219,,,219,124104,3,4.0,1,1.1,,4.64,10,85.0,0,12610,1,39,2,0,1,1,,275.81,1,,,,,,,,,,,,,,,,,,,,,,,,,0,,0,2,1,,,0.38900146347190623,0.015716030811787934,-0.8209843445830548,,0.30351157635463066,-1.9079301680846008
117,11,2013-02-25 08:39:33,5,219,,,219,134563,3,4.0,1,2.2,,4.73,20,73.0,0,12610,1,39,2,0,1,1,,284.5,1,,,,0.0,0.0,,0.0,0.0,,,,,0.0,0.0,,,,,,,,0.0,0.0,,0,,0,2,1,,,0.38900146347190623,0.015716030811787934,0.9361932325611017,,-0.20577056024042728,0.1851728705596984
118,11,2013-02-25 08:39:33,5,219,,,219,136184,3,4.0,0,2.2,,4.59,15,81.0,0,12610,1,39,2,0,1,1,,284.78,1,,,,0.0,0.0,,0.0,0.0,,,,,,,,,,,,,,0.0,0.0,,0,,0,2,1,,,0.38900146347190623,0.015716030811787934,0.9361932325611017,,0.13375086415627802,0.2526146255447786
119,12,2013-03-15 14:55:16,5,219,,,158,7814,3,3.5,0,0.0,0.0476,4.46,25,43.0,1,26648,2,21,3,0,1,1,,9270.55,1,,,,,,,,,,,,,0.0,0.0,,,,,,,,,,,0,,0,3,2,,,-0.7724908562393386,0.3318741790095074,-2.7144300218642208,-0.7073792865389266,-0.5165796742613262,-2.9019346967646045
120,12,2013-03-15 14:55:16,5,219,,,158,10881,3,3.0,0,3.14,,4.46,28,44.0,0,26648,2,21,3,0,1,1,,9285.88,1,,,,,,,,,,,,,1.0,0.0,16.0,,,,,,,,,,0,,0,3,2,,,-0.7724908562393386,0.011443937207224354,0.6094235647973715,,-0.49585728045141625,0.4849445496305563
121,12,2013-03-15 14:55:16,5,219,,,158,12510,4,0.0,0,1.1,,4.41,24,51.0,0,26648,2,21,3,0,1,1,,9288.15,1,,,,,,,,,,,,,,,,,,,,,,,,,0,,0,3,2,,,0.4998470246254542,-1.9111375136064739,-1.5500227144350005,,-0.35080052378204674,0.9864589585880599
122,12,2013-03-15 14:55:16,5,219,,,158,17122,4,3.5,0,2.64,,4.22,13,53.0,0,26648,2,21,3,0,1,1,,9278.6,1,,,,,,,,,,,,,,,,,,,,,,,,,0,,0,3,2,,,0.4998470246254542,0.3318741790095074,0.08014751596590773,,-0.3093557361622269,-1.1234364623559372
123,12,2013-03-15 14:55:16,5,219,,,158,18012,5,4.5,0,3.22,0.1909,5.66,18,221.0,0,26648,2,21,3,0,1,1,,9286.02,1,,,,,,,,,,,,,0.0,0.0,,,,,,,,,,,0,,0,3,2,,,1.772184905490247,0.9727346626140735,0.6941077326104057,0.2131865701388071,3.1720064239026415,0.5158749537074978
124,12,2013-03-15 14:55:16,5,219,,,158,29081,3,0.0,0,3.3,,4.41,3,37.0,0,26648,2,21,3,0,1,1,,9286.32,1,,,,,,,,,,,,,,,,,,,,,,,,,0,,0,3,2,,,-0.7724908562393386,-1.9111375136064739,0.7787919004234395,,-0.6409140371207858,0.5821543910144834
125,12,2013-03-15 14:55:16,5,219,,,158,43250,3,0.0,1,3.3,,4.46,14,40.0,0,26648,2,21,3,0,1,1,,9286.38,1,,,,,,,,,,,,,1.0,0.0,39.0,,,,,,,,,,0,,0,3,2,,,-0.7724908562393386,-1.9111375136064739,0.7787919004234395,,-0.578746855691056,0.5954102784758001
126,12,2013-03-15 14:55:16,5,219,,,158,45722,3,4.0,0,3.26,,4.46,4,29.0,1,26648,2,21,3,0,1,1,,9286.44,1,,,,,,,,,,,,,1.0,0.0,56.0,,,,,,,,,,0,,0,3,2,,,-0.7724908562393386,0.6523044208117904,0.7364498165169223,,-0.8066931876000653,0.6086661659375188
127,12,2013-03-15 14:55:16,5,219,,,158,47902,3,3.5,0,3.26,,4.46,22,49.0,0,26648,2,21,3,0,1,1,,9286.15,1,,,,,,,,,,,,,,1.0,,,,,,,,,,,0,,0,3,2,,,-0.7724908562393386,0.3318741790095074,0.7364498165169223,,-0.39224531140186664,0.5445960432070844
128,12,2013-03-15 14:55:16,5,219,,,158,55331,5,4.5,0,2.3,,5.62,15,138.0,1,26648,2,21,3,0,1,1,,9288.85,1,,,,,,,,,,,,,0.0,0.0,,,,,,,,,,,0,,0,3,2,,,1.772184905490247,0.9727346626140735,-0.2797601972394879,,1.4520477376801173,1.1411109789715619
129,12,2013-03-15 14:55:16,5,219,,,158,59368,3,2.0,0,3.18,,4.46,26,35.0,0,26648,2,21,3,0,1,1,,9286.5,1,,,,,,,,,,,,,1.0,0.0,5.0,,,,,,,,,,0,,0,3,2,,,-0.7724908562393386,-0.6294165463973417,0.6517656487038885,,-0.6823588247406056,0.6219220533988354
130,12,2013-03-15 14:55:16,5,219,,,158,73964,3,2.0,0,3.09,0.1419,4.58,32,29.0,1,26648,2,21,3,0,1,1,,9285.73,1,,,,,,,,,,,,,,1.0,,,,,,,,,,,0,,0,3,2,,,-0.7724908562393386,-0.6294165463973417,0.5564959599142247,-0.10159170604548419,-0.8066931876000653,0.4518048309770635
131,12,2013-03-15 14:55:16,5,219,,,158,82017,4,3.5,0,2.64,,4.22,19,93.0,0,26648,2,21,3,0,1,1,,9278.98,1,,,,,,,,,,,,,,,,,,,,,,,,,0,,0,3,2,,,0.4998470246254542,0.3318741790095074,0.08014751596590773,,0.5195400162341703,-1.0394825084337287
132,12,2013-03-15 14:55:16,5,219,,,158,83229,5,4.5,1,2.64,0.1429,4.12,7,147.0,1,26648,2,21,3,0,1,1,,9278.98,1,,,,,,,,,,,,,,,,,,,,,,,,,0,,0,3,2,,,1.772184905490247,0.9727346626140735,0.08014751596590773,-0.09516765959274355,1.6385492819693068,-1.0394825084337287
133,12,2013-03-15 14:55:16,5,219,,,158,84441,3,4.0,0,2.64,0.0476,3.75,9,41.0,1,26648,2,21,3,0,1,1,,9278.89,1,,,,,,,,,,,,,,,,,,,,,,,,,0,,0,3,2,,,-0.7724908562393386,0.6523044208117904,0.08014751596590773,-0.7073792865389266,-0.5580244618811461,-1.0593663396259048
134,12,2013-03-15 14:55:16,5,219,,,158,89698,3,4.0,0,2.71,,4.46,6,74.0,0,26648,2,21,3,0,1,1,,9287.12,1,,,,,,,,,,,,,1.0,0.0,12.0,,,,,,,,,,0,,0,3,2,,,-0.7724908562393386,0.6523044208117904,0.1542461628023125,,0.12581453384588168,0.7588995571671147
135,12,2013-03-15 14:55:16,5,219,,,158,92506,3,3.0,0,3.14,,4.46,29,35.0,0,26648,2,21,3,0,1,1,,9286.65,1,,,,,,,,,,,,,1.0,0.0,40.0,,,,,,,,,,0,,0,3,2,,,-0.7724908562393386,0.011443937207224354,0.6094235647973715,,-0.6823588247406056,0.6550617720523283
136,12,2013-03-15 14:55:16,5,219,,,158,93021,4,4.0,1,2.64,,4.22,8,66.0,1,26648,2,21,3,0,1,1,,9279.04,1,,,,,,,,,,,,,,,,,,,,,,,,,0,,0,3,2,,,0.4998470246254542,0.6523044208117904,0.08014751596590773,,-0.039964616633397766,-1.0262266209720101
137,12,2013-03-15 14:55:16,5,219,,,158,97754,3,3.0,0,3.26,,4.46,2,32.0,1,26648,2,21,3,0,1,1,,9286.45,1,,,,,,,,,,,,,1.0,0.0,6.0,,,,,,,,,,0,,0,3,2,,,-0.7724908562393386,0.011443937207224354,0.7364498165169223,,-0.7445260061703355,0.6108754805144718
138,12,2013-03-15 14:55:16,5,219,,,158,105912,3,3.0,0,2.64,,3.75,30,36.0,1,26648,2,21,3,0,1,1,,9278.72,1,,,,,,,,,,,,,,,,,,,,,,,,,0,,0,3,2,,,-0.7724908562393386,0.011443937207224354,0.08014751596590773,,-0.6616364309306957,-1.0969246874333036
139,12,2013-03-15 14:55:16,5,219,,,158,108971,4,0.0,0,0.69,,4.22,27,52.0,0,26648,2,21,3,0,1,1,,9277.19,1,,,,,,,,,,,,,,,,,,,,,,,,,0,,0,3,2,,,0.4998470246254542,-1.9111375136064739,-1.9840290744768008,,-0.3300781299721368,-1.4349498176994928
140,12,2013-03-15 14:55:16,5,219,,,158,111957,4,4.5,0,2.4,,4.41,10,87.0,0,26648,2,21,3,0,1,1,,9288.96,1,,,,,,,,,,,,,,,,,,,,,,,,,0,,0,3,2,,,0.4998470246254542,0.9727346626140735,-0.17390498747319508,,0.3952056533747108,1.1654134393172424
141,12,2013-03-15 14:55:16,5,219,,,158,113997,3,3.5,1,2.89,0.4855,4.4,21,58.0,1,26648,2,21,3,0,1,1,,9285.47,1,,,,,,,,,,,,,0.0,0.0,,,,,,,,,,,0,,0,3,2,,,-0.7724908562393386,0.3318741790095074,0.34478554038163955,2.1057106551161997,-0.20574376711267722,0.39436265197748843
142,12,2013-03-15 14:55:16,5,219,,,158,114662,4,4.0,0,2.71,,4.22,12,50.0,1,26648,2,21,3,0,1,1,,9278.91,1,,,,,,,,,,,,,,,,,,,,,,,,,0,,0,3,2,,,0.4998470246254542,0.6523044208117904,0.1542461628023125,,-0.37152291759195666,-1.0549477104719984
143,12,2013-03-15 14:55:16,5,219,,,158,117707,5,4.0,0,3.3,,5.09,16,106.0,1,26648,2,21,3,0,1,1,,9286.31,1,,,,,,,,,,,,,0.0,0.0,,,,,,,,,,,0,,0,3,2,,,1.772184905490247,0.6523044208117904,0.7787919004234395,,0.7889311357629996,0.5799450764375302
144,12,2013-03-15 14:55:16,5,219,,,158,121983,5,4.5,1,2.77,,5.38,31,174.0,1,26648,2,21,3,0,1,1,,9285.44,1,,,,,,,,,,,,,1.0,0.0,6.0,,,,,,,,,,0,,0,3,2,,,1.772184905490247,0.9727346626140735,0.21775928866208819,,2.198053914836875,0.387734708247031
145,12,2013-03-15 14:55:16,5,219,,,158,129310,3,3.5,0,0.0,0.0476,3.75,1,27.0,0,26648,2,21,3,0,1,1,,9283.62,1,,,,,,,,,,,,,,,,,,,,,,,,,1,,0,3,2,,,-0.7724908562393386,0.3318741790095074,-2.7144300218642208,-0.7073792865389266,-0.8481379752198851,-0.014360544749592355
146,12,2013-03-15 14:55:16,5,219,,,158,139181,3,0.0,0,2.94,,4.46,20,55.0,0,26648,2,21,3,0,1,1,,9286.88,1,,,,,,,,,,,,,,,,,,,,,,,,,0,,0,3,2,,,-0.7724908562393386,-1.9111375136064739,0.39771314526478574,,-0.26791094854240705,0.7058760073210439
147,17,2012-11-05 19:52:18,18,129,,,31,2196,4,4.5,0,6.83,0.7355,5.58,29,275.11,1,6285,4,194,4,1,2,1,,433.61,1,,,,,,,,,,,,,0.0,0.0,,1.0,0.0,3.0,1.0,0.0,3.0,,,,0,,0,4,4,,,0.9525009525014287,1.121149930044918,0.32507350148743275,0.485550244420653,0.824435600894131,-0.785690385385611
148,17,2012-11-05 19:52:18,18,129,,,31,3309,3,3.5,0,6.64,0.3716,4.66,2,150.99,0,6285,4,194,4,1,2,1,,434.25,1,,,,,,,,,,,,,,,,,,,0.0,0.0,,,,,0,,0,4,4,,,-1.016001016001524,-0.9232999423899325,-1.0523962278370131,-1.8455744746008949,-1.479651029605055,1.590543950900859
149,17,2012-11-05 19:52:18,18,129,,,31,11331,4,4.0,0,6.89,0.7774,5.17,6,305.82,0,6285,4,194,4,1,2,1,,433.88,1,,,,,,,,,,,,,0.0,0.0,,,,,,,,,,,0,,0,4,4,,,0.9525009525014287,0.09892499382749267,0.7600639423267277,0.7539594934643536,1.3945169771641113,0.21678347523519736
150,17,2012-11-05 19:52:18,18,129,,,31,17795,4,4.0,0,6.87,0.7659,5.5,25,271.27,1,6285,4,194,4,1,2,1,,433.97,1,,,,,,,,,,,,,,,,1.0,0.0,11.0,1.0,0.0,220.0,,,,0,,0,4,4,,,0.9525009525014287,0.09892499382749267,0.6150671287136316,0.6802910838222881,0.7531522246363406,0.5509414287756075
151,17,2012-11-05 19:52:18,18,129,,,31,21770,3,4.5,0,6.73,0.6478,5.12,14,168.91,0,6285,4,194,4,1,2,1,,433.46,1,,,,,,,,,,,,,1.0,0.0,10.0,,,,1.0,0.0,24.0,,,,0,,0,4,4,,,-1.016001016001524,1.121149930044918,-0.39991056657806096,-0.07625145345840645,-1.1469952737353692,-1.342620307952891
152,17,2012-11-05 19:52:18,18,129,,,31,23984,4,4.0,0,6.9,0.6856,5.33,10,327.58,0,6285,4,194,4,1,2,1,,433.82,1,,,,,,,,,,,,,-1.0,0.0,30.0,-1.0,0.0,30.0,1.0,0.0,148.0,,,,0,,0,4,4,,,0.9525009525014287,0.09892499382749267,0.8325623491332823,0.1658934060607317,1.7984561092915867,-0.005988493791672368
153,17,2012-11-05 19:52:18,18,129,,,31,28503,4,4.5,0,6.87,0.6705,5.55,21,203.45,0,6285,4,194,4,1,2,1,,434.08,1,,,,,,,,,,,,,0.0,0.0,,0.0,0.0,,0.0,0.0,,,,,0,,0,4,4,,,0.9525009525014287,1.121149930044918,0.6150671287136316,0.06916358122636683,-0.5058161549999369,0.9593567053246929
154,17,2012-11-05 19:52:18,18,129,,,31,35054,4,3.5,0,6.75,0.7072,5.52,22,310.94,0,6285,4,194,4,1,2,1,,433.56,1,,,,,,,,,,,,,0.0,0.0,,0.0,0.0,,0.0,0.0,,,,,0,,0,4,4,,,0.9525009525014287,-0.9232999423899325,-0.2549137529649648,0.3042618972145255,1.4895614788411644,-0.9713336929080375
155,17,2012-11-05 19:52:18,18,129,,,31,43549,3,4.0,0,6.89,0.7204,5.34,19,189.38,1,6285,4,194,4,1,2,1,,433.8,1,,,,,,,,,,,,,0.0,0.0,,,,,0.0,0.0,,,,,0,,0,4,4,,,-1.016001016001524,0.09892499382749267,0.7600639423267277,0.3888204195862881,-0.7670029008194948,-0.0802458168005586
156,17,2012-11-05 19:52:18,18,129,,,31,45379,3,4.0,0,6.7,0.6259,5.03,30,278.95,0,6285,4,194,4,1,2,1,,433.56,1,,,,,,,,,,,,,0.0,0.0,,,,,0.0,0.0,,,,,0,,0,4,4,,,-1.016001016001524,0.09892499382749267,-0.6174057869977116,-0.21654172921155831,0.8957189771519204,-0.9713336929080375
157,17,2012-11-05 19:52:18,18,129,,,31,56046,4,4.0,0,6.69,0.6168,5.0,9,229.05,0,6285,4,194,4,1,2,1,,433.43,1,,,,,,,,,,,,,0.0,0.0,,0.0,0.0,,,1.0,,,,,0,,0,4,4,,,0.9525009525014287,0.09892499382749267,-0.6899041938042597,-0.2748358620587583,-0.030593646614671004,-1.45400629246622
158,17,2012-11-05 19:52:18,18,129,,,31,58295,4,4.5,1,6.89,0.7829999999999999,5.67,4,323.74,0,6285,4,194,4,1,2,1,,433.88,1,,,,,,,,,,,,,-1.0,0.0,15.0,-1.0,0.0,15.0,,1.0,,,,,0,,0,4,4,,,0.9525009525014287,1.121149930044918,0.7600639423267277,0.7898328059857072,1.7271727330337974,0.21678347523519736
159,17,2012-11-05 19:52:18,18,129,,,31,66095,4,3.5,0,6.88,0.7731,5.23,26,235.44,1,6285,4,194,4,1,2,1,,433.96,1,,,,,,,,,,,,,,,,-1.0,0.0,9.0,,1.0,,,,,0,,0,4,4,,,0.9525009525014287,-0.9232999423899325,0.6875655355201796,0.7264139142068857,0.08802634668930713,0.5138127672709534
160,17,2012-11-05 19:52:18,18,129,,,31,66890,4,4.0,1,6.7,0.5063,5.31,35,255.92,1,6285,4,194,4,1,2,1,,434.23,1,,,,,,,,,,,,,0.0,0.0,,0.0,0.0,,0.0,0.0,,,,,0,,0,4,4,,,0.9525009525014287,0.09892499382749267,-0.6174057869977116,-0.9826931894890444,0.46820435339751937,1.5162866278919727
161,17,2012-11-05 19:52:18,18,129,,,31,73557,3,4.0,0,6.79,0.7462,5.15,7,174.02,0,6285,4,194,4,1,2,1,,433.67,1,,,,,,,,,,,,,0.0,0.0,,,,,-1.0,0.0,5.0,,,,0,,0,4,4,,,-1.016001016001524,0.09892499382749267,0.03507987426123398,0.5540938951310965,-1.052136405850654,-0.5629184163587412
162,17,2012-11-05 19:52:18,18,129,,,31,73790,3,4.0,0,6.69,0.6081,5.15,34,197.06,0,6285,4,194,4,1,2,1,,433.42,1,,,,,,,,,,,,,0.0,0.0,,1.0,0.0,16.0,,,,,,,0,,0,4,4,,,-1.016001016001524,0.09892499382749267,-0.6899041938042597,-0.33056761544014757,-0.6244361483039151,-1.4911349539706633
163,17,2012-11-05 19:52:18,18,129,,,31,78834,3,4.5,0,6.91,0.6483,5.58,12,299.42,0,6285,4,194,4,1,2,1,,433.81,1,,,,,,,,,,,,,-1.0,0.0,18.0,-1.0,0.0,18.0,-1.0,0.0,18.0,,,,0,,0,4,4,,,-1.016001016001524,1.121149930044918,0.9050607559398304,-0.07304847912614307,1.2757113500677952,-0.043117155296115484
164,17,2012-11-05 19:52:18,18,129,,,31,82886,4,4.5,0,6.9,0.7496,5.34,3,202.18,1,6285,4,194,4,1,2,1,,433.88,1,,,,,,,,,,,,,0.0,0.0,,0.0,0.0,,0.0,0.0,,,,,0,,0,4,4,,,0.9525009525014287,1.121149930044918,0.8325623491332823,0.5758741205904904,-0.5293916466268619,0.21678347523519736
165,17,2012-11-05 19:52:18,18,129,,,31,83594,3,4.0,0,6.76,0.7088,5.1,33,179.14,0,6285,4,194,4,1,2,1,,433.61,1,,,,,,,,,,,,,1.0,0.0,4.0,,1.0,,1.0,0.0,3.0,,,,0,,0,4,4,,,-1.016001016001524,0.09892499382749267,-0.18241534615841673,0.3145114150777691,-0.9570919041736012,-0.785690385385611
166,17,2012-11-05 19:52:18,18,129,,,31,84999,3,4.5,0,6.8,0.767,5.15,20,243.12,0,6285,4,194,4,1,2,1,,433.66,1,,,,,,,,,,,,,,,,,,,,,,,,,0,,0,4,4,,,-1.016001016001524,1.121149930044918,0.10757828106778207,0.6873376273532682,0.23059309920488694,-0.6000470778631843
167,17,2012-11-05 19:52:18,18,129,,,31,85819,3,3.0,0,6.35,0.1618,5.06,15,138.2,0,6285,4,194,4,1,2,1,,434.43,1,,,,,,,,,,,,,0.0,0.0,,,,,,,,,,,0,,0,4,4,,,-1.016001016001524,-1.9455248786073578,-3.1548500252269527,-3.1895425044187586,-1.71707665000535,2.2588598579814683
168,17,2012-11-05 19:52:18,18,129,,,31,87596,3,2.5,0,6.91,0.727,5.07,28,182.98,0,6285,4,194,4,1,2,1,,433.87,1,,,,,,,,,,,,,,,,,,,,,,,,,1,,0,4,4,,,-1.016001016001524,-2.967749814824783,0.9050607559398304,0.43109968077216904,-0.8858085279158113,0.17965481373075426
169,17,2012-11-05 19:52:18,18,129,,,31,90634,4,4.0,0,6.4,0.1864,5.54,1,185.54,1,6285,4,194,4,1,2,1,,434.46,1,,,,,,,,,,,,,0.0,0.0,,0.0,0.0,,0.0,0.0,,,,,0,,0,4,4,,,0.9525009525014287,0.09892499382749267,-2.7923579911941996,-3.031956167271383,-0.8382862770772848,2.3702458424947976
170,17,2012-11-05 19:52:18,18,129,,,31,91671,3,4.0,0,6.74,0.7005,5.14,8,225.21,0,6285,4,194,4,1,2,1,,433.54,1,,,,,,,,,,,,,0.0,0.0,,,,,,,,,,,0,,0,4,4,,,-1.016001016001524,0.09892499382749267,-0.3274121597715129,0.2613420411621912,-0.10187702287246089,-1.0455910159169237
171,17,2012-11-05 19:52:18,18,129,,,31,101782,4,4.0,0,6.9,0.7543,5.7,32,231.61,1,6285,4,194,4,1,2,1,,433.87,1,,,,,,,,,,,,,0.0,0.0,,0.0,0.0,,0.0,0.0,,,,,0,,0,4,4,,,0.9525009525014287,0.09892499382749267,0.8325623491332823,0.605982079313769,0.016928604223855594,0.17965481373075426
172,17,2012-11-05 19:52:18,18,129,,,31,104381,4,4.0,0,6.74,0.6728,5.3,24,262.32,0,6285,4,194,4,1,2,1,,433.67,1,,,,,,,,,,,,,0.0,0.0,,0.0,0.0,,,,,,,,0,,0,4,4,,,0.9525009525014287,0.09892499382749267,-0.3274121597715129,0.08389726315477981,0.5870099804938359,-0.5629184163587412
173,17,2012-11-05 19:52:18,18,129,,,31,114872,4,4.5,0,6.82,0.7505,5.73,18,225.21,0,6285,4,194,4,1,2,1,,433.61,1,,,,,,,,,,,,,,,,,,,,,,,,,0,,0,4,4,,,0.9525009525014287,1.121149930044918,0.2525750946808847,0.5816394743885644,-0.10187702287246089,-0.785690385385611
174,17,2012-11-05 19:52:18,18,129,,,31,116414,3,3.0,0,6.89,0.7614,5.22,13,165.07,0,6285,4,194,4,1,2,1,,433.92,1,,,,,,,,,,,,,0.0,0.0,,,,,,,,,,,0,,0,4,4,,,-1.016001016001524,-1.9455248786073578,0.7600639423267277,0.651464314831914,-1.2182786499931593,0.3652981212531809
175,17,2012-11-05 19:52:18,18,129,,,31,119357,3,4.0,0,6.88,0.7592,5.04,27,190.66,0,6285,4,194,4,1,2,1,,433.98,1,,,,,,,,,,,,,0.0,0.0,,1.0,0.0,3.0,1.0,1.0,7.0,,,,0,,0,4,4,,,-1.016001016001524,0.09892499382749267,0.6875655355201796,0.6373712277699537,-0.7432417754002316,0.5880700902800506
176,17,2012-11-05 19:52:18,18,129,,,31,122245,3,3.5,0,6.72,0.6225,5.12,16,221.37,0,6285,4,194,4,1,2,1,,433.69,1,,,,,,,,,,,,,-1.0,0.0,4.0,,,,,,,,,,0,,0,4,4,,,-1.016001016001524,-0.9232999423899325,-0.4724089733846155,-0.23832195467095146,-0.1731603991302508,-0.48866109334985497
177,17,2012-11-05 19:52:18,18,129,,,31,136312,4,4.0,0,6.91,0.7394,5.49,31,301.98,0,6285,4,194,4,1,2,1,,433.89,1,,,,,,,,,,,,,0.0,0.0,,0.0,0.0,,0.0,0.0,,,,,0,,0,4,4,,,0.9525009525014287,0.09892499382749267,0.9050607559398304,0.5105334442123095,1.323233600906322,0.25391213673964047
178,25,2012-12-11 13:03:42,5,219,,,219,2863,3,4.0,1,1.95,0.027000000000000003,4.51,1,68.0,0,3735,1,0,2,0,1,0,,766.18,0,,,,0.0,0.0,,0.0,0.0,,,,,0.0,0.0,,,,,,,,0.0,0.0,,0,,0,3,1,,,0.11883518220446121,0.2704321917602897,-0.24010673783049358,-0.4637493699244294,0.12320624581497157,-0.17252060181589773
179,25,2012-12-11 13:03:42,5,219,,,219,12255,2,4.5,1,2.4,0.0078,4.75,13,78.0,0,3735,1,0,2,0,1,0,,766.53,0,,,,0.0,0.0,,0.0,0.0,,,,,,,,,,,,,,0.0,0.0,,0,,0,3,1,,,-1.1883518220446134,1.2620168948813528,0.3601601067457405,-0.6253737461690091,0.44334845934993744,0.05391268806730256
180,25,2012-12-11 13:03:42,5,219,,,219,20707,4,4.0,0,2.2,0.08900000000000001,4.87,2,48.0,1,3735,1,0,2,0,1,0,,767.4,0,,,,,,,,,,,,,,,,,,,,,,,,,0,,0,3,1,,,1.4260221864535358,0.2704321917602897,0.0933748424896368,0.05816267836535918,-0.5170781812549602,0.616761151491224
181,25,2012-12-11 13:03:42,5,219,,,219,22710,3,3.5,0,2.2,0.1054,4.4,10,47.0,1,3735,1,0,2,0,1,0,,766.48,0,,,,0.0,0.0,,0.0,0.0,,,,,1.0,0.0,17.0,,,,,,,0.0,0.0,,0,,0,3,1,,,0.11883518220446121,-0.7211525113607734,0.0933748424896368,0.19621683307427085,-0.5490924026084567,0.021565075226876892
182,25,2012-12-11 13:03:42,5,219,,,219,23228,4,4.0,0,3.26,0.3676,4.44,22,42.0,1,3735,1,0,2,0,1,0,,767.86,0,,,,0.0,0.0,,0.0,0.0,,,,,0.0,0.0,,,,,,,,0.0,0.0,,1,47.1,1,3,1,,,1.4260221864535358,0.2704321917602897,1.507336743046988,2.403399721164312,-0.7091635093759396,0.9143591896234343
183,25,2012-12-11 13:03:42,5,219,,,219,30829,2,3.5,1,1.39,0.0034,4.22,29,55.0,0,3735,1,0,2,0,1,0,,767.03,0,,,,0.0,0.0,,0.0,0.0,,,,,,,,,,,,,,0.0,0.0,,0,,0,3,1,,,-1.1883518220446134,-0.7211525113607734,-0.9871054777475851,-0.6624126657250585,-0.29297863178048406,0.3773888164718534
184,25,2012-12-11 13:03:42,5,219,,,219,50684,3,3.5,1,1.61,0.0014,4.85,30,110.0,0,3735,1,0,2,0,1,0,,764.04,0,,,,0.0,0.0,,-1.0,0.0,7.0,,,,0.0,0.0,,,,,,,,0.0,0.0,,0,,0,3,1,,,0.11883518220446121,-0.7211525113607734,-0.6936416870658704,-0.6792485382505357,1.467803542661828,-1.5569984313873666
185,25,2012-12-11 13:03:42,5,219,,,219,53298,2,3.5,0,3.14,0.0655,4.54,24,53.0,1,3735,1,0,2,0,1,0,,767.92,0,,,,0.0,0.0,,0.0,0.0,,,,,,,,,,,,,,0.0,0.0,,0,,0,3,1,,,-1.1883518220446134,-0.7211525113607734,1.347265584493326,-0.1396588238089962,-0.3570070744874772,0.953176325031945
186,25,2012-12-11 13:03:42,5,219,,,219,54036,3,4.5,1,1.79,0.005,4.87,35,109.0,0,3735,1,0,2,0,1,0,,765.87,0,,,,,,,0.0,0.0,,,,,0.0,0.0,,,,,,,,0.0,0.0,,0,,0,3,1,,,0.11883518220446121,1.2620168948813528,-0.45353494923537674,-0.6489439677046769,1.4357893213083315,-0.37307580142668395
187,25,2012-12-11 13:03:42,5,219,,,219,54226,4,4.0,0,1.79,0.0559,4.76,4,45.0,0,3735,1,0,2,0,1,0,,767.26,0,,,,0.0,0.0,,0.0,0.0,,,,,0.0,0.0,,,,,,,,0.0,0.0,,0,,0,3,1,,,1.4260221864535358,0.2704321917602897,-0.45353494923537674,-0.22047101193128607,-0.6131208453154499,0.5261878355379586
188,25,2012-12-11 13:03:42,5,219,,,219,56370,2,3.5,1,1.39,0.0034,4.32,28,65.0,0,3735,1,0,2,0,1,0,,767.02,0,,,,1.0,0.0,7.0,1.0,0.0,7.0,,,,,,,,,,,,,1.0,0.0,7.0,0,,0,3,1,,,-1.1883518220446134,-0.7211525113607734,-0.9871054777475851,-0.6624126657250585,0.027163581754481813,0.37091929390376827
189,25,2012-12-11 13:03:42,5,219,,,219,61189,3,4.0,0,1.39,0.0148,4.21,27,40.0,0,3735,1,0,2,0,1,0,,763.54,0,,,,0.0,0.0,,0.0,0.0,,,,,0.0,0.0,,,,,,,,0.0,0.0,,0,,0,3,1,,,0.11883518220446121,0.2704321917602897,-0.9871054777475851,-0.5664481923298395,-0.7731919520829328,-1.8804745597919172
190,25,2012-12-11 13:03:42,5,219,,,219,61885,3,3.5,1,1.79,0.0061,5.72,36,139.0,0,3735,1,0,2,0,1,0,,766.02,0,,,,0.0,0.0,,0.0,0.0,,,,,0.0,0.0,,,,,,,,0.0,0.0,,0,,0,3,1,,,0.11883518220446121,-0.7211525113607734,-0.45353494923537674,-0.6396842378156646,2.3962159619132293,-0.2760329629053334
191,25,2012-12-11 13:03:42,5,219,,,219,63731,3,5.0,1,0.69,0.0005,5.27,33,119.0,0,3735,1,0,2,0,1,0,,761.97,0,,,,0.0,0.0,,0.0,0.0,,,,,-1.0,0.0,16.0,,,,,,,-1.0,0.0,16.0,0,,0,3,1,,,0.11883518220446121,2.253601598002416,-1.9208539026439493,-0.6868246808870003,1.7559315348432973,-2.8961896029821657
192,25,2012-12-11 13:03:42,5,219,,,219,65623,3,4.0,1,2.3,0.0153,4.92,9,110.0,0,3735,1,0,2,0,1,0,,766.33,0,,,,0.0,0.0,,-1.0,0.0,4.0,,,,0.0,0.0,,,,,,,,0.0,0.0,,0,,0,3,1,,,0.11883518220446121,0.2704321917602897,0.22676747461768837,-0.5622392241984702,1.467803542661828,-0.07547776329447364
193,25,2012-12-11 13:03:42,5,219,,,219,66171,3,4.0,1,2.08,0.0181,4.41,6,65.0,0,3735,1,0,2,0,1,0,,766.33,0,,,,0.0,0.0,,-1.0,0.0,4.0,,,,,,,,,,,,,0.0,0.0,,0,,0,3,1,,,0.11883518220446121,0.2704321917602897,-0.06669631606402578,-0.5386690026628023,0.027163581754481813,-0.07547776329447364
194,25,2012-12-11 13:03:42,5,219,,,219,66209,4,4.0,1,3.26,0.2481,4.17,19,32.0,1,3735,1,0,2,0,1,0,,767.78,0,,,,0.0,0.0,,0.0,0.0,,,,,0.0,0.0,,,,,,,,0.0,0.0,,0,,0,3,1,,,1.4260221864535358,0.2704321917602897,1.507336743046988,1.3974563377670584,-1.0293057229109055,0.8626030090786797
195,25,2012-12-11 13:03:42,5,219,,,219,68528,4,4.0,0,2.08,0.205,4.29,7,49.0,1,3735,1,0,2,0,1,0,,766.29,0,,,,0.0,0.0,,0.0,0.0,,,,,0.0,0.0,,,,,,,,0.0,0.0,,0,,0,3,1,,,1.4260221864535358,0.2704321917602897,-0.06669631606402578,1.0346432848430278,-0.48506395990146356,-0.10135585356688773
196,25,2012-12-11 13:03:42,5,219,,,219,69645,2,3.5,1,1.39,0.0012,4.18,32,75.0,0,3735,1,0,2,0,1,0,,762.43,0,,,,0.0,0.0,,0.0,0.0,,,,,,,,,,,,,,0.0,0.0,,0,,0,3,1,,,-1.1883518220446134,-0.7211525113607734,-0.9871054777475851,-0.6809321255030832,0.34730579528944766,-2.598591564850029
197,25,2012-12-11 13:03:42,5,219,,,219,79870,2,4.0,1,2.2,0.1053,4.06,8,37.0,1,3735,1,0,2,0,1,0,,766.48,0,,,,0.0,0.0,,0.0,0.0,,,,,,,,,,,,,,0.0,0.0,,0,,0,3,1,,,-1.1883518220446134,0.2704321917602897,0.0933748424896368,0.19537503944799708,-0.8692346161434226,0.021565075226876892
198,25,2012-12-11 13:03:42,5,219,,,219,81772,3,3.5,0,3.22,0.2775,4.16,18,29.0,0,3735,1,0,2,0,1,0,,768.08,0,,,,0.0,0.0,,0.0,0.0,,,,,0.0,0.0,,,,,,,,0.0,0.0,,0,,0,3,1,,,0.11883518220446121,-0.7211525113607734,1.4539796901957676,1.6449436638915713,-1.1253483869713952,1.0566886861214544
199,25,2012-12-11 13:03:42,5,219,,,219,83281,2,3.5,1,2.08,0.0555,4.37,12,45.0,0,3735,1,0,2,0,1,0,,767.35,0,,,,1.0,0.0,11.0,0.0,0.0,,,,,0.0,0.0,,,,,,,,0.0,0.0,,0,,0,3,1,,,-1.1883518220446134,-0.7211525113607734,-0.06669631606402578,-0.22383818643638145,-0.6131208453154499,0.5844135386507983
200,25,2012-12-11 13:03:42,5,219,,,219,88629,2,2.5,1,0.69,0.0017,4.23,31,35.0,0,3735,1,0,2,0,1,0,,768.04,0,,,,0.0,0.0,,,,,,,,,,,,,,,,,,,,0,,0,3,1,,,-1.1883518220446134,-2.7043219176028996,-1.9208539026439493,-0.6767231573717141,-0.9332630588504157,1.0308105958490401
201,25,2012-12-11 13:03:42,5,219,,,219,91587,3,4.5,1,1.61,0.0213,4.93,3,129.0,0,3735,1,0,2,0,1,0,,766.24,0,,,,0.0,0.0,,-1.0,0.0,10.0,,,,0.0,0.0,,,,,,,,0.0,0.0,,0,,0,3,1,,,0.11883518220446121,1.2620168948813528,-0.6936416870658704,-0.511731606622039,2.0760737483782634,-0.1337034664073134
202,25,2012-12-11 13:03:42,5,219,,,219,112716,4,4.0,0,1.61,0.0512,4.42,14,48.0,0,3735,1,0,2,0,1,0,,764.98,0,,,,0.0,0.0,,0.0,0.0,,,,,0.0,0.0,,,,,,,,0.0,0.0,,0,,0,3,1,,,1.4260221864535358,0.2704321917602897,-0.6936416870658704,-0.26003531236615707,-0.5170781812549602,-0.9488633099867756
203,25,2012-12-11 13:03:42,5,219,,,219,118859,3,4.0,1,3.26,0.3584,4.45,21,27.0,1,3735,1,0,2,0,1,0,,767.93,0,,,,1.0,0.0,19.0,0.0,0.0,,,,,0.0,0.0,,,,,,,,0.0,0.0,,0,,0,3,1,,,0.11883518220446121,0.2704321917602897,1.507336743046988,2.3259547075471176,-1.1893768296783884,0.9596458476000302
204,25,2012-12-11 13:03:42,5,219,,,219,120046,4,4.0,0,3.26,0.0955,4.68,16,50.0,0,3735,1,0,2,0,1,0,,767.68,0,,,,0.0,0.0,,0.0,0.0,,,,,0.0,0.0,,,,,,,,0.0,0.0,,0,,0,3,1,,,1.4260221864535358,0.2704321917602897,1.507336743046988,0.11287926407315953,-0.453049738547967,0.7979077833977548
205,25,2012-12-11 13:03:42,5,219,,,219,120328,2,3.5,1,1.79,0.0061,4.52,34,62.0,0,3735,1,0,2,0,1,0,,766.02,0,,,,0.0,0.0,,0.0,0.0,,,,,,,,,,,,,,0.0,0.0,,0,,0,3,1,,,-1.1883518220446134,-0.7211525113607734,-0.45353494923537674,-0.6396842378156646,-0.06887908230600795,-0.2760329629053334
206,25,2012-12-11 13:03:42,5,219,,,219,122279,2,3.0,1,3.04,0.008,4.2,26,38.0,0,3735,1,0,2,0,1,0,,767.34,0,,,,0.0,0.0,,0.0,0.0,,,,,0.0,0.0,,,,,,,,0.0,0.0,,0,,0,3,1,,,-1.1883518220446134,-1.7127372144818367,1.2138729523652738,-0.6236901589164614,-0.837220394789926,0.5779440160827132
207,25,2012-12-11 13:03:42,5,219,,,219,125384,3,3.5,1,2.77,0.0071,4.49,25,60.0,0,3735,1,0,2,0,1,0,,767.08,0,,,,0.0,0.0,,0.0,0.0,,,,,1.0,0.0,16.0,,,,,,,0.0,0.0,,0,,0,3,1,,,0.11883518220446121,-0.7211525113607734,0.8537128456195332,-0.6312663015529261,-0.13290752501300113,0.4097364293123526
208,25,2012-12-11 13:03:42,5,219,,,219,126136,4,4.0,0,3.26,0.3928,4.65,20,39.0,0,3735,1,0,2,0,1,0,,767.93,0,,,,0.0,0.0,,1.0,0.0,2.0,,,,0.0,0.0,,,,,,,,0.0,0.0,,0,,0,3,1,,,1.4260221864535358,0.2704321917602897,1.507336743046988,2.6155317149853228,-0.8052061734364294,0.9596458476000302
209,25,2012-12-11 13:03:42,5,219,,,219,126803,2,4.0,1,1.61,,4.18,15,60.0,0,3735,1,0,2,0,1,0,,767.55,0,,,,0.0,0.0,,0.0,0.0,,,,,,,,,,,,,,0.0,0.0,,0,,0,3,1,,,-1.1883518220446134,0.2704321917602897,-0.6936416870658704,,-0.13290752501300113,0.7138039900125746
210,25,2012-12-11 13:03:42,5,219,,,219,133065,3,5.0,1,1.79,0.006,4.75,37,109.0,0,3735,1,0,2,0,1,0,,765.76,0,,,,,,,0.0,0.0,,,,,0.0,0.0,,,,,,,,0.0,0.0,,0,,0,3,1,,,0.11883518220446121,2.253601598002416,-0.45353494923537674,-0.6405260314419383,1.4357893213083315,-0.444240549675694
211,29,2013-02-26 19:42:22,18,129,,,219,1722,3,4.0,0,5.72,0.1136,5.81,1,248.17,1,5143,6,144,5,0,1,0,,3748.9,0,,,,,,,,,,,,,,,,,,,,,,,,,1,1927.64,1,4,1,,,-0.8667420157430381,0.07902767741232983,0.23915845424706036,-0.19253831992131162,-1.1919817798476666,1.101443641527083
212,29,2013-02-26 19:42:22,18,129,,,219,3858,4,4.5,0,5.7,0.1296,5.91,14,689.66,0,5143,6,144,5,0,1,0,,3747.89,0,,,,,,,,,,,,,,,,,,,,,,,,,0,,0,4,1,,,0.39397364351956277,0.5005086236114222,0.20902825528680133,0.12180995750123849,0.4012728950588838,-0.44632411908967956
213,29,2013-02-26 19:42:22,18,129,,,219,7523,4,0.0,1,5.82,0.1251,5.82,13,566.88,0,5143,6,144,5,0,1,0,,3748.71,0,,,,,,,,,,,,,,,,,,,,,,,,,0,,0,4,1,,,0.39397364351956277,-3.2928198921804097,0.3898094490483595,0.03339950447614612,-0.041817116005978885,0.8102794093318297
214,29,2013-02-26 19:42:22,18,129,,,219,7880,4,4.5,1,5.88,0.2132,6.21,6,519.85,0,5143,6,144,5,0,1,0,,3748.29,0,,,,,,,,,,,,,,,,,,,,,,,,,0,,0,4,1,,,0.39397364351956277,0.5005086236114222,0.4802000459291379,1.7642797070340643,-0.2115395725980988,0.16665321184765905
215,29,2013-02-26 19:42:22,18,129,,,219,31336,4,4.0,1,5.52,0.0758,5.96,11,441.48,0,5143,6,144,5,0,1,0,,3748.98,0,,,,,,,,,,,,,,,,,,,,,,,,,0,,0,4,1,,,0.39397364351956277,0.07902767741232983,-0.06214353535553658,-0.9351861253320869,-0.4943622160836282,1.2240391077144113
216,29,2013-02-26 19:42:22,18,129,,,219,32060,4,4.5,1,5.69,0.124,5.89,3,433.65,1,5143,6,144,5,0,1,0,,3747.88,0,,,,,,,,,,,,,,,,,,,,,,,,,0,,0,4,1,,,0.39397364351956277,0.5005086236114222,0.1939631558066718,0.011788060403345976,-0.5226192187439792,-0.46164855236274716
217,29,2013-02-26 19:42:22,18,129,,,219,36871,4,4.0,1,5.78,0.146,6.11,15,591.69,0,5143,6,144,5,0,1,0,,3747.98,0,,,,,,,,,,,,,,,,,,,,,,,,,0,,0,4,1,,,0.39397364351956277,0.07902767741232983,0.3295490511278401,0.4440169418593526,0.04771752460747014,-0.3084042196285867
218,29,2013-02-26 19:42:22,18,129,,,219,62433,3,4.0,0,5.71,0.1044,5.76,19,1332.29,0,5143,6,144,5,0,1,0,,3748.4,0,,,,,,,,,,,,,,,,,,,,,,,,,0,,0,4,1,,,-0.8667420157430381,0.07902767741232983,0.22409335476693085,-0.37328857943927807,2.7204041363898233,0.33522197785558394
219,29,2013-02-26 19:42:22,18,129,,,219,73452,3,3.5,1,3.14,0.0007,5.49,8,329.15,0,5143,6,144,5,0,1,0,,3746.26,0,,,,,,,,,,,,,,,,,,,,,,,,,0,,0,4,1,,,-0.8667420157430381,-0.34245326878676263,-3.6476372116264364,-2.410658352484183,-0.8997401354753537,-2.9442067426582366
220,29,2013-02-26 19:42:22,18,129,,,219,78380,3,4.5,1,5.74,0.13699999999999998,6.21,18,933.91,0,5143,6,144,5,0,1,0,,3747.94,0,,,,,,,,,,,,,,,,,,,,,,,,,0,,0,4,1,,,-0.8667420157430381,0.5005086236114222,0.2692886532073207,0.26719603580916784,1.282725372682216,-0.3697019527222509
221,29,2013-02-26 19:42:22,18,129,,,219,79026,4,4.5,0,5.63,0.0891,5.99,7,428.42,0,5143,6,144,5,0,1,0,,3747.65,0,,,,,,,,,,,,,,,,,,,,,,,,,0,,0,4,1,,,0.39397364351956277,0.5005086236114222,0.10357255892589207,-0.6738841197245921,-0.5414933086435493,-0.8141105176516646
222,29,2013-02-26 19:42:22,18,129,,,219,89359,2,2.5,0,5.79,0.1589,5.48,12,350.05,1,5143,6,144,5,0,1,0,,3748.75,0,,,,,,,,,,,,,,,,,,,,,,,,,0,,0,4,1,,,-2.127457675005639,-1.1854151611849475,0.3446141506079696,0.6974602405312843,-0.8243159521290786,0.8715771424254939
223,29,2013-02-26 19:42:22,18,129,,,219,98239,3,4.0,0,5.29,0.0744,5.7,2,389.24,1,5143,6,144,5,0,1,0,,3748.35,0,,,,,,,,,,,,,,,,,,,,,,,,,0,,0,4,1,,,-0.8667420157430381,0.07902767741232983,-0.40864082339852204,-0.9626915996065603,-0.6828865863233125,0.2585998114881553
224,29,2013-02-26 19:42:22,18,129,,,219,114304,5,4.5,1,5.77,0.1924,6.21,17,799.37,0,5143,6,144,5,0,1,0,,3747.94,0,,,,,,,,,,,,,,,,,,,,,,,,,0,,0,4,1,,,1.6546893027821636,0.5005086236114222,0.31448395164770926,1.3556269463847486,0.7971957254378226,-0.3697019527222509
225,29,2013-02-26 19:42:22,18,129,,,219,126719,4,4.5,0,5.97,0.1746,5.95,5,414.05,0,5143,6,144,5,0,1,0,,3748.34,0,,,,,,,,,,,,,,,,,,,,,,,,,0,,0,4,1,,,0.39397364351956277,0.5005086236114222,0.6157859412503062,1.0059144877521617,-0.5933519457098636,0.24327537821508768
226,29,2013-02-26 19:42:22,18,129,,,219,135779,5,5.0,0,5.83,0.1156,6.21,9,787.62,1,5143,6,144,5,0,1,0,,3748.64,0,,,,,,,,,,,,,,,,,,,,,,,,,0,,0,4,1,,,1.6546893027821636,0.9219895698105147,0.40487454852848903,-0.15324478524349305,0.7547921773842948,0.703008376417569
227,31,2013-05-28 22:05:02,24,216,,,15,1051,4,3.0,0,1.1,,5.7,9,120.83,0,19144,1,214,2,2,1,1,,,1,,,,,,,,,,0.0,0.0,,0.0,0.0,,,,,0.0,0.0,,,,,0,,0,4,2,,,0.6475611205966308,-0.23728114881939455,-1.7698238418954206,,-0.7150134680724689,
228,31,2013-05-28 22:05:02,24,216,,,15,6764,2,3.5,1,1.61,0.0148,4.91,4,101.23,0,19144,1,214,2,2,1,1,,,1,,,,0.0,0.0,,,,,0.0,0.0,,0.0,0.0,,0.0,0.0,,0.0,0.0,,,,,1,,0,4,2,,,-0.8164901085783607,0.14830071801212186,-1.3913099040964967,-0.28210085059945017,-1.3070916977563047,
229,31,2013-05-28 22:05:02,24,216,,,15,12321,0,5.0,0,4.55,,4.96,29,187.68,0,19144,1,214,2,2,1,1,,,1,,,,,1.0,,,,,,,,,,,,0.0,,,,,,,,0,,0,4,2,,,-2.2805413377533523,1.3050463185066712,0.790711619685534,,1.3043962081706149,
230,31,2013-05-28 22:05:02,24,216,,,15,18083,4,3.5,1,3.78,,5.31,30,187.96,0,19144,1,214,2,2,1,1,,,1,,,,,,,,,,0.0,0.0,,0.0,0.0,,1.0,0.0,11.0,,,,,,,0,,0,4,2,,,0.6475611205966308,0.14830071801212186,0.21922979202833542,,1.3128544685946697,
231,31,2013-05-28 22:05:02,24,216,,,15,18516,4,4.0,0,3.83,,5.31,21,167.9,0,19144,1,214,2,2,1,1,,,1,,,,,,,,,,,,,-1.0,0.0,42.0,-1.0,0.0,36.0,1.0,0.0,55.0,,,,0,,0,4,2,,,0.6475611205966308,0.5338825848436383,0.2563390016164654,,0.7068805253570293,
232,31,2013-05-28 22:05:02,24,216,,,15,23462,4,3.5,0,4.47,,4.98,24,174.26,0,19144,1,214,2,2,1,1,,,1,,,,,,,,,,1.0,0.0,15.0,1.0,0.0,15.0,,,,,,,,,,0,,0,4,2,,,0.6475611205966308,0.14830071801212186,0.7313368843445264,,0.8990038692748451,
233,31,2013-05-28 22:05:02,24,216,,,15,28515,3,0.0,0,4.2,,4.83,7,111.88,0,19144,1,214,2,2,1,1,,,1,,,,1.0,0.0,12.0,,,,1.0,0.0,124.0,1.0,0.0,20.0,1.0,0.0,20.0,1.0,0.0,44.0,,,,0,,0,4,2,,,-0.08446449399086492,-2.550772349808493,0.5309471525686258,,-0.9853757209127921,
234,31,2013-05-28 22:05:02,24,216,,,15,47153,4,2.5,0,2.4,,5.17,19,160.84,0,19144,1,214,2,2,1,1,,,1,,,,1.0,0.0,279.0,,,,,,,0.0,0.0,,0.0,0.0,,-1.0,0.0,14.0,,,,0,,0,4,2,,,0.6475611205966308,-0.622863015650911,-0.8049843926040464,,0.49361153037907607,
235,31,2013-05-28 22:05:02,24,216,,,15,50460,3,3.5,0,4.67,,4.78,13,138.19,0,19144,1,214,2,2,1,1,,,1,,,,,1.0,,,,,1.0,0.0,13.0,0.0,0.0,,,,,1.0,0.0,14.0,,,,0,,0,4,2,,,-0.08446449399086492,0.14830071801212186,0.8797737226970456,,-0.1906013217810713,
236,31,2013-05-28 22:05:02,24,216,,,15,54904,3,4.5,0,0.0,0.0111,4.8,14,145.44,0,19144,1,214,2,2,1,1,,,1,,,,,,,,,,0.0,1.0,,0.0,0.0,,,,,,,,,,,0,,0,4,2,,,-0.08446449399086492,0.9194644516751547,-2.5862264528342758,-0.4072106456426995,0.0284072070560619,
237,31,2013-05-28 22:05:02,24,216,,,15,64019,4,3.5,0,3.22,0.0207,5.31,15,147.68,0,19144,1,214,2,2,1,1,,,1,,,,,,,,,,0.0,0.0,,-1.0,0.0,9.0,,,,,,,,,,0,,0,4,2,,,0.6475611205966308,0.14830071801212186,-0.19639335535871782,-0.08260144769264723,0.09607329044850058,
238,31,2013-05-28 22:05:02,24,216,,,15,77827,4,4.0,0,4.42,0.0879,5.18,22,172.91,0,19144,1,214,2,2,1,1,-4.5989,,1,,,,-1.0,0.0,4.0,,,,-1.0,0.0,4.0,-1.0,0.0,4.0,1.0,0.0,173.0,,,,,,,0,,0,4,2,,,0.6475611205966308,0.5338825848436383,0.6942276747563967,2.189662937957719,0.8582229708017238,
239,31,2013-05-28 22:05:02,24,216,,,15,78635,4,3.0,1,4.56,,5.23,16,150.37,0,19144,1,214,2,2,1,1,,,1,,,,0.0,0.0,,,,,0.0,0.0,,0.0,0.0,,1.0,0.0,12.0,1.0,0.0,12.0,,,,0,,0,4,2,,,0.6475611205966308,-0.23728114881939455,0.7981334616031598,,0.1773330066653127,
240,31,2013-05-28 22:05:02,24,216,,,15,81183,3,1.5,0,4.44,,4.83,28,184.6,0,19144,1,214,2,2,1,1,,,1,,,,1.0,1.0,25.0,,,,1.0,0.0,25.0,-1.0,0.0,7.0,-1.0,0.0,27.0,,,,,,,0,,0,4,2,,,-0.08446449399086492,-1.3940267493139438,0.7090713585916489,,1.2113553435060118,
241,31,2013-05-28 22:05:02,24,216,,,15,82238,4,3.5,0,4.26,,4.98,27,179.01,0,19144,1,214,2,2,1,1,,,1,,,,1.0,0.0,33.0,,,,-1.0,0.0,9.0,1.0,0.0,200.0,1.0,0.0,37.0,1.0,0.0,30.0,,,,0,,0,4,2,,,0.6475611205966308,0.14830071801212186,0.5754782040743813,,1.0424922157543461,
242,31,2013-05-28 22:05:02,24,216,,,15,101799,3,4.5,0,1.1,0.0022,4.85,6,110.76,0,19144,1,214,2,2,1,1,,,1,,,,,,,,,,0.0,0.0,,,1.0,,,,,,,,,,,0,,0,4,2,,,-0.08446449399086492,0.9194644516751547,-1.7698238418954206,-0.7081504229088937,-1.019208762609011,
243,31,2013-05-28 22:05:02,24,216,,,15,101939,4,4.5,1,2.89,0.022000000000000002,5.14,8,114.12,1,19144,1,214,2,2,1,1,-4.1804,,1,,,,1.0,0.0,39.0,,,,1.0,0.0,90.0,1.0,0.0,31.0,,,,,,,,,,0,,0,4,2,,,0.6475611205966308,0.9194644516751547,-0.44131413864037444,-0.03864395213691089,-0.9177096375203534,
244,31,2013-05-28 22:05:02,24,216,,,15,105110,3,5.0,0,4.19,,4.53,25,174.53,0,19144,1,214,2,2,1,1,,,1,,,,,,,,,,-1.0,0.0,9.0,1.0,0.0,49.0,,,,,,,,,,0,,0,4,2,,,-0.08446449399086492,1.3050463185066712,0.523525310651,,0.9071600489694697,
245,31,2013-05-28 22:05:02,24,216,,,15,110154,4,3.5,0,4.41,,5.18,3,100.69,0,19144,1,214,2,2,1,1,,,1,,,,,,,,,,0.0,0.0,,1.0,0.0,11.0,1.0,0.0,11.0,-1.0,0.0,33.0,,,,0,,0,4,2,,,0.6475611205966308,0.14830071801212186,0.6868058328387708,,-1.3234040571455534,
246,31,2013-05-28 22:05:02,24,216,,,15,119713,4,4.0,0,1.61,0.0033,5.2,12,134.26,0,19144,1,214,2,2,1,1,,,1,,,,1.0,0.0,54.0,,,,1.0,0.0,40.0,-1.0,0.0,7.0,1.0,0.0,9.0,1.0,0.0,9.0,,,,0,,0,4,2,,,0.6475611205966308,0.5338825848436383,-1.3913099040964967,-0.670955618977117,-0.30931904844726926,
247,31,2013-05-28 22:05:02,24,216,,,15,122877,1,1.5,0,4.04,,5.1,1,73.84,0,19144,1,214,2,2,1,1,,,1,,,,,,,,,,-1.0,0.0,23.0,1.0,0.0,9.0,,,,1.0,0.0,51.0,,,,0,,0,4,2,,,-1.5485157231658566,-1.3940267493139438,0.41219768188661043,,-2.1344908156665228,
248,31,2013-05-28 22:05:02,24,216,,,15,124551,0,3.0,0,3.22,,4.96,10,134.26,0,19144,1,214,2,2,1,1,,,1,,,,,,,,,,,,,,,,,,,,,,,,,0,,0,4,2,,,-2.2805413377533523,-0.23728114881939455,-0.19639335535871782,,-0.30931904844726926,
249,31,2013-05-28 22:05:02,24,216,,,15,126293,0,0.0,0,4.38,,4.97,2,88.36,0,19144,1,214,2,2,1,1,,,1,,,,,,,,,,,,,,,,,,,,,,,,,0,,0,4,2,,,-2.2805413377533523,-2.550772349808493,0.6645403070858928,,-1.6958695965333952,
