,srch_id,site_id,visitor_location_country_id,visitor_hist_starrating,visitor_hist_adr_usd,prop_country_id,prop_id,prop_starrating,prop_review_score,prop_brand_bool,prop_location_score1,prop_location_score2,prop_log_historical_price,position,price_usd,promotion_flag,srch_destination_id,srch_length_of_stay,srch_booking_window,srch_adults_count,srch_children_count,srch_room_count,srch_saturday_night_bool,srch_query_affinity_score,orig_destination_distance,random_bool,comp1_rate,comp1_inv,comp1_rate_percent_diff,comp2_rate,comp2_inv,comp2_rate_percent_diff,comp3_rate,comp3_inv,comp3_rate_percent_diff,comp4_rate,comp4_inv,comp4_rate_percent_diff,comp5_rate,comp5_inv,comp5_rate_percent_diff,comp6_rate,comp6_inv,comp6_rate_percent_diff,comp7_rate,comp7_inv,comp7_rate_percent_diff,comp8_rate,comp8_inv,comp8_rate_percent_diff,click_bool,gross_bookings_usd,booking_bool,ctr,cvr,prop_starrating|srch_id_standardized,prop_review_score|srch_id_standardized,prop_location_score1|srch_id_standardized,prop_location_score2|srch_id_standardized,price_usd|srch_id_standardized,orig_destination_distance|srch_id_standardized,ctr|srch_id_standardized,cvr|srch_id_standardized
0,8,5,219,0.0,0.0,219,10250,3,3.5,1,1.39,0.0321,4.64,15,82.0,0,7082,1,0,1,0,1,0,0.0,5.4,0,0.0,0.0,0.0,0.0,0.0,0.0,0.0,0.0,0.0,0.0,0.0,0.0,0.0,0.0,0.0,0.0,0.0,0.0,0.0,0.0,0.0,0.0,0.0,0.0,0,0.0,0,0.0,0.0,-0.0489174505241,-0.42704896753,-0.449241562268,-1.17582537138,-1.25174750043,0.883213623888,-1.15905927423,-0.986504519289
1,8,5,219,0.0,0.0,219,13252,4,4.5,1,0.0,0.0,5.49,19,160.0,1,7082,1,0,1,0,1,0,0.0,3.98,0,0.0,0.0,0.0,0.0,0.0,0.0,0.0,0.0,0.0,0.0,0.0,0.0,1.0,0.0,42.0,0.0,0.0,0.0,0.0,0.0,0.0,1.0,0.0,43.0,0,0.0,0,0.0268817204301,0.010752688172,0.978349010483,0.569398623374,-1.85174008661,0.0,-0.0596763343231,0.129854634633,-0.347912773069,-0.564680812651
2,8,5,219,0.0,0.0,219,22756,4,4.0,1,2.83,0.2251,5.11,10,259.0,0,7082,1,0,1,0,1,0,0.0,4.41,0,0.0,0.0,0.0,0.0,0.0,0.0,-1.0,0.0,7.0,0.0,0.0,0.0,0.0,0.0,7.0,0.0,0.0,0.0,0.0,0.0,0.0,-1.0,0.0,7.0,0,0.0,0,0.114285714286,0.1,0.978349010483,0.0711748279217,1.00370654928,1.32561558088,1.45333706882,0.357984469408,2.28947213643,2.93645595245
3,8,5,219,0.0,0.0,219,27669,3,3.5,1,3.0,0.2107,4.62,16,85.0,0,7082,1,0,1,0,1,0,0.0,4.17,0,0.0,0.0,0.0,0.0,0.0,0.0,0.0,0.0,0.0,0.0,0.0,0.0,0.0,1.0,0.0,0.0,0.0,0.0,0.0,0.0,0.0,0.0,0.0,0.0,1,96.41,1,0.0472972972973,0.0405405405405,-0.0489174505241,-0.42704896753,1.17523514578,1.13897957201,-1.20589860943,0.230656189534,0.268120110248,0.603884861146
4,8,5,219,0.0,0.0,219,30630,3,4.0,1,0.0,0.0,4.81,20,109.0,0,7082,1,0,1,0,1,0,0.0,3.69,0,0.0,0.0,0.0,1.0,0.0,4.0,-1.0,0.0,9.0,0.0,0.0,0.0,0.0,0.0,0.0,0.0,0.0,0.0,0.0,0.0,0.0,0.0,0.0,0.0,0,0.0,0,0.0179640718563,0.0119760479042,-0.0489174505241,0.0711748279217,-1.85174008661,0.0,-0.839107481396,-0.0240003702143,-0.61699969621,-0.516688893931
5,8,5,219,0.0,0.0,219,32491,3,4.5,1,2.3,0.0516,5.18,6,199.0,0,7082,1,0,1,0,1,0,0.0,4.45,0,0.0,0.0,0.0,0.0,1.0,0.0,0.0,0.0,0.0,0.0,0.0,0.0,0.0,1.0,0.0,0.0,0.0,0.0,0.0,0.0,0.0,0.0,1.0,0.0,0,0.0,0,0.0134228187919,0.00671140939597,-0.0489174505241,0.569398623374,0.468940924892,-0.923089109363,0.536359248733,0.379205849387,-0.754030417276,-0.723218581589
6,8,5,219,0.0,0.0,219,33805,3,3.5,1,3.14,0.1393,4.89,13,119.0,1,7082,1,0,1,0,1,0,0.0,3.83,0,0.0,0.0,0.0,0.0,0.0,0.0,0.0,0.0,0.0,0.0,0.0,0.0,0.0,0.0,0.0,0.0,0.0,0.0,0.0,0.0,0.0,0.0,0.0,0.0,0,0.0,0,0.0518134715026,0.0466321243523,-0.0489174505241,-0.42704896753,1.31649398996,0.213576028011,-0.686277844715,0.0502744597122,0.404394085524,0.842855286185
7,8,5,219,0.0,0.0,219,35397,3,4.5,1,1.39,0.1,4.82,12,119.0,1,7082,1,0,1,0,1,0,0.0,5.07,0,0.0,0.0,0.0,0.0,0.0,0.0,1.0,0.0,25.0,0.0,0.0,0.0,0.0,0.0,0.0,0.0,0.0,0.0,0.0,0.0,0.0,0.0,0.0,0.0,0,0.0,0,0.0909090909091,0.0568181818182,-0.0489174505241,0.569398623374,-0.449241562268,-0.295784746206,-0.686277844715,0.708137239061,1.58409071152,1.2424502942
8,8,5,219,0.0,0.0,219,39137,2,3.5,1,1.61,0.0813,4.55,14,80.0,0,7082,1,0,1,0,1,0,0.0,4.85,0,0.0,0.0,0.0,0.0,0.0,0.0,0.0,0.0,0.0,0.0,0.0,0.0,0.0,0.0,0.0,0.0,0.0,0.0,0.0,0.0,0.0,0.0,0.0,0.0,0,0.0,0,0.036496350365,0.014598540146,-1.07618391153,-0.42704896753,-0.227263378559,-0.538152341062,-1.28231342777,0.591419649177,-0.0577946814113,-0.413809559911
9,8,5,219,0.0,0.0,219,41497,3,4.5,1,1.79,0.0432,5.1,1,189.0,0,7082,1,0,1,0,1,0,0.0,1.64,0,0.0,0.0,0.0,0.0,0.0,0.0,1.0,0.0,5.0,0.0,0.0,0.0,0.0,0.0,0.0,0.0,0.0,0.0,0.0,0.0,0.0,0.0,0.0,0.0,0,0.0,0,0.00641025641026,0.00641025641026,-0.0489174505241,0.569398623374,-0.0456448646155,-1.03196011454,0.383529612052,-1.11159609414,-0.965632031648,-0.735032694178
10,8,5,219,0.0,0.0,219,54403,2,3.5,1,0.0,0.0,4.44,22,66.0,0,7082,1,0,1,0,1,0,0.0,8.77,0,0.0,0.0,0.0,0.0,0.0,0.0,0.0,0.0,0.0,0.0,0.0,0.0,0.0,0.0,0.0,0.0,0.0,0.0,0.0,0.0,0.0,0.0,0.0,0.0,0,0.0,0,0.02,0.02,-1.07618391153,-0.42704896753,-1.85174008661,0.0,-1.49627491912,2.67111488712,-0.555566277367,-0.201912424941
11,8,5,219,0.0,0.0,219,58176,0,0.0,0,1.79,0.0,4.71,25,150.0,0,7082,1,0,1,0,1,0,0.0,0.54,0,0.0,0.0,0.0,0.0,0.0,0.0,0.0,0.0,0.0,0.0,0.0,0.0,0.0,0.0,0.0,0.0,0.0,0.0,0.0,0.0,0.0,0.0,0.0,0.0,0,0.0,0,0.0,0.0,-3.13071683354,-3.91461553569,-0.0456448646155,0.0,-0.212505971004,-1.69518404356,-1.15905927423,-0.986504519289
12,8,5,219,0.0,0.0,219,63511,3,4.5,1,1.39,0.0,5.36,21,209.0,0,7082,1,0,1,0,1,0,0.0,1.49,0,0.0,0.0,0.0,0.0,0.0,0.0,0.0,0.0,0.0,0.0,0.0,0.0,0.0,0.0,0.0,0.0,0.0,0.0,0.0,0.0,0.0,0.0,1.0,0.0,0,0.0,0,0.027397260274,0.0,-0.0489174505241,0.569398623374,-0.449241562268,0.0,0.689188885414,-1.19117626906,-0.3323565388,-0.986504519289
13,8,5,219,0.0,0.0,219,66444,4,4.5,1,1.39,0.0,5.34,18,239.0,0,7082,1,0,1,0,1,0,0.0,1.41,0,0.0,0.0,0.0,0.0,1.0,0.0,0.0,0.0,0.0,0.0,0.0,0.0,0.0,1.0,0.0,0.0,0.0,0.0,0.0,0.0,0.0,0.0,1.0,0.0,0,0.0,0,0.0114285714286,0.00571428571429,0.978349010483,0.569398623374,-0.449241562268,0.0,1.14767779546,-1.23361902902,-0.814206133167,-0.762335349476
14,8,5,219,0.0,0.0,219,67150,4,4.5,1,2.89,0.2295,5.39,4,259.0,0,7082,1,0,1,0,1,0,0.0,4.34,0,0.0,0.0,0.0,0.0,0.0,0.0,0.0,0.0,0.0,0.0,0.0,0.0,0.0,1.0,0.0,0.0,0.0,0.0,0.0,0.0,0.0,0.0,0.0,0.0,0,0.0,0,0.110091743119,0.0642201834862,0.978349010483,0.569398623374,1.06424605393,1.38264325026,1.45333706882,0.320847054444,2.16292052503,1.53282789376
15,8,5,219,0.0,0.0,219,73738,3,4.5,1,1.39,0.0883,5.14,3,189.0,0,7082,1,0,1,0,1,0,0.0,4.8,0,0.0,0.0,0.0,0.0,0.0,0.0,0.0,0.0,0.0,0.0,0.0,0.0,0.0,0.0,0.0,0.0,0.0,0.0,0.0,0.0,0.0,0.0,0.0,0.0,0,0.0,0,0.0479452054795,0.027397260274,-0.0489174505241,0.569398623374,-0.449241562268,-0.447426503415,0.383529612052,0.564892924203,0.287670512775,0.0882791715984
16,8,5,219,0.0,0.0,219,83293,3,4.5,1,2.94,0.0731,5.12,2,239.0,0,7082,1,0,1,0,1,0,0.0,4.05,0,0.0,0.0,0.0,0.0,1.0,0.0,0.0,0.0,0.0,0.0,0.0,0.0,0.0,1.0,0.0,0.0,0.0,0.0,0.0,0.0,0.0,0.0,1.0,0.0,0,0.0,0,0.0625,0.0397727272727,-0.0489174505241,0.569398623374,1.11469564114,-0.644431179448,1.14767779546,0.166992049597,0.726856340974,0.573763850153
17,8,5,219,0.0,0.0,219,90151,5,4.5,0,2.56,0.1592,5.7,7,259.0,0,7082,1,0,1,0,1,0,0.0,4.52,0,0.0,0.0,0.0,0.0,0.0,0.0,0.0,0.0,0.0,0.0,0.0,0.0,0.0,0.0,0.0,0.0,0.0,0.0,0.0,0.0,0.0,0.0,0.0,0.0,0,0.0,0,0.037037037037,0.015873015873,2.00561547149,0.569398623374,0.731278778366,0.471496623607,1.45333706882,0.41634326435,-0.0414796504065,-0.363812380918
18,8,5,219,0.0,0.0,219,119302,3,3.5,1,1.95,0.0,4.76,24,93.0,0,7082,1,0,1,0,1,0,0.0,1.16,0,0.0,0.0,0.0,0.0,0.0,0.0,0.0,0.0,0.0,0.0,0.0,0.0,0.0,0.0,0.0,0.0,0.0,0.0,0.0,0.0,0.0,0.0,1.0,0.0,0,0.0,0,0.00645161290323,0.00645161290323,-0.0489174505241,-0.42704896753,0.115793814446,0.0,-1.08363490009,-1.36625265389,-0.964384113954,-0.733410295306
19,8,5,219,0.0,0.0,219,125655,3,4.0,1,3.0,0.2427,4.97,9,149.0,0,7082,1,0,1,0,1,0,0.0,4.26,0,0.0,0.0,0.0,0.0,0.0,0.0,0.0,0.0,0.0,0.0,0.0,0.0,0.0,0.0,0.0,0.0,0.0,0.0,0.0,0.0,0.0,0.0,0.0,0.0,0,0.0,0,0.0421686746988,0.0301204819277,-0.0489174505241,0.0711748279217,1.17523514578,1.55372625839,-0.227788934672,0.278404294486,0.11336571916,0.195110080632
20,8,5,219,0.0,0.0,219,134607,3,4.5,1,1.79,0.0434,4.99,8,189.0,0,7082,1,0,1,0,1,0,0.0,1.61,0,0.0,0.0,0.0,-1.0,0.0,5.0,0.0,0.0,0.0,0.0,0.0,0.0,0.0,0.0,5.0,0.0,0.0,0.0,0.0,0.0,0.0,0.0,0.0,0.0,0,0.0,0,0.0361445783133,0.0240963855422,-0.0489174505241,0.569398623374,-0.0456448646155,-1.02936794775,0.383529612052,-1.12751212912,-0.0684092798963,-0.0412128393519
21,11,5,219,0.0,0.0,219,6492,2,4.0,1,2.3,0.0,3.91,36,47.0,0,12610,1,39,2,0,1,1,0.0,284.56,1,0.0,0.0,0.0,1.0,0.0,12.0,0.0,0.0,0.0,0.0,0.0,0.0,0.0,0.0,0.0,0.0,0.0,0.0,0.0,0.0,0.0,1.0,0.0,12.0,0,0.0,0,0.0625,0.03125,-1.44486257861,0.0157160308118,1.09593664867,0.0,-1.30921518953,0.199624675199,0.601248680427,0.289246109684
22,11,5,219,0.0,0.0,219,8946,3,4.5,1,1.95,0.0,5.17,19,84.0,0,12610,1,39,2,0,1,1,0.0,288.12,1,0.0,0.0,0.0,0.0,1.0,0.0,0.0,0.0,0.0,0.0,0.0,0.0,1.0,0.0,20.0,0.0,0.0,0.0,0.0,0.0,0.0,0.0,0.0,0.0,0,0.0,0,0.0232558139535,0.0,0.389001463472,0.534345047601,0.536834692301,0.0,0.261071398305,1.05709841715,-0.481004954732,-0.971382286027
23,11,5,219,0.0,0.0,219,9952,2,3.0,1,1.61,0.0,4.1,14,50.0,0,12610,1,39,2,0,1,1,0.0,275.55,1,0.0,0.0,0.0,0.0,0.0,0.0,0.0,0.0,0.0,0.0,0.0,0.0,0.0,0.0,0.0,0.0,0.0,0.0,0.0,0.0,0.0,0.0,0.0,0.0,0,0.0,0,0.0,0.0,-1.44486257861,-1.02154200277,-0.00629292245258,0.0,-1.18189465538,-1.97055465486,-1.12234044223,-0.971382286027
24,11,5,219,0.0,0.0,219,19470,2,3.5,1,1.39,0.0,4.37,9,60.0,0,12610,1,39,2,0,1,1,0.0,275.42,1,0.0,0.0,0.0,0.0,0.0,0.0,0.0,0.0,0.0,0.0,0.0,0.0,0.0,0.0,0.0,0.0,0.0,0.0,0.0,0.0,0.0,0.0,0.0,0.0,0,0.0,0,0.05,0.05,-1.44486257861,-0.502912985977,-0.357728437881,0.0,-0.757492874885,-2.00186689824,0.256530855895,1.04562314711
25,11,5,219,0.0,0.0,219,20499,2,3.5,1,2.2,0.0,4.11,31,45.0,0,12610,1,39,2,0,1,1,0.0,284.67,1,0.0,0.0,0.0,0.0,0.0,0.0,0.0,0.0,0.0,0.0,0.0,0.0,0.0,0.0,0.0,0.0,0.0,0.0,0.0,0.0,0.0,0.0,0.0,0.0,1,0.0,0,0.0405405405405,0.0135135135135,-1.44486257861,-0.502912985977,0.936193232561,0.0,-1.39409554563,0.226119650372,-0.00433668699459,-0.426245682477
26,11,5,219,0.0,0.0,219,24526,3,4.0,1,0.69,0.1099,4.94,2,119.0,0,12610,1,39,2,0,1,1,0.0,278.73,1,0.0,0.0,0.0,0.0,0.0,0.0,0.0,0.0,0.0,0.0,0.0,0.0,0.0,0.0,0.0,0.0,0.0,0.0,0.0,0.0,0.0,0.0,0.0,0.0,0,0.0,0,0.08,0.04,0.389001463472,0.0157160308118,-1.47593235061,-0.906145663128,1.74647763004,-1.20460900895,1.08385363477,0.642222060483
27,11,5,219,0.0,0.0,219,26421,3,5.0,1,2.08,0.0,5.07,25,89.0,0,12610,1,39,2,0,1,1,0.0,287.79,1,0.0,0.0,0.0,0.0,1.0,0.0,0.0,0.0,0.0,0.0,0.0,0.0,0.0,0.0,0.0,0.0,0.0,0.0,0.0,0.0,0.0,0.0,0.0,0.0,0,0.0,0,0.138888888889,0.0277777777778,0.389001463472,1.05297406439,0.744501133236,0.0,0.473272288553,0.977613491634,2.70785760812,0.149176287938
28,11,5,219,0.0,0.0,219,27675,3,4.5,1,1.1,0.1626,4.7,7,85.0,0,12610,1,39,2,0,1,1,0.0,279.74,1,0.0,0.0,0.0,0.0,0.0,0.0,0.0,0.0,0.0,0.0,0.0,0.0,0.0,0.0,0.0,0.0,0.0,0.0,0.0,0.0,0.0,0.0,0.0,0.0,0,0.0,0,0.0454545454545,0.0454545454545,0.389001463472,0.534345047601,-0.820984344583,-0.122009760881,0.303511576355,-0.961336964187,0.131178919701,0.862259016825
29,11,5,219,0.0,0.0,219,28364,3,4.5,1,1.61,0.2046,4.73,3,79.0,0,12610,1,39,2,0,1,1,0.0,280.57,1,0.0,0.0,0.0,0.0,0.0,0.0,0.0,0.0,0.0,0.0,0.0,0.0,0.0,0.0,0.0,0.0,0.0,0.0,0.0,0.0,0.0,0.0,0.0,0.0,0,0.0,0,0.0909090909091,0.0454545454545,0.389001463472,0.534345047601,-0.00629292245258,0.502918282656,0.0488705080571,-0.761420333338,1.38469828164,0.862259016825
30,11,5,219,0.0,0.0,219,33980,3,5.0,1,1.1,0.0,5.03,13,98.0,0,12610,1,39,2,0,1,1,0.0,283.87,1,0.0,0.0,0.0,0.0,1.0,0.0,0.0,0.0,0.0,0.0,0.0,0.0,0.0,0.0,0.0,0.0,0.0,0.0,0.0,0.0,0.0,0.0,0.0,0.0,0,0.0,0,0.0161290322581,0.0161290322581,0.389001463472,1.05297406439,-0.820984344583,0.0,0.855233890999,0.0334289218433,-0.677543249289,-0.320735372112
31,11,5,219,0.0,0.0,219,35021,3,4.0,1,2.08,0.0,4.99,26,153.0,0,12610,1,39,2,0,1,1,0.0,287.83,1,0.0,0.0,0.0,0.0,0.0,0.0,0.0,0.0,0.0,0.0,0.0,0.0,0.0,0.0,0.0,0.0,0.0,0.0,0.0,0.0,0.0,0.0,0.0,0.0,0,0.0,0,0.0232558139535,0.0232558139535,0.389001463472,0.0157160308118,0.744501133236,0.0,3.18944368373,0.987248028061,-0.481004954732,-0.0332402241028
32,11,5,219,0.0,0.0,219,38443,3,4.0,1,2.4,0.0,4.58,18,60.0,0,12610,1,39,2,0,1,1,0.0,284.42,1,0.0,0.0,0.0,-1.0,0.0,10.0,-1.0,1.0,10.0,0.0,0.0,0.0,0.0,0.0,0.0,0.0,0.0,0.0,0.0,0.0,0.0,-1.0,0.0,10.0,0,0.0,0,0.0416666666667,0.0416666666667,0.389001463472,0.0157160308118,1.25568006477,0.0,-0.757492874885,0.165903797707,0.0267189728732,0.709455574921
33,11,5,219,0.0,0.0,219,47116,3,4.5,1,2.08,0.0,4.95,22,84.0,0,12610,1,39,2,0,1,1,0.0,287.82,1,0.0,0.0,0.0,0.0,0.0,11.0,0.0,0.0,11.0,0.0,0.0,0.0,0.0,0.0,0.0,0.0,0.0,0.0,0.0,0.0,0.0,0.0,0.0,11.0,0,0.0,0,0.0454545454545,0.0227272727273,0.389001463472,0.534345047601,0.744501133236,0.0,0.261071398305,0.984839393954,0.131178919701,-0.054561634601
34,11,5,219,0.0,0.0,219,59898,3,0.0,1,2.08,0.0,4.84,32,76.0,0,12610,1,39,2,0,1,1,0.0,288.1,1,0.0,0.0,0.0,0.0,0.0,0.0,0.0,0.0,0.0,0.0,0.0,0.0,0.0,0.0,0.0,0.0,0.0,0.0,0.0,0.0,0.0,0.0,0.0,0.0,0,0.0,0,0.0769230769231,0.0512820512821,0.389001463472,-4.1333161035,0.744501133236,0.0,-0.0784500260917,1.05228114894,0.999000016425,1.09734123514
35,11,5,219,0.0,0.0,219,63095,2,3.5,1,1.61,0.0,4.92,33,65.0,0,12610,1,39,2,0,1,1,0.0,287.66,1,0.0,0.0,0.0,0.0,0.0,0.0,0.0,0.0,0.0,0.0,0.0,0.0,0.0,0.0,0.0,0.0,0.0,0.0,0.0,0.0,0.0,0.0,0.0,0.0,0,0.0,0,0.0,0.0,-1.44486257861,-0.502912985977,-0.00629292245258,0.0,-0.545291984637,0.946301248249,-1.12234044223,-0.971382286027
36,11,5,219,0.0,0.0,219,69993,2,2.5,1,2.2,0.0,4.22,27,34.0,0,12610,1,39,2,0,1,1,0.0,284.47,1,0.0,0.0,0.0,0.0,-1.0,0.0,0.0,-1.0,0.0,0.0,0.0,0.0,1.0,-1.0,17.0,0.0,0.0,0.0,0.0,0.0,0.0,0.0,-1.0,0.0,0,0.0,0,0.0322580645161,0.0322580645161,-1.44486257861,-1.54017101956,0.936193232561,0.0,-1.86093750417,0.17794696824,-0.232746056345,0.329911541804
37,11,5,219,0.0,0.0,219,73511,3,5.0,1,0.0,0.0,4.91,29,75.0,0,12610,1,39,2,0,1,1,0.0,287.02,1,0.0,0.0,0.0,0.0,1.0,0.0,0.0,0.0,0.0,0.0,0.0,0.0,0.0,0.0,0.0,0.0,0.0,0.0,0.0,0.0,0.0,0.0,0.0,0.0,0,0.0,0,0.063829787234,0.0,0.389001463472,1.05297406439,-2.57816192173,0.0,-0.120890204141,0.792148665425,0.63792078942,-0.971382286027
38,11,5,219,0.0,0.0,219,74499,3,4.5,1,0.69,0.1555,4.68,8,74.0,0,12610,1,39,2,0,1,1,0.0,279.07,1,0.0,0.0,0.0,0.0,0.0,0.0,1.0,0.0,20.0,0.0,0.0,0.0,1.0,0.0,20.0,0.0,0.0,0.0,0.0,0.0,0.0,1.0,0.0,20.0,0,0.0,0,0.025641025641,0.025641025641,0.389001463472,0.534345047601,-1.47593235061,-0.227652358717,-0.163330382191,-1.12271544933,-0.415226956014,0.0629794745562
39,11,5,219,0.0,0.0,219,75743,3,4.5,1,0.0,0.0,4.88,24,93.0,0,12610,1,39,2,0,1,1,0.0,276.98,1,0.0,0.0,0.0,0.0,0.0,0.0,0.0,0.0,0.0,0.0,0.0,0.0,0.0,0.0,0.0,0.0,0.0,0.0,0.0,0.0,0.0,0.0,0.0,0.0,0,0.0,0,0.037037037037,0.0,0.389001463472,0.534345047601,-2.57816192173,0.0,0.643033000751,-1.62611997761,-0.100954295472,-0.971382286027
40,11,5,219,0.0,0.0,219,78768,3,5.0,1,2.08,0.0,4.95,12,93.0,0,12610,1,39,2,0,1,1,0.0,287.89,1,0.0,0.0,0.0,0.0,0.0,0.0,-1.0,0.0,9.0,0.0,0.0,0.0,-1.0,0.0,9.0,0.0,0.0,0.0,0.0,0.0,0.0,-1.0,0.0,9.0,0,0.0,0,0.0,0.0,0.389001463472,1.05297406439,0.744501133236,0.0,0.643033000751,1.0016998327,-1.12234044223,-0.971382286027
41,11,5,219,0.0,0.0,219,80764,2,3.5,1,1.79,0.0,3.87,21,60.0,0,12610,1,39,2,0,1,1,0.0,283.89,1,0.0,0.0,0.0,0.0,0.0,0.0,0.0,1.0,0.0,0.0,0.0,0.0,0.0,0.0,0.0,0.0,0.0,0.0,0.0,0.0,0.0,-1.0,0.0,10.0,0,0.0,0,0.0,0.0,-1.44486257861,-0.502912985977,0.281245226535,0.0,-0.757492874885,0.0382461900565,-1.12234044223,-0.971382286027
42,11,5,219,0.0,0.0,219,83769,4,4.5,1,2.08,0.0,5.24,37,123.0,0,12610,1,39,2,0,1,1,0.0,288.09,1,0.0,0.0,0.0,0.0,1.0,0.0,0.0,0.0,0.0,0.0,0.0,0.0,0.0,0.0,0.0,0.0,0.0,0.0,0.0,0.0,0.0,-1.0,0.0,7.0,0,0.0,0,0.078431372549,0.0196078431373,2.22286550555,0.534345047601,0.744501133236,0.0,1.91623834224,1.04987251483,1.04059492738,-0.180399763228
43,11,5,219,0.0,0.0,219,85264,2,3.0,1,1.95,0.0,4.31,30,70.0,0,12610,1,39,2,0,1,1,0.0,285.8,1,0.0,0.0,0.0,0.0,0.0,0.0,0.0,0.0,0.0,0.0,0.0,0.0,0.0,0.0,0.0,0.0,0.0,0.0,0.0,0.0,0.0,0.0,0.0,0.0,0,0.0,0,0.0,0.0,-1.44486257861,-1.02154200277,0.536834692301,0.0,-0.333091094389,0.498295304419,-1.12234044223,-0.971382286027
44,11,5,219,0.0,0.0,219,86294,2,3.0,1,2.2,0.0,4.01,28,51.0,0,12610,1,39,2,0,1,1,0.0,284.72,1,0.0,0.0,0.0,0.0,0.0,0.0,0.0,0.0,0.0,0.0,0.0,0.0,0.0,0.0,0.0,0.0,0.0,0.0,0.0,0.0,0.0,0.0,0.0,0.0,0,0.0,0,0.0,0.0,-1.44486257861,-1.02154200277,0.936193232561,0.0,-1.13945447733,0.238162820905,-1.12234044223,-0.971382286027
45,11,5,219,0.0,0.0,219,93949,3,4.0,0,1.61,0.0,4.64,35,74.0,0,12610,1,39,2,0,1,1,0.0,287.04,1,0.0,0.0,0.0,0.0,0.0,3.0,0.0,0.0,3.0,0.0,0.0,0.0,0.0,0.0,0.0,0.0,0.0,0.0,0.0,0.0,0.0,-1.0,0.0,10.0,0,0.0,0,0.0444444444444,0.0222222222222,0.389001463472,0.0157160308118,-0.00629292245258,0.0,-0.163330382191,0.796965933639,0.10332293388,-0.074935426855
46,11,5,219,0.0,0.0,219,95615,3,4.5,0,1.39,0.0702,4.64,6,80.0,0,12610,1,39,2,0,1,1,0.0,280.76,1,0.0,0.0,0.0,0.0,0.0,0.0,0.0,0.0,0.0,0.0,0.0,0.0,0.0,0.0,0.0,0.0,0.0,0.0,0.0,0.0,0.0,0.0,0.0,0.0,0,0.0,0,0.0,0.0,0.389001463472,0.534345047601,-0.357728437881,-1.49685145666,0.0913106861067,-0.715656285313,-1.12234044223,-0.971382286027
47,11,5,219,0.0,0.0,219,100969,4,4.5,0,1.39,0.0,4.98,16,89.0,1,12610,1,39,2,0,1,1,0.0,287.77,1,0.0,0.0,0.0,1.0,0.0,25.0,0.0,0.0,0.0,0.0,0.0,0.0,0.0,0.0,0.0,0.0,0.0,0.0,0.0,0.0,0.0,1.0,0.0,25.0,0,0.0,0,0.0963855421687,0.0963855421687,2.22286550555,0.534345047601,-0.357728437881,0.0,0.473272288553,0.972796223421,1.53572471079,2.91682095858
48,11,5,219,0.0,0.0,219,102705,3,5.0,1,1.39,0.2323,4.86,4,87.0,0,12610,1,39,2,0,1,1,0.0,280.41,1,0.0,0.0,0.0,0.0,1.0,0.0,0.0,0.0,0.0,0.0,0.0,0.0,1.0,0.0,9.0,0.0,0.0,0.0,0.0,0.0,0.0,0.0,0.0,0.0,0,0.0,0,0.108108108108,0.0810810810811,0.389001463472,1.05297406439,-0.357728437881,0.915073206607,0.388391932454,-0.799958479044,1.85900290507,2.29943733528
49,11,5,219,0.0,0.0,219,114096,3,4.0,1,1.61,0.0,4.98,34,62.0,0,12610,1,39,2,0,1,1,0.0,288.2,1,0.0,0.0,0.0,0.0,0.0,0.0,0.0,0.0,0.0,0.0,0.0,0.0,1.0,0.0,107.0,0.0,0.0,0.0,0.0,0.0,0.0,0.0,0.0,0.0,0,0.0,0,0.0,0.0,0.389001463472,0.0157160308118,-0.00629292245258,0.0,-0.672612518786,1.07636749001,-1.12234044223,-0.971382286027
50,11,5,219,0.0,0.0,219,122888,3,4.5,1,1.1,0.2605,4.89,1,71.0,0,12610,1,39,2,0,1,1,0.0,281.08,1,0.0,0.0,0.0,0.0,1.0,0.0,0.0,0.0,0.0,0.0,0.0,0.0,0.0,0.0,0.0,0.0,0.0,0.0,0.0,0.0,0.0,0.0,0.0,0.0,0,0.0,0,0.0,0.0,0.389001463472,0.534345047601,-0.820984344583,1.33466775012,-0.29065091634,-0.638579993901,-1.12234044223,-0.971382286027
51,11,5,219,0.0,0.0,219,124104,3,4.0,1,1.1,0.0,4.64,10,85.0,0,12610,1,39,2,0,1,1,0.0,275.81,1,0.0,0.0,0.0,0.0,0.0,0.0,0.0,0.0,0.0,0.0,0.0,0.0,0.0,0.0,0.0,0.0,0.0,0.0,0.0,0.0,0.0,0.0,0.0,0.0,0,0.0,0,0.0555555555556,0.0555555555556,0.389001463472,0.0157160308118,-0.820984344583,0.0,0.303511576355,-1.90793016808,0.409738777909,1.2697348619
52,11,5,219,0.0,0.0,219,134563,3,4.0,1,2.2,0.0,4.73,20,73.0,0,12610,1,39,2,0,1,1,0.0,284.5,1,0.0,0.0,0.0,0.0,0.0,0.0,0.0,0.0,0.0,0.0,0.0,0.0,0.0,0.0,0.0,0.0,0.0,0.0,0.0,0.0,0.0,0.0,0.0,0.0,0,0.0,0,0.027397260274,0.027397260274,0.389001463472,0.0157160308118,0.936193232561,0.0,-0.20577056024,0.18517287056,-0.366794525451,0.133826170487
53,11,5,219,0.0,0.0,219,136184,3,4.0,0,2.2,0.0,4.59,15,81.0,0,12610,1,39,2,0,1,1,0.0,284.78,1,0.0,0.0,0.0,0.0,0.0,0.0,0.0,0.0,0.0,0.0,0.0,0.0,0.0,0.0,0.0,0.0,0.0,0.0,0.0,0.0,0.0,0.0,0.0,0.0,0,0.0,0,0.038961038961,0.025974025974,0.389001463472,0.0157160308118,0.936193232561,0.0,0.133750864156,0.252614625545,-0.0478952748611,0.0764127441741
54,17,18,129,0.0,0.0,31,2196,4,4.5,0,6.83,0.7355,5.58,29,275.11,1,6285,4,194,4,1,2,1,0.0,433.61,1,0.0,0.0,0.0,0.0,0.0,0.0,0.0,0.0,0.0,0.0,0.0,0.0,0.0,0.0,0.0,1.0,0.0,3.0,1.0,0.0,3.0,0.0,0.0,0.0,0,0.0,0,0.0632911392405,0.0569620253165,0.952500952501,1.12114993004,0.325073501487,0.485550244421,0.824435600894,-0.785690385386,0.499854888836,1.02687794899
55,17,18,129,0.0,0.0,31,3309,3,3.5,0,6.64,0.3716,4.66,2,150.99,0,6285,4,194,4,1,2,1,0.0,434.25,1,0.0,0.0,0.0,0.0,0.0,0.0,0.0,0.0,0.0,0.0,0.0,0.0,0.0,0.0,0.0,0.0,0.0,0.0,0.0,0.0,0.0,0.0,0.0,0.0,0,0.0,0,0.0566037735849,0.0377358490566,-1.016001016,-0.92329994239,-1.05239622784,-1.8455744746,-1.47965102961,1.5905439509,0.293699538878,0.268764563623
56,17,18,129,0.0,0.0,31,11331,4,4.0,0,6.89,0.7774,5.17,6,305.82,0,6285,4,194,4,1,2,1,0.0,433.88,1,0.0,0.0,0.0,0.0,0.0,0.0,0.0,0.0,0.0,0.0,0.0,0.0,0.0,0.0,0.0,0.0,0.0,0.0,0.0,0.0,0.0,0.0,0.0,0.0,0,0.0,0,0.0776699029126,0.0679611650485,0.952500952501,0.0989249938275,0.760063942327,0.753959493464,1.39451697716,0.216783475235,0.943117484221,1.46058847706
57,17,18,129,0.0,0.0,31,17795,4,4.0,0,6.87,0.7659,5.5,25,271.27,1,6285,4,194,4,1,2,1,0.0,433.97,1,0.0,0.0,0.0,0.0,0.0,0.0,0.0,0.0,0.0,0.0,0.0,0.0,0.0,0.0,0.0,1.0,0.0,11.0,1.0,0.0,220.0,0.0,0.0,0.0,0,0.0,0,0.0694444444444,0.0486111111111,0.952500952501,0.0989249938275,0.615067128714,0.680291083822,0.753152224636,0.550941428776,0.689546443485,0.697590432142
58,17,18,129,0.0,0.0,31,21770,3,4.5,0,6.73,0.6478,5.12,14,168.91,0,6285,4,194,4,1,2,1,0.0,433.46,1,0.0,0.0,0.0,0.0,0.0,0.0,0.0,0.0,0.0,0.0,0.0,0.0,1.0,0.0,10.0,0.0,0.0,0.0,1.0,0.0,24.0,0.0,0.0,0.0,0,0.0,0,0.0714285714286,0.047619047619,-1.016001016,1.12114993004,-0.399910566578,-0.0762514534584,-1.14699527374,-1.34262030795,0.750712291719,0.658472065479
59,17,18,129,0.0,0.0,31,23984,4,4.0,0,6.9,0.6856,5.33,10,327.58,0,6285,4,194,4,1,2,1,0.0,433.82,1,0.0,0.0,0.0,0.0,0.0,0.0,0.0,0.0,0.0,0.0,0.0,0.0,-1.0,0.0,30.0,-1.0,0.0,30.0,1.0,0.0,148.0,0.0,0.0,0.0,0,0.0,0,0.0,0.0,0.952500952501,0.0989249938275,0.832562349133,0.165893406061,1.79845610929,-0.00598849379167,-1.4512582447,-1.21920953437
60,17,18,129,0.0,0.0,31,28503,4,4.5,0,6.87,0.6705,5.55,21,203.45,0,6285,4,194,4,1,2,1,0.0,434.08,1,0.0,0.0,0.0,0.0,0.0,0.0,0.0,0.0,0.0,0.0,0.0,0.0,0.0,0.0,0.0,0.0,0.0,0.0,0.0,0.0,0.0,0.0,0.0,0.0,0,0.0,0,0.0175438596491,0.0116959064327,0.952500952501,1.12114993004,0.615067128714,0.0691635812264,-0.505816155,0.959356705325,-0.910423376104,-0.758024580022
61,17,18,129,0.0,0.0,31,35054,4,3.5,0,6.75,0.7072,5.52,22,310.94,0,6285,4,194,4,1,2,1,0.0,433.56,1,0.0,0.0,0.0,0.0,0.0,0.0,0.0,0.0,0.0,0.0,0.0,0.0,0.0,0.0,0.0,0.0,0.0,0.0,0.0,0.0,0.0,0.0,0.0,0.0,0,0.0,0,0.0108695652174,0.0108695652174,0.952500952501,-0.92329994239,-0.254913752965,0.304261897215,1.48956147884,-0.971333692908,-1.11617577176,-0.790608299622
62,17,18,129,0.0,0.0,31,43549,3,4.0,0,6.89,0.7204,5.34,19,189.38,1,6285,4,194,4,1,2,1,0.0,433.8,1,0.0,0.0,0.0,0.0,0.0,0.0,0.0,0.0,0.0,0.0,0.0,0.0,0.0,0.0,0.0,0.0,0.0,0.0,0.0,0.0,0.0,0.0,0.0,0.0,0,0.0,0,0.0246913580247,0.0246913580247,-1.016001016,0.0989249938275,0.760063942327,0.388820419586,-0.767002900819,-0.0802458168006,-0.690083244455,-0.245596852967
63,17,18,129,0.0,0.0,31,45379,3,4.0,0,6.7,0.6259,5.03,30,278.95,0,6285,4,194,4,1,2,1,0.0,433.56,1,0.0,0.0,0.0,0.0,0.0,0.0,0.0,0.0,0.0,0.0,0.0,0.0,0.0,0.0,0.0,0.0,0.0,0.0,0.0,0.0,0.0,0.0,0.0,0.0,0,0.0,0,0.0,0.0,-1.016001016,0.0989249938275,-0.617405786998,-0.216541729212,0.895718977152,-0.971333692908,-1.4512582447,-1.21920953437
64,17,18,129,0.0,0.0,31,56046,4,4.0,0,6.69,0.6168,5.0,9,229.05,0,6285,4,194,4,1,2,1,0.0,433.43,1,0.0,0.0,0.0,0.0,0.0,0.0,0.0,0.0,0.0,0.0,0.0,0.0,0.0,0.0,0.0,0.0,0.0,0.0,0.0,1.0,0.0,0.0,0.0,0.0,0,0.0,0,0.02,0.02,0.952500952501,0.0989249938275,-0.689904193804,-0.274835862059,-0.0305936466147,-1.45400629247,-0.834706494501,-0.430583262434
65,17,18,129,0.0,0.0,31,58295,4,4.5,1,6.89,0.783,5.67,4,323.74,0,6285,4,194,4,1,2,1,0.0,433.88,1,0.0,0.0,0.0,0.0,0.0,0.0,0.0,0.0,0.0,0.0,0.0,0.0,-1.0,0.0,15.0,-1.0,0.0,15.0,0.0,1.0,0.0,0.0,0.0,0.0,0,0.0,0,0.113122171946,0.0814479638009,0.952500952501,1.12114993004,0.760063942327,0.789832805986,1.72717273303,0.216783475235,2.03602541026,1.99239066809
66,17,18,129,0.0,0.0,31,66095,4,3.5,0,6.88,0.7731,5.23,26,235.44,1,6285,4,194,4,1,2,1,0.0,433.96,1,0.0,0.0,0.0,0.0,0.0,0.0,0.0,0.0,0.0,0.0,0.0,0.0,0.0,0.0,0.0,-1.0,0.0,9.0,0.0,1.0,0.0,0.0,0.0,0.0,0,0.0,0,0.0673076923077,0.0480769230769,0.952500952501,-0.92329994239,0.68756553552,0.726413914207,0.0880263466893,0.513812767271,0.623675530002,0.676526696247
67,17,18,129,0.0,0.0,31,66890,4,4.0,1,6.7,0.5063,5.31,35,255.92,1,6285,4,194,4,1,2,1,0.0,434.23,1,0.0,0.0,0.0,0.0,0.0,0.0,0.0,0.0,0.0,0.0,0.0,0.0,0.0,0.0,0.0,0.0,0.0,0.0,0.0,0.0,0.0,0.0,0.0,0.0,0,0.0,0,0.0526315789474,0.0350877192982,0.952500952501,0.0989249938275,-0.617405786998,-0.982693189489,0.468204353398,1.51628662789,0.171246361083,0.164345328676
68,17,18,129,0.0,0.0,31,73557,3,4.0,0,6.79,0.7462,5.15,7,174.02,0,6285,4,194,4,1,2,1,0.0,433.67,1,0.0,0.0,0.0,0.0,0.0,0.0,0.0,0.0,0.0,0.0,0.0,0.0,0.0,0.0,0.0,0.0,0.0,0.0,-1.0,0.0,5.0,0.0,0.0,0.0,0,0.0,0,0.0566037735849,0.0377358490566,-1.016001016,0.0989249938275,0.0350798742612,0.554093895131,-1.05213640585,-0.562918416359,0.293699538878,0.268764563623
69,17,18,129,0.0,0.0,31,73790,3,4.0,0,6.69,0.6081,5.15,34,197.06,0,6285,4,194,4,1,2,1,0.0,433.42,1,0.0,0.0,0.0,0.0,0.0,0.0,0.0,0.0,0.0,0.0,0.0,0.0,0.0,0.0,0.0,1.0,0.0,16.0,0.0,0.0,0.0,0.0,0.0,0.0,0,0.0,0,0.0,0.0,-1.016001016,0.0989249938275,-0.689904193804,-0.33056761544,-0.624436148304,-1.49113495397,-1.4512582447,-1.21920953437
70,17,18,129,0.0,0.0,31,78834,3,4.5,0,6.91,0.6483,5.58,12,299.42,0,6285,4,194,4,1,2,1,0.0,433.81,1,0.0,0.0,0.0,0.0,0.0,0.0,0.0,0.0,0.0,0.0,0.0,0.0,-1.0,0.0,18.0,-1.0,0.0,18.0,-1.0,0.0,18.0,0.0,0.0,0.0,0,0.0,0,0.00854700854701,0.00854700854701,-1.016001016,1.12114993004,0.90506075594,-0.0730484791261,1.27571135007,-0.0431171552961,-1.18777459077,-0.882189760039
71,17,18,129,0.0,0.0,31,82886,4,4.5,0,6.9,0.7496,5.34,3,202.18,1,6285,4,194,4,1,2,1,0.0,433.88,1,0.0,0.0,0.0,0.0,0.0,0.0,0.0,0.0,0.0,0.0,0.0,0.0,0.0,0.0,0.0,0.0,0.0,0.0,0.0,0.0,0.0,0.0,0.0,0.0,0,0.0,0,0.041095890411,0.0205479452055,0.952500952501,1.12114993004,0.832562349133,0.57587412059,-0.529391646627,0.216783475235,-0.184371086759,-0.408977063203
72,17,18,129,0.0,0.0,31,83594,3,4.0,0,6.76,0.7088,5.1,33,179.14,0,6285,4,194,4,1,2,1,0.0,433.61,1,0.0,0.0,0.0,0.0,0.0,0.0,0.0,0.0,0.0,0.0,0.0,0.0,1.0,0.0,4.0,0.0,1.0,0.0,1.0,0.0,3.0,0.0,0.0,0.0,0,0.0,0,0.047619047619,0.047619047619,-1.016001016,0.0989249938275,-0.182415346158,0.314511415078,-0.957091904174,-0.785690385386,0.0167221129133,0.658472065479
73,17,18,129,0.0,0.0,31,84999,3,4.5,0,6.8,0.767,5.15,20,243.12,0,6285,4,194,4,1,2,1,0.0,433.66,1,0.0,0.0,0.0,0.0,0.0,0.0,0.0,0.0,0.0,0.0,0.0,0.0,0.0,0.0,0.0,0.0,0.0,0.0,0.0,0.0,0.0,0.0,0.0,0.0,0,0.0,0,0.0923076923077,0.0461538461538,-1.016001016,1.12114993004,0.107578281068,0.687337627353,0.230593099205,-0.600047077863,1.39436521775,0.600697247022
74,17,18,129,0.0,0.0,31,85819,3,3.0,0,6.35,0.1618,5.06,15,138.2,0,6285,4,194,4,1,2,1,0.0,434.43,1,0.0,0.0,0.0,0.0,0.0,0.0,0.0,0.0,0.0,0.0,0.0,0.0,0.0,0.0,0.0,0.0,0.0,0.0,0.0,0.0,0.0,0.0,0.0,0.0,0,0.0,0,0.0175438596491,0.0,-1.016001016,-1.94552487861,-3.15485002523,-3.18954250442,-1.71707665001,2.25885985798,-0.910423376104,-1.21920953437
75,17,18,129,0.0,0.0,31,87596,3,2.5,0,6.91,0.727,5.07,28,182.98,0,6285,4,194,4,1,2,1,0.0,433.87,1,0.0,0.0,0.0,0.0,0.0,0.0,0.0,0.0,0.0,0.0,0.0,0.0,0.0,0.0,0.0,0.0,0.0,0.0,0.0,0.0,0.0,0.0,0.0,0.0,1,0.0,0,0.0566037735849,0.0,-1.016001016,-2.96774981482,0.90506075594,0.431099680772,-0.885808527916,0.179654813731,0.293699538878,-1.21920953437
76,17,18,129,0.0,0.0,31,90634,4,4.0,0,6.4,0.1864,5.54,1,185.54,1,6285,4,194,4,1,2,1,0.0,434.46,1,0.0,0.0,0.0,0.0,0.0,0.0,0.0,0.0,0.0,0.0,0.0,0.0,0.0,0.0,0.0,0.0,0.0,0.0,0.0,0.0,0.0,0.0,0.0,0.0,0,0.0,0,0.016393442623,0.0,0.952500952501,0.0989249938275,-2.79235799119,-3.03195616727,-0.838286277077,2.37024584249,-0.945887957651,-1.21920953437
77,17,18,129,0.0,0.0,31,91671,3,4.0,0,6.74,0.7005,5.14,8,225.21,0,6285,4,194,4,1,2,1,0.0,433.54,1,0.0,0.0,0.0,0.0,0.0,0.0,0.0,0.0,0.0,0.0,0.0,0.0,0.0,0.0,0.0,0.0,0.0,0.0,0.0,0.0,0.0,0.0,0.0,0.0,0,0.0,0,0.0833333333333,0.0833333333333,-1.016001016,0.0989249938275,-0.327412159772,0.261342041162,-0.101877022872,-1.04559101592,1.11770738112,2.06673326537
78,17,18,129,0.0,0.0,31,101782,4,4.0,0,6.9,0.7543,5.7,32,231.61,1,6285,4,194,4,1,2,1,0.0,433.87,1,0.0,0.0,0.0,0.0,0.0,0.0,0.0,0.0,0.0,0.0,0.0,0.0,0.0,0.0,0.0,0.0,0.0,0.0,0.0,0.0,0.0,0.0,0.0,0.0,0,0.0,0,0.0520833333333,0.0208333333333,0.952500952501,0.0989249938275,0.832562349133,0.605982079314,0.0169286042239,0.179654813731,0.154345271439,-0.397723834436
79,17,18,129,0.0,0.0,31,104381,4,4.0,0,6.74,0.6728,5.3,24,262.32,0,6285,4,194,4,1,2,1,0.0,433.67,1,0.0,0.0,0.0,0.0,0.0,0.0,0.0,0.0,0.0,0.0,0.0,0.0,0.0,0.0,0.0,0.0,0.0,0.0,0.0,0.0,0.0,0.0,0.0,0.0,0,0.0,0,0.02,0.0,0.952500952501,0.0989249938275,-0.327412159772,0.0838972631548,0.587009980494,-0.562918416359,-0.834706494501,-1.21920953437
80,17,18,129,0.0,0.0,31,114872,4,4.5,0,6.82,0.7505,5.73,18,225.21,0,6285,4,194,4,1,2,1,0.0,433.61,1,0.0,0.0,0.0,0.0,0.0,0.0,0.0,0.0,0.0,0.0,0.0,0.0,0.0,0.0,0.0,0.0,0.0,0.0,0.0,0.0,0.0,0.0,0.0,0.0,0,0.0,0,0.0576923076923,0.0576923076923,0.952500952501,1.12114993004,0.252575094681,0.581639474389,-0.101877022872,-0.785690385386,0.327256419331,1.05567394237
81,17,18,129,0.0,0.0,31,116414,3,3.0,0,6.89,0.7614,5.22,13,165.07,0,6285,4,194,4,1,2,1,0.0,433.92,1,0.0,0.0,0.0,0.0,0.0,0.0,0.0,0.0,0.0,0.0,0.0,0.0,0.0,0.0,0.0,0.0,0.0,0.0,0.0,0.0,0.0,0.0,0.0,0.0,0,0.0,0,0.103448275862,0.0344827586207,-1.016001016,-1.94552487861,0.760063942327,0.651464314832,-1.21827864999,0.365298121253,1.73780253218,0.140490934486
82,17,18,129,0.0,0.0,31,119357,3,4.0,0,6.88,0.7592,5.04,27,190.66,0,6285,4,194,4,1,2,1,0.0,433.98,1,0.0,0.0,0.0,0.0,0.0,0.0,0.0,0.0,0.0,0.0,0.0,0.0,0.0,0.0,0.0,1.0,0.0,3.0,1.0,1.0,7.0,0.0,0.0,0.0,0,0.0,0,0.0882352941176,0.0588235294118,-1.016001016,0.0989249938275,0.68756553552,0.63737122777,-0.7432417754,0.58807009028,1.26882300617,1.10027950074
83,17,18,129,0.0,0.0,31,122245,3,3.5,0,6.72,0.6225,5.12,16,221.37,0,6285,4,194,4,1,2,1,0.0,433.69,1,0.0,0.0,0.0,0.0,0.0,0.0,0.0,0.0,0.0,0.0,0.0,0.0,-1.0,0.0,4.0,0.0,0.0,0.0,0.0,0.0,0.0,0.0,0.0,0.0,0,0.0,0,0.063829787234,0.0425531914894,-1.016001016,-0.92329994239,-0.472408973385,-0.238321954671,-0.17316039913,-0.48866109335,0.516460106993,0.458718703793
84,17,18,129,0.0,0.0,31,136312,4,4.0,0,6.91,0.7394,5.49,31,301.98,0,6285,4,194,4,1,2,1,0.0,433.89,1,0.0,0.0,0.0,0.0,0.0,0.0,0.0,0.0,0.0,0.0,0.0,0.0,0.0,0.0,0.0,0.0,0.0,0.0,0.0,0.0,0.0,0.0,0.0,0.0,0,0.0,0,0.00943396226415,0.00943396226415,0.952500952501,0.0989249938275,0.90506075594,0.510533444212,1.32323360091,0.25391213674,-1.16043194743,-0.847216009872
85,25,5,219,0.0,0.0,219,2863,3,4.0,1,1.95,0.027,4.51,1,68.0,0,3735,1,0,2,0,1,0,0.0,766.18,0,0.0,0.0,0.0,0.0,0.0,0.0,0.0,0.0,0.0,0.0,0.0,0.0,0.0,0.0,0.0,0.0,0.0,0.0,0.0,0.0,0.0,0.0,0.0,0.0,0,0.0,0,0.0212765957447,0.0212765957447,0.118835182204,0.27043219176,-0.24010673783,-0.463749369924,0.123206245815,-0.172520601816,-0.35283020535,-0.230078666688
86,25,5,219,0.0,0.0,219,12255,2,4.5,1,2.4,0.0078,4.75,13,78.0,0,3735,1,0,2,0,1,0,0.0,766.53,0,0.0,0.0,0.0,0.0,0.0,0.0,0.0,0.0,0.0,0.0,0.0,0.0,0.0,0.0,0.0,0.0,0.0,0.0,0.0,0.0,0.0,0.0,0.0,0.0,0,0.0,0,0.0208333333333,0.0104166666667,-1.18835182204,1.26201689488,0.360160106746,-0.625373746169,0.44334845935,0.0539126880673,-0.361923593087,-0.50412615342
87,25,5,219,0.0,0.0,219,20707,4,4.0,0,2.2,0.089,4.87,2,48.0,1,3735,1,0,2,0,1,0,0.0,767.4,0,0.0,0.0,0.0,0.0,0.0,0.0,0.0,0.0,0.0,0.0,0.0,0.0,0.0,0.0,0.0,0.0,0.0,0.0,0.0,0.0,0.0,0.0,0.0,0.0,0,0.0,0,0.105882352941,0.0823529411765,1.42602218645,0.27043219176,0.0933748424896,0.0581626783654,-0.517078181255,0.616761151491,1.38283006099,1.3111670306
88,25,5,219,0.0,0.0,219,22710,3,3.5,0,2.2,0.1054,4.4,10,47.0,1,3735,1,0,2,0,1,0,0.0,766.48,0,0.0,0.0,0.0,0.0,0.0,0.0,0.0,0.0,0.0,0.0,0.0,0.0,1.0,0.0,17.0,0.0,0.0,0.0,0.0,0.0,0.0,0.0,0.0,0.0,0,0.0,0,0.0111111111111,0.0111111111111,0.118835182204,-0.721152511361,0.0933748424896,0.196216833074,-0.549092402608,0.0215650752269,-0.561371897444,-0.486602028418
89,25,5,219,0.0,0.0,219,23228,4,4.0,0,3.26,0.3676,4.44,22,42.0,1,3735,1,0,2,0,1,0,0.0,767.86,0,0.0,0.0,0.0,0.0,0.0,0.0,0.0,0.0,0.0,0.0,0.0,0.0,0.0,0.0,0.0,0.0,0.0,0.0,0.0,0.0,0.0,0.0,0.0,0.0,1,47.1,1,0.104651162791,0.0813953488372,1.42602218645,0.27043219176,1.50733674305,2.40339972116,-0.709163509376,0.914359189623,1.35757258567,1.28700243689
90,25,5,219,0.0,0.0,219,30829,2,3.5,1,1.39,0.0034,4.22,29,55.0,0,3735,1,0,2,0,1,0,0.0,767.03,0,0.0,0.0,0.0,0.0,0.0,0.0,0.0,0.0,0.0,0.0,0.0,0.0,0.0,0.0,0.0,0.0,0.0,0.0,0.0,0.0,0.0,0.0,0.0,0.0,0,0.0,0,0.0103092783505,0.0103092783505,-1.18835182204,-0.721152511361,-0.987105477748,-0.662412665725,-0.29297863178,0.377388816472,-0.577821242133,-0.506836069657
91,25,5,219,0.0,0.0,219,50684,3,3.5,1,1.61,0.0014,4.85,30,110.0,0,3735,1,0,2,0,1,0,0.0,764.04,0,0.0,0.0,0.0,0.0,0.0,0.0,-1.0,0.0,7.0,0.0,0.0,0.0,0.0,0.0,0.0,0.0,0.0,0.0,0.0,0.0,0.0,0.0,0.0,0.0,0,0.0,0,0.0,0.0,0.118835182204,-0.721152511361,-0.693641687066,-0.679248538251,1.46780354266,-1.55699843139,-0.789312816709,-0.766988028448
92,25,5,219,0.0,0.0,219,53298,2,3.5,0,3.14,0.0655,4.54,24,53.0,1,3735,1,0,2,0,1,0,0.0,767.92,0,0.0,0.0,0.0,0.0,0.0,0.0,0.0,0.0,0.0,0.0,0.0,0.0,0.0,0.0,0.0,0.0,0.0,0.0,0.0,0.0,0.0,0.0,0.0,0.0,0,0.0,0,0.0102040816327,0.0102040816327,-1.18835182204,-0.721152511361,1.34726558449,-0.139658823809,-0.357007074487,0.953176325032,-0.579979319425,-0.509490681482
93,25,5,219,0.0,0.0,219,54036,3,4.5,1,1.79,0.005,4.87,35,109.0,0,3735,1,0,2,0,1,0,0.0,765.87,0,0.0,0.0,0.0,0.0,0.0,0.0,0.0,0.0,0.0,0.0,0.0,0.0,0.0,0.0,0.0,0.0,0.0,0.0,0.0,0.0,0.0,0.0,0.0,0.0,0,0.0,0,0.0222222222222,0.0222222222222,0.118835182204,1.26201689488,-0.453534949235,-0.648943967705,1.43578932131,-0.373075801427,-0.333430978179,-0.206216028388
94,25,5,219,0.0,0.0,219,54226,4,4.0,0,1.79,0.0559,4.76,4,45.0,0,3735,1,0,2,0,1,0,0.0,767.26,0,0.0,0.0,0.0,0.0,0.0,0.0,0.0,0.0,0.0,0.0,0.0,0.0,0.0,0.0,0.0,0.0,0.0,0.0,0.0,0.0,0.0,0.0,0.0,0.0,0,0.0,0,0.093023255814,0.0697674418605,1.42602218645,0.27043219176,-0.453534949235,-0.220471011931,-0.613120845315,0.526187835538,1.11902976319,0.993575227556
95,25,5,219,0.0,0.0,219,56370,2,3.5,1,1.39,0.0034,4.32,28,65.0,0,3735,1,0,2,0,1,0,0.0,767.02,0,0.0,0.0,0.0,1.0,0.0,7.0,1.0,0.0,7.0,0.0,0.0,0.0,0.0,0.0,0.0,0.0,0.0,0.0,0.0,0.0,0.0,1.0,0.0,7.0,0,0.0,0,0.0,0.0,-1.18835182204,-0.721152511361,-0.987105477748,-0.662412665725,0.0271635817545,0.370919293904,-0.789312816709,-0.766988028448
96,25,5,219,0.0,0.0,219,61189,3,4.0,0,1.39,0.0148,4.21,27,40.0,0,3735,1,0,2,0,1,0,0.0,763.54,0,0.0,0.0,0.0,0.0,0.0,0.0,0.0,0.0,0.0,0.0,0.0,0.0,0.0,0.0,0.0,0.0,0.0,0.0,0.0,0.0,0.0,0.0,0.0,0.0,0,0.0,0,0.029702970297,0.019801980198,0.118835182204,0.27043219176,-0.987105477748,-0.56644819233,-0.773191952083,-1.88047455979,-0.179965804812,-0.267290206612
97,25,5,219,0.0,0.0,219,61885,3,3.5,1,1.79,0.0061,5.72,36,139.0,0,3735,1,0,2,0,1,0,0.0,766.02,0,0.0,0.0,0.0,0.0,0.0,0.0,0.0,0.0,0.0,0.0,0.0,0.0,0.0,0.0,0.0,0.0,0.0,0.0,0.0,0.0,0.0,0.0,0.0,0.0,0,0.0,0,0.0,0.0,0.118835182204,-0.721152511361,-0.453534949235,-0.639684237816,2.39621596191,-0.276032962905,-0.789312816709,-0.766988028448
98,25,5,219,0.0,0.0,219,63731,3,5.0,1,0.69,0.0005,5.27,33,119.0,0,3735,1,0,2,0,1,0,0.0,761.97,0,0.0,0.0,0.0,0.0,0.0,0.0,0.0,0.0,0.0,0.0,0.0,0.0,-1.0,0.0,16.0,0.0,0.0,0.0,0.0,0.0,0.0,-1.0,0.0,16.0,0,0.0,0,0.0,0.0,0.118835182204,2.253601598,-1.92085390264,-0.686824680887,1.75593153484,-2.89618960298,-0.789312816709,-0.766988028448
99,25,5,219,0.0,0.0,219,65623,3,4.0,1,2.3,0.0153,4.92,9,110.0,0,3735,1,0,2,0,1,0,0.0,766.33,0,0.0,0.0,0.0,0.0,0.0,0.0,-1.0,0.0,4.0,0.0,0.0,0.0,0.0,0.0,0.0,0.0,0.0,0.0,0.0,0.0,0.0,0.0,0.0,0.0,0,0.0,0,0.00961538461538,0.0,0.118835182204,0.27043219176,0.226767474618,-0.562239224198,1.46780354266,-0.0754777632945,-0.59205625196,-0.766988028448
100,25,5,219,0.0,0.0,219,66171,3,4.0,1,2.08,0.0181,4.41,6,65.0,0,3735,1,0,2,0,1,0,0.0,766.33,0,0.0,0.0,0.0,0.0,0.0,0.0,-1.0,0.0,4.0,0.0,0.0,0.0,0.0,0.0,0.0,0.0,0.0,0.0,0.0,0.0,0.0,0.0,0.0,0.0,0,0.0,0,0.0363636363636,0.0181818181818,0.118835182204,0.27043219176,-0.066696316064,-0.538669002663,0.0271635817545,-0.0754777632945,-0.0433243536594,-0.308174573853
101,25,5,219,0.0,0.0,219,66209,4,4.0,1,3.26,0.2481,4.17,19,32.0,1,3735,1,0,2,0,1,0,0.0,767.78,0,0.0,0.0,0.0,0.0,0.0,0.0,0.0,0.0,0.0,0.0,0.0,0.0,0.0,0.0,0.0,0.0,0.0,0.0,0.0,0.0,0.0,0.0,0.0,0.0,0,0.0,0,0.0277777777778,0.0185185185185,1.42602218645,0.27043219176,1.50733674305,1.39745633777,-1.02930572291,0.862603009079,-0.219460518546,-0.299678028398
102,25,5,219,0.0,0.0,219,68528,4,4.0,0,2.08,0.205,4.29,7,49.0,1,3735,1,0,2,0,1,0,0.0,766.29,0,0.0,0.0,0.0,0.0,0.0,0.0,0.0,0.0,0.0,0.0,0.0,0.0,0.0,0.0,0.0,0.0,0.0,0.0,0.0,0.0,0.0,0.0,0.0,0.0,0,0.0,0,0.184466019417,0.145631067961,1.42602218645,0.27043219176,-0.066696316064,1.03464328484,-0.485063959901,-0.101355853567,2.99494904682,2.90797410787
103,25,5,219,0.0,0.0,219,69645,2,3.5,1,1.39,0.0012,4.18,32,75.0,0,3735,1,0,2,0,1,0,0.0,762.43,0,0.0,0.0,0.0,0.0,0.0,0.0,0.0,0.0,0.0,0.0,0.0,0.0,0.0,0.0,0.0,0.0,0.0,0.0,0.0,0.0,0.0,0.0,0.0,0.0,0,0.0,0,0.0,0.0,-1.18835182204,-0.721152511361,-0.987105477748,-0.680932125503,0.347305795289,-2.59859156485,-0.789312816709,-0.766988028448
104,25,5,219,0.0,0.0,219,79870,2,4.0,1,2.2,0.1053,4.06,8,37.0,1,3735,1,0,2,0,1,0,0.0,766.48,0,0.0,0.0,0.0,0.0,0.0,0.0,0.0,0.0,0.0,0.0,0.0,0.0,0.0,0.0,0.0,0.0,0.0,0.0,0.0,0.0,0.0,0.0,0.0,0.0,0,0.0,0,0.0188679245283,0.0188679245283,-1.18835182204,0.27043219176,0.0933748424896,0.195375039448,-0.869234616143,0.0215650752269,-0.402243331164,-0.290860858586
105,25,5,219,0.0,0.0,219,81772,3,3.5,0,3.22,0.2775,4.16,18,29.0,0,3735,1,0,2,0,1,0,0.0,768.08,0,0.0,0.0,0.0,0.0,0.0,0.0,0.0,0.0,0.0,0.0,0.0,0.0,0.0,0.0,0.0,0.0,0.0,0.0,0.0,0.0,0.0,0.0,0.0,0.0,0,0.0,0,0.0952380952381,0.0857142857143,0.118835182204,-0.721152511361,1.4539796902,1.64494366389,-1.12534838697,1.05668868612,1.16446649128,1.39598968607
106,25,5,219,0.0,0.0,219,83281,2,3.5,1,2.08,0.0555,4.37,12,45.0,0,3735,1,0,2,0,1,0,0.0,767.35,0,0.0,0.0,0.0,1.0,0.0,11.0,0.0,0.0,0.0,0.0,0.0,0.0,0.0,0.0,0.0,0.0,0.0,0.0,0.0,0.0,0.0,0.0,0.0,0.0,0,0.0,0,0.00934579439252,0.0,-1.18835182204,-0.721152511361,-0.066696316064,-0.223838186436,-0.613120845315,0.584413538651,-0.597586809851,-0.766988028448
107,25,5,219,0.0,0.0,219,88629,2,2.5,1,0.69,0.0017,4.23,31,35.0,0,3735,1,0,2,0,1,0,0.0,768.04,0,0.0,0.0,0.0,0.0,0.0,0.0,0.0,0.0,0.0,0.0,0.0,0.0,0.0,0.0,0.0,0.0,0.0,0.0,0.0,0.0,0.0,0.0,0.0,0.0,0,0.0,0,0.0,0.0,-1.18835182204,-2.7043219176,-1.92085390264,-0.676723157372,-0.93326305885,1.03081059585,-0.789312816709,-0.766988028448
108,25,5,219,0.0,0.0,219,91587,3,4.5,1,1.61,0.0213,4.93,3,129.0,0,3735,1,0,2,0,1,0,0.0,766.24,0,0.0,0.0,0.0,0.0,0.0,0.0,-1.0,0.0,10.0,0.0,0.0,0.0,0.0,0.0,0.0,0.0,0.0,0.0,0.0,0.0,0.0,0.0,0.0,0.0,0,0.0,0,0.0480769230769,0.0288461538462,0.118835182204,1.26201689488,-0.693641687066,-0.511731606622,2.07607374838,-0.133703466407,0.196970007034,-0.0390628360619
109,25,5,219,0.0,0.0,219,112716,4,4.0,0,1.61,0.0512,4.42,14,48.0,0,3735,1,0,2,0,1,0,0.0,764.98,0,0.0,0.0,0.0,0.0,0.0,0.0,0.0,0.0,0.0,0.0,0.0,0.0,0.0,0.0,0.0,0.0,0.0,0.0,0.0,0.0,0.0,0.0,0.0,0.0,0,0.0,0,0.0769230769231,0.0769230769231,1.42602218645,0.27043219176,-0.693641687066,-0.260035312366,-0.517078181255,-0.948863309987,0.788739701281,1.17414581792
110,25,5,219,0.0,0.0,219,118859,3,4.0,1,3.26,0.3584,4.45,21,27.0,1,3735,1,0,2,0,1,0,0.0,767.93,0,0.0,0.0,0.0,1.0,0.0,19.0,0.0,0.0,0.0,0.0,0.0,0.0,0.0,0.0,0.0,0.0,0.0,0.0,0.0,0.0,0.0,0.0,0.0,0.0,0,0.0,0,0.106796116505,0.0970873786408,0.118835182204,0.27043219176,1.50733674305,2.32595470755,-1.18937682968,0.9596458476,1.4015756306,1.6829867291
111,25,5,219,0.0,0.0,219,120046,4,4.0,0,3.26,0.0955,4.68,16,50.0,0,3735,1,0,2,0,1,0,0.0,767.68,0,0.0,0.0,0.0,0.0,0.0,0.0,0.0,0.0,0.0,0.0,0.0,0.0,0.0,0.0,0.0,0.0,0.0,0.0,0.0,0.0,0.0,0.0,0.0,0.0,0,0.0,0,0.0571428571429,0.0571428571429,1.42602218645,0.27043219176,1.50733674305,0.112879264073,-0.453049738548,0.797907783398,0.382954768083,0.674997114565
112,25,5,219,0.0,0.0,219,120328,2,3.5,1,1.79,0.0061,4.52,34,62.0,0,3735,1,0,2,0,1,0,0.0,766.02,0,0.0,0.0,0.0,0.0,0.0,0.0,0.0,0.0,0.0,0.0,0.0,0.0,0.0,0.0,0.0,0.0,0.0,0.0,0.0,0.0,0.0,0.0,0.0,0.0,0,0.0,0,0.0,0.0,-1.18835182204,-0.721152511361,-0.453534949235,-0.639684237816,-0.068879082306,-0.276032962905,-0.789312816709,-0.766988028448
113,25,5,219,0.0,0.0,219,122279,2,3.0,1,3.04,0.008,4.2,26,38.0,0,3735,1,0,2,0,1,0,0.0,767.34,0,0.0,0.0,0.0,0.0,0.0,0.0,0.0,0.0,0.0,0.0,0.0,0.0,0.0,0.0,0.0,0.0,0.0,0.0,0.0,0.0,0.0,0.0,0.0,0.0,0,0.0,0,0.0,0.0,-1.18835182204,-1.71273721448,1.21387295237,-0.623690158916,-0.83722039479,0.577944016083,-0.789312816709,-0.766988028448
114,25,5,219,0.0,0.0,219,125384,3,3.5,1,2.77,0.0071,4.49,25,60.0,0,3735,1,0,2,0,1,0,0.0,767.08,0,0.0,0.0,0.0,0.0,0.0,0.0,0.0,0.0,0.0,0.0,0.0,0.0,1.0,0.0,16.0,0.0,0.0,0.0,0.0,0.0,0.0,0.0,0.0,0.0,0,0.0,0,0.00961538461538,0.0,0.118835182204,-0.721152511361,0.85371284562,-0.631266301553,-0.132907525013,0.409736429312,-0.59205625196,-0.766988028448
115,25,5,219,0.0,0.0,219,126136,4,4.0,0,3.26,0.3928,4.65,20,39.0,0,3735,1,0,2,0,1,0,0.0,767.93,0,0.0,0.0,0.0,0.0,0.0,0.0,1.0,0.0,2.0,0.0,0.0,0.0,0.0,0.0,0.0,0.0,0.0,0.0,0.0,0.0,0.0,0.0,0.0,0.0,0,0.0,0,0.150537634409,0.10752688172,1.42602218645,0.27043219176,1.50733674305,2.61553171499,-0.805206173436,0.9596458476,2.29891899269,1.94642487507
116,25,5,219,0.0,0.0,219,126803,2,4.0,1,1.61,0.0,4.18,15,60.0,0,3735,1,0,2,0,1,0,0.0,767.55,0,0.0,0.0,0.0,0.0,0.0,0.0,0.0,0.0,0.0,0.0,0.0,0.0,0.0,0.0,0.0,0.0,0.0,0.0,0.0,0.0,0.0,0.0,0.0,0.0,0,0.0,0,0.00970873786408,0.00970873786408,-1.18835182204,0.27043219176,-0.693641687066,0.0,-0.132907525013,0.713803990013,-0.590141139681,-0.521990552694
117,25,5,219,0.0,0.0,219,133065,3,5.0,1,1.79,0.006,4.75,37,109.0,0,3735,1,0,2,0,1,0,0.0,765.76,0,0.0,0.0,0.0,0.0,0.0,0.0,0.0,0.0,0.0,0.0,0.0,0.0,0.0,0.0,0.0,0.0,0.0,0.0,0.0,0.0,0.0,0.0,0.0,0.0,0,0.0,0,0.0,0.0,0.118835182204,2.253601598,-0.453534949235,-0.640526031442,1.43578932131,-0.444240549676,-0.789312816709,-0.766988028448
118,28,5,219,0.0,0.0,219,5739,4,4.5,1,2.64,0.0468,5.38,3,110.0,1,24232,3,27,1,0,1,0,0.0,116.36,0,0.0,0.0,0.0,0.0,0.0,0.0,0.0,0.0,0.0,0.0,0.0,0.0,1.0,0.0,31.0,0.0,0.0,0.0,0.0,0.0,0.0,0.0,0.0,0.0,0,0.0,0,0.0858895705521,0.0736196319018,0.846479963805,0.930247499056,0.55279301435,0.26523505311,0.773499790151,0.112165651637,1.17752177467,1.47892373223
119,28,5,219,0.0,0.0,219,11244,2,3.0,1,2.2,0.0105,4.65,38,54.0,1,24232,3,27,1,0,1,0,0.0,115.24,0,0.0,0.0,0.0,0.0,0.0,0.0,0.0,0.0,0.0,0.0,0.0,0.0,0.0,0.0,0.0,0.0,0.0,0.0,0.0,0.0,0.0,0.0,0.0,0.0,0,0.0,0,0.0505050505051,0.0353535353535,-2.18302727508,-2.86516229709,-0.16507013623,-0.941819159826,-1.55310937327,-0.291927821809,0.17630749146,0.140528225663
120,28,5,219,0.0,0.0,219,11726,3,4.0,1,2.64,0.0178,5.24,12,89.0,0,24232,3,27,1,0,1,0,0.0,115.75,0,0.0,0.0,0.0,0.0,0.0,0.0,0.0,0.0,0.0,0.0,0.0,0.0,0.0,0.0,0.0,0.0,0.0,0.0,0.0,0.0,0.0,0.0,0.0,0.0,0,0.0,0,0.00884955752212,0.00884955752212,-0.668273655635,-0.33488909966,0.55279301435,-0.699078229952,-0.0989786461331,-0.107920972294,-1.0023456171,-0.786475258761
121,28,5,219,0.0,0.0,219,13996,4,4.0,1,2.89,0.0491,5.07,26,85.0,0,24232,3,27,1,0,1,0,0.0,116.14,0,0.0,0.0,0.0,0.0,0.0,0.0,0.0,0.0,0.0,0.0,0.0,0.0,-1.0,0.0,9.0,0.0,0.0,0.0,0.0,0.0,0.0,-1.0,0.0,9.0,1,286.32,1,0.0443349753695,0.0344827586207,0.846479963805,-0.33488909966,0.960669804453,0.341715072112,-0.265165014949,0.0327901479241,0.001723595847,0.110071926965
122,28,5,219,0.0,0.0,219,16096,3,4.5,1,1.61,0.0143,4.44,32,60.0,0,24232,3,27,1,0,1,0,0.0,114.45,0,0.0,0.0,0.0,0.0,0.0,0.0,0.0,0.0,0.0,0.0,0.0,0.0,0.0,0.0,0.0,0.0,0.0,0.0,0.0,0.0,0.0,0.0,0.0,0.0,0,0.0,0,0.0427807486631,0.0374331550802,-0.668273655635,0.930247499056,-1.12765936087,-0.815460867563,-1.30382982005,-0.576958039686,-0.0422536567955,0.21326503314
123,28,5,219,0.0,0.0,219,17853,4,4.0,1,2.48,0.0369,5.46,13,119.0,0,24232,3,27,1,0,1,0,0.0,116.58,0,0.0,0.0,0.0,0.0,0.0,0.0,0.0,0.0,0.0,0.0,0.0,0.0,0.0,1.0,0.0,0.0,0.0,0.0,0.0,0.0,0.0,0.0,0.0,0.0,0,0.0,0,0.0438596491228,0.0175438596491,0.846479963805,-0.33488909966,0.291751868685,-0.0639615504181,1.14741911999,0.191541155349,-0.0117258850756,-0.482383230854
124,28,5,219,0.0,0.0,219,18016,3,3.0,1,3.04,0.0894,4.43,1,44.0,1,24232,3,27,1,0,1,0,0.0,115.77,0,0.0,0.0,0.0,1.0,0.0,12.0,0.0,0.0,0.0,0.0,0.0,0.0,0.0,0.0,19.0,0.0,0.0,0.0,0.0,0.0,0.0,1.0,0.0,5.0,0,0.0,0,0.140271493213,0.122171945701,-0.668273655635,-2.86516229709,1.20539587851,1.68177801375,-1.96857529531,-0.100705017411,2.71627255166,3.17709011145
125,28,5,219,0.0,0.0,219,19598,4,4.0,1,2.64,0.042,5.35,4,98.0,0,24232,3,27,1,0,1,0,0.0,116.07,0,0.0,0.0,0.0,0.0,0.0,0.0,0.0,0.0,0.0,0.0,0.0,0.0,0.0,0.0,0.0,0.0,0.0,0.0,0.0,0.0,0.0,0.0,0.0,0.0,0,0.0,0,0.0545454545455,0.0424242424242,0.846479963805,-0.33488909966,0.55279301435,0.105624578672,0.274940683703,0.00753430583368,0.290631784393,0.387833371086
126,28,5,219,0.0,0.0,219,22984,4,4.5,0,1.1,0.0249,4.95,2,159.0,1,24232,3,27,1,0,1,0,0.0,131.1,0,0.0,0.0,0.0,0.0,0.0,0.0,0.0,0.0,0.0,0.0,0.0,0.0,0.0,0.0,0.0,0.0,0.0,0.0,0.0,0.0,0.0,0.0,0.0,0.0,0,0.0,0,0.0909090909091,0.0227272727273,0.846479963805,0.930247499056,-1.95972801268,-0.462987736513,2.80928280815,5.43032440038,1.31955042079,-0.30108810545
127,28,5,219,0.0,0.0,219,23150,4,3.5,1,2.64,0.041,5.24,6,101.0,0,24232,3,27,1,0,1,0,0.0,116.07,0,0.0,0.0,0.0,1.0,0.0,5.0,0.0,0.0,0.0,0.0,0.0,0.0,0.0,0.0,0.0,0.0,0.0,0.0,0.0,0.0,0.0,0.0,0.0,0.0,0,0.0,0,0.05,0.0214285714286,0.846479963805,-1.60002569838,0.55279301435,0.0723723964976,0.399580460315,0.00753430583368,0.162016954843,-0.346511499507
128,28,5,219,0.0,0.0,219,24003,2,4.0,1,1.1,0.0182,4.45,7,56.0,1,24232,3,27,1,0,1,0,0.0,116.93,0,0.0,0.0,0.0,0.0,0.0,0.0,0.0,0.0,0.0,0.0,0.0,0.0,1.0,0.0,13.0,0.0,0.0,0.0,0.0,0.0,0.0,0.0,0.0,0.0,0,0.0,0,0.0152671755725,0.0,-2.18302727508,-0.33488909966,-1.95972801268,-0.685777357082,-1.47001618887,0.317820365801,-0.820757429735,-1.09599750145
129,28,5,219,0.0,0.0,219,26804,4,4.0,1,3.0,0.0363,4.9,28,79.0,0,24232,3,27,1,0,1,0,0.0,115.87,0,0.0,0.0,0.0,0.0,0.0,0.0,0.0,0.0,0.0,0.0,0.0,0.0,0.0,0.0,0.0,0.0,0.0,0.0,0.0,0.0,0.0,1.0,0.0,12.0,0,0.0,0,0.0253164556962,0.0189873417722,0.846479963805,-0.33488909966,1.1401355921,-0.0839128597229,-0.514444568173,-0.064625242996,-0.536410410689,-0.431895980742
130,28,5,219,0.0,0.0,219,33528,4,4.5,1,2.48,0.0372,5.23,29,97.0,0,24232,3,27,1,0,1,0,0.0,116.41,0,0.0,0.0,0.0,0.0,0.0,0.0,0.0,0.0,0.0,0.0,0.0,0.0,0.0,0.0,0.0,0.0,0.0,0.0,0.0,0.0,0.0,0.0,0.0,0.0,0,0.0,0,0.077380952381,0.0595238095238,0.846479963805,0.930247499056,0.291751868685,-0.0539858957658,0.233394091499,0.130205538844,0.936768189991,0.985908059507
131,28,5,219,0.0,0.0,219,34187,3,4.0,1,2.08,0.0672,4.77,14,79.0,1,24232,3,27,1,0,1,0,0.0,114.8,0,0.0,0.0,0.0,1.0,0.0,11.0,0.0,0.0,0.0,0.0,0.0,0.0,0.0,0.0,0.0,0.0,0.0,0.0,0.0,0.0,0.0,1.0,0.0,11.0,0,0.0,0,0.03125,0.03125,-0.668273655635,-0.33488909966,-0.360850995479,0.943579569471,-0.514444568173,-0.450678829235,-0.368519217051,-0.00299708194884
132,28,5,219,0.0,0.0,219,35767,4,4.5,1,1.61,0.0229,5.35,9,95.0,1,24232,3,27,1,0,1,0,0.0,115.0,0,0.0,0.0,0.0,0.0,0.0,0.0,0.0,0.0,0.0,0.0,0.0,0.0,0.0,0.0,0.0,0.0,0.0,0.0,0.0,0.0,0.0,0.0,0.0,0.0,0,0.0,0,0.0604026845638,0.0268456375839,0.846479963805,0.930247499056,-1.12765936087,-0.529492100862,0.150300907091,-0.378519280405,0.45636364529,-0.157044120939
133,28,5,219,0.0,0.0,219,50188,3,4.5,1,2.77,0.0136,5.12,31,84.0,0,24232,3,27,1,0,1,0,0.0,115.52,0,0.0,0.0,0.0,0.0,0.0,0.0,0.0,0.0,0.0,0.0,0.0,0.0,0.0,0.0,0.0,0.0,0.0,0.0,0.0,0.0,0.0,0.0,0.0,0.0,0,0.0,0,0.031847133758,0.0191082802548,-0.668273655635,0.930247499056,0.764888945204,-0.838737395085,-0.306711607153,-0.190904453448,-0.351623160622,-0.42766603475
134,28,5,219,0.0,0.0,219,65557,4,4.0,0,1.79,0.0233,4.9,16,82.0,1,24232,3,27,1,0,1,0,0.0,113.24,0,0.0,0.0,0.0,-1.0,0.0,5.0,0.0,0.0,0.0,0.0,0.0,0.0,1.0,0.0,11.0,0.0,0.0,0.0,0.0,0.0,0.0,1.0,0.0,11.0,0,0.0,0,0.0538922155689,0.0419161676647,0.846479963805,-0.33488909966,-0.833988071997,-0.516191227992,-0.389804791561,-1.01352331011,0.272148216075,0.370062941475
135,28,5,219,0.0,0.0,219,66769,4,4.5,1,2.71,0.0108,5.42,25,129.0,0,24232,3,27,1,0,1,0,0.0,114.89,0,0.0,0.0,0.0,0.0,0.0,0.0,0.0,0.0,0.0,0.0,0.0,0.0,0.0,0.0,0.0,0.0,0.0,0.0,0.0,0.0,0.0,0.0,0.0,0.0,0,0.0,0,0.037037037037,0.0277777777778,0.846479963805,0.930247499056,0.666998515579,-0.931843505174,1.56288504203,-0.418207032261,-0.204773484985,-0.124441573005
136,28,5,219,0.0,0.0,219,67406,2,4.0,1,1.1,0.0106,4.61,30,69.0,0,24232,3,27,1,0,1,0,0.0,117.12,0,0.0,0.0,0.0,0.0,0.0,0.0,0.0,0.0,0.0,0.0,0.0,0.0,0.0,0.0,0.0,0.0,0.0,0.0,0.0,0.0,0.0,0.0,0.0,0.0,0,0.0,0,0.00854700854701,0.0,-2.18302727508,-0.33488909966,-1.95972801268,-0.938493941609,-0.929910490214,0.386371937189,-1.01090631977,-1.09599750145
137,28,5,219,0.0,0.0,219,69294,4,4.0,1,3.09,0.0579,4.76,22,76.0,0,24232,3,27,1,0,1,0,0.0,115.88,0,0.0,0.0,0.0,0.0,0.0,0.0,0.0,0.0,0.0,0.0,0.0,0.0,0.0,0.0,0.0,0.0,0.0,0.0,0.0,0.0,0.0,0.0,0.0,0.0,0,0.0,0,0.0543933054393,0.0418410041841,0.846479963805,-0.33488909966,1.28697123653,0.634334275248,-0.639084344785,-0.0610172655545,0.286326685496,0.367434022569
138,28,5,219,0.0,0.0,219,72185,3,4.0,0,1.95,0.078,4.93,37,91.0,1,24232,3,27,1,0,1,0,0.0,115.33,0,0.0,0.0,0.0,0.0,0.0,0.0,0.0,0.0,0.0,0.0,0.0,0.0,0.0,0.0,0.0,0.0,0.0,0.0,0.0,0.0,0.0,0.0,0.0,0.0,0,0.0,0,0.0817610062893,0.0566037735849,-0.668273655635,-0.33488909966,-0.572946926332,1.30270313696,-0.0158854617251,-0.259456024836,1.0607029651,0.883776843309
139,28,5,219,0.0,0.0,219,72909,4,4.5,1,1.95,0.0939,5.0,19,75.0,1,24232,3,27,1,0,1,0,0.0,114.89,0,0.0,0.0,0.0,0.0,0.0,0.0,0.0,0.0,0.0,0.0,0.0,0.0,0.0,0.0,0.0,0.0,0.0,0.0,0.0,0.0,0.0,0.0,0.0,0.0,0,0.0,0,0.013698630137,0.00684931506849,0.846479963805,0.930247499056,-0.572946926332,1.83141283353,-0.680630936989,-0.418207032261,-0.865139834578,-0.856435765671
140,28,5,219,0.0,0.0,219,75069,3,4.5,1,2.83,0.0125,5.11,36,99.0,0,24232,3,27,1,0,1,0,0.0,115.12,0,0.0,0.0,0.0,0.0,0.0,0.0,0.0,0.0,0.0,0.0,0.0,0.0,0.0,0.0,0.0,0.0,0.0,0.0,0.0,0.0,0.0,0.0,0.0,0.0,0,0.0,0,0.00641025641026,0.00641025641026,-0.668273655635,0.930247499056,0.862779374828,-0.875314795477,0.316487275907,-0.335223551107,-1.07136628238,-0.871792287196
141,28,5,219,0.0,0.0,219,75704,4,4.0,1,1.95,0.113,5.07,10,76.0,1,24232,3,27,1,0,1,0,0.0,115.07,0,0.0,0.0,0.0,0.0,0.0,0.0,0.0,0.0,0.0,0.0,0.0,0.0,0.0,0.0,0.0,0.0,0.0,0.0,0.0,0.0,0.0,0.0,0.0,0.0,0,0.0,0,0.15873015873,0.121693121693,0.846479963805,-0.33488909966,-0.572946926332,2.46652951307,-0.639084344785,-0.353263438315,3.23856533789,3.16034275651
142,28,5,219,0.0,0.0,219,77605,3,4.0,1,1.95,0.0047,5.01,21,84.0,0,24232,3,27,1,0,1,0,0.0,115.08,0,0.0,0.0,0.0,0.0,0.0,0.0,0.0,0.0,0.0,0.0,0.0,0.0,0.0,0.0,0.0,0.0,0.0,0.0,0.0,0.0,0.0,0.0,0.0,0.0,0,0.0,0,0.00806451612903,0.00806451612903,-0.668273655635,-0.33488909966,-0.572946926332,-1.13468181644,-0.306711607153,-0.349655460873,-1.02455856939,-0.813932877065
143,28,5,219,0.0,0.0,219,79225,4,4.0,1,2.94,0.0721,5.24,18,90.0,1,24232,3,27,1,0,1,0,0.0,115.96,0,0.0,0.0,0.0,0.0,0.0,0.0,0.0,0.0,0.0,0.0,0.0,0.0,0.0,0.0,0.0,0.0,0.0,0.0,0.0,0.0,0.0,-1.0,0.0,5.0,0,0.0,0,0.0361990950226,0.0180995475113,0.846479963805,-0.33488909966,1.04224516247,1.10651526213,-0.0574320539291,-0.0321534460226,-0.228483274244,-0.462947484727
144,28,5,219,0.0,0.0,219,86217,3,4.5,1,2.64,0.0153,5.15,15,89.0,0,24232,3,27,1,0,1,0,0.0,115.7,0,0.0,0.0,0.0,1.0,0.0,11.0,0.0,0.0,0.0,0.0,0.0,0.0,1.0,0.0,44.0,0.0,0.0,0.0,0.0,0.0,0.0,1.0,0.0,11.0,0,0.0,0,0.0326086956522,0.0326086956522,-0.668273655635,0.930247499056,0.55279301435,-0.782208685389,-0.0989786461331,-0.125960859501,-0.330074566914,0.0445246754209
145,28,5,219,0.0,0.0,219,93383,4,4.5,1,2.64,0.0462,5.55,8,139.0,0,24232,3,27,1,0,1,0,0.0,116.41,0,0.0,0.0,0.0,0.0,0.0,0.0,0.0,0.0,0.0,0.0,0.0,0.0,0.0,0.0,0.0,0.0,0.0,0.0,0.0,0.0,0.0,0.0,0.0,0.0,0,0.0,0,0.00694444444444,0.00694444444444,0.846479963805,0.930247499056,0.55279301435,0.245283743805,1.97835096407,0.130205538844,-1.05625129173,-0.853108519341
146,28,5,219,0.0,0.0,219,100913,4,4.0,1,2.89,0.0122,5.17,24,91.0,0,24232,3,27,1,0,1,0,0.0,115.17,0,0.0,0.0,0.0,0.0,0.0,0.0,0.0,0.0,0.0,0.0,0.0,0.0,0.0,0.0,0.0,0.0,0.0,0.0,0.0,0.0,0.0,0.0,0.0,0.0,0,0.0,0,0.00975609756098,0.00975609756098,0.846479963805,-0.33488909966,0.960669804453,-0.88529045013,-0.0158854617251,-0.3171836639,-0.976694828735,-0.754768102193
147,28,5,219,0.0,0.0,219,109409,3,4.5,1,2.77,0.0139,4.85,33,84.0,0,24232,3,27,1,0,1,0,0.0,115.53,0,0.0,0.0,0.0,0.0,0.0,0.0,0.0,0.0,0.0,0.0,0.0,0.0,0.0,0.0,0.0,0.0,0.0,0.0,0.0,0.0,0.0,0.0,0.0,0.0,0,0.0,0,0.0295857988166,0.0236686390533,-0.668273655635,0.930247499056,0.764888945204,-0.828761740433,-0.306711607153,-0.187296476006,-0.415608226391,-0.268162864195
148,28,5,219,0.0,0.0,219,116043,4,4.5,1,2.08,0.0946,5.64,34,129.0,0,24232,3,27,1,0,1,0,0.0,114.98,0,0.0,0.0,0.0,0.0,0.0,0.0,0.0,0.0,0.0,0.0,0.0,0.0,0.0,0.0,0.0,0.0,0.0,0.0,0.0,0.0,0.0,0.0,0.0,0.0,0,0.0,0,0.024,0.008,0.846479963805,0.930247499056,-0.360850995479,1.85468936105,1.56288504203,-0.385735235288,-0.573659870184,-0.81618939406
149,28,5,219,0.0,0.0,219,120960,3,4.5,1,3.04,0.071,4.9,35,88.0,0,24232,3,27,1,0,1,0,0.0,115.57,0,0.0,0.0,0.0,-1.0,0.0,5.0,0.0,0.0,0.0,0.0,0.0,0.0,1.0,0.0,12.0,0.0,0.0,0.0,0.0,0.0,0.0,-1.0,0.0,5.0,0,0.0,0,0.0267379679144,0.0267379679144,-0.668273655635,0.930247499056,1.20539587851,1.06993786173,-0.140525238337,-0.17286456624,-0.496188349326,-0.160809976744
150,28,5,219,0.0,0.0,219,122795,3,4.0,1,1.61,0.005,5.08,20,98.0,0,24232,3,27,1,0,1,0,0.0,114.96,0,0.0,0.0,0.0,0.0,0.0,0.0,0.0,0.0,0.0,0.0,0.0,0.0,0.0,0.0,0.0,0.0,0.0,0.0,0.0,0.0,0.0,0.0,0.0,0.0,0,0.0,0,0.027397260274,0.0205479452055,-0.668273655635,-0.33488909966,-1.12765936087,-1.12470616179,0.274940683703,-0.392951190171,-0.477533498948,-0.377312294108
151,28,5,219,0.0,0.0,219,137773,3,4.0,0,1.39,0.0169,4.83,27,109.0,0,24232,3,27,1,0,1,0,0.0,116.71,0,0.0,0.0,0.0,0.0,0.0,0.0,0.0,0.0,0.0,0.0,0.0,0.0,0.0,0.0,0.0,0.0,0.0,0.0,0.0,0.0,0.0,0.0,0.0,0.0,0,0.0,0,0.0361445783133,0.0361445783133,-0.668273655635,-0.33488909966,-1.48659093616,-0.729005193909,0.731953197947,0.238444862089,-0.230025838846,0.168195754841
152,30,24,216,0.0,0.0,219,13155,3,3.5,1,4.76,0.3273,5.14,3,132.21,1,20319,9,13,2,0,1,0,0.0,0.0,0,0.0,0.0,0.0,0.0,0.0,0.0,0.0,0.0,0.0,0.0,0.0,0.0,0.0,0.0,0.0,0.0,0.0,0.0,0.0,0.0,0.0,0.0,0.0,0.0,0,0.0,0,0.0533333333333,0.032,-0.356873213573,-0.261727283561,0.415795269135,0.111248224354,-1.24519761017,0.0,0.560732630074,0.919166726997
153,30,24,216,0.0,0.0,219,13878,3,4.0,1,4.63,0.3878,5.25,17,186.8,1,20319,9,13,2,0,1,0,0.0,0.0,0,0.0,0.0,0.0,0.0,0.0,0.0,0.0,0.0,0.0,0.0,0.0,0.0,0.0,0.0,0.0,0.0,0.0,0.0,0.0,0.0,0.0,0.0,0.0,0.0,0,0.0,0,0.0266159695817,0.00760456273764,-0.356873213573,0.301993019493,0.255297413393,0.529870602796,-0.29693765526,0.0,-0.539913620738,-0.728180210323
154,30,24,216,0.0,0.0,219,14504,2,3.0,0,4.74,0.4578,5.05,1,120.61,0,20319,9,13,2,0,1,0,0.0,0.0,0,0.0,0.0,0.0,0.0,1.0,0.0,0.0,1.0,0.0,0.0,0.0,0.0,-1.0,0.0,6.0,0.0,0.0,0.0,0.0,0.0,0.0,-1.0,0.0,6.0,0,0.0,0,0.00621118012422,0.00621118012422,-1.78436606787,-0.825447586615,0.391103291328,1.01422707372,-1.44669633662,0.0,-1.3805075964,-0.822270943604
155,30,24,216,0.0,0.0,219,15884,2,3.0,1,0.69,0.0028,5.07,4,137.82,1,20319,9,13,2,0,1,0,0.0,0.0,0,0.0,0.0,0.0,0.0,0.0,0.0,0.0,0.0,0.0,0.0,0.0,0.0,0.0,0.0,0.0,0.0,0.0,0.0,0.0,0.0,0.0,0.0,0.0,0.0,0,0.0,0,0.0323529411765,0.0176470588235,-1.78436606787,-0.825447586615,-4.60902221449,-2.13408998729,-1.14774865712,0.0,-0.30357382556,-0.050042122769
156,30,24,216,0.0,0.0,219,18569,4,4.5,1,4.74,0.4738,6.02,29,289.4,1,20319,9,13,2,0,1,0,0.0,0.0,0,0.0,0.0,0.0,0.0,0.0,0.0,0.0,0.0,0.0,0.0,0.0,0.0,0.0,0.0,0.0,0.0,0.0,0.0,0.0,0.0,0.0,0.0,0.0,0.0,0,0.0,0,0.0257289879931,0.0120068610635,1.07061964072,0.865713322548,0.391103291328,1.12493712422,1.48528383904,0.0,-0.576453639024,-0.430906888832
157,30,24,216,0.0,0.0,219,18859,4,4.0,0,4.49,0.2006,5.68,25,243.59,1,20319,9,13,2,0,1,0,0.0,0.0,0,0.0,0.0,0.0,0.0,0.0,0.0,0.0,0.0,0.0,0.0,0.0,0.0,0.0,0.0,0.0,0.0,0.0,0.0,0.0,0.0,0.0,0.0,0.0,0.0,0,0.0,0,0.0204460966543,0.00557620817844,1.07061964072,0.301993019493,0.0824535687468,-0.765436988021,0.689537575356,0.0,-0.794087182499,-0.865148596459
158,30,24,216,0.0,0.0,219,19567,4,4.5,1,3.5,0.0183,5.91,27,274.14,1,20319,9,13,2,0,1,0,0.0,0.0,0,0.0,0.0,0.0,0.0,0.0,0.0,0.0,0.0,0.0,0.0,0.0,0.0,0.0,0.0,0.0,0.0,0.0,0.0,0.0,0.0,0.0,0.0,0.0,0.0,0,0.0,0,0.011811023622,0.0,1.07061964072,0.865713322548,-1.13979933268,-2.02683962587,1.22020879028,0.0,-1.14981691867,-1.24169234789
159,30,24,216,0.0,0.0,219,31945,4,4.5,1,4.61,0.3821,5.88,28,283.98,0,20319,9,13,2,0,1,0,0.0,0.0,0,0.0,0.0,0.0,0.0,0.0,0.0,0.0,0.0,0.0,0.0,0.0,0.0,0.0,0.0,0.0,0.0,0.0,0.0,0.0,0.0,0.0,0.0,0.0,0.0,0,0.0,0,0.0467153284672,0.0160583941606,1.07061964072,0.865713322548,0.230605435586,0.490430147307,1.39113529616,0.0,0.288097862978,-0.157319636953
160,30,24,216,0.0,0.0,219,35043,4,4.5,1,4.81,0.364,6.03,30,289.55,0,20319,9,13,2,0,1,0,0.0,0.0,0,0.0,0.0,0.0,1.0,0.0,13.0,-1.0,0.0,9.0,0.0,0.0,0.0,0.0,0.0,0.0,0.0,0.0,0.0,0.0,0.0,0.0,0.0,0.0,0.0,0,0.0,0,0.0752688172043,0.0399385560676,1.07061964072,0.865713322548,0.477525213651,0.365189402682,1.48788942602,0.0,1.46438496295,1.45523238075
161,30,24,216,0.0,0.0,219,36710,3,3.5,0,4.39,0.1686,5.11,14,185.71,1,20319,9,13,2,0,1,0,0.0,0.0,0,0.0,0.0,0.0,0.0,0.0,0.0,0.0,0.0,0.0,0.0,0.0,0.0,0.0,0.0,0.0,0.0,0.0,0.0,0.0,0.0,0.0,0.0,0.0,0.0,0,0.0,0,0.0141843971631,0.00354609929078,-0.356873213573,-0.261727283561,-0.0410063202858,-0.986857089015,-0.315871587314,0.0,-1.05204362359,-1.00223544686
162,30,24,216,0.0,0.0,219,40463,4,4.5,1,4.6,0.3294,6.05,32,303.63,0,20319,9,13,2,0,1,0,0.0,0.0,0,0.0,0.0,0.0,0.0,0.0,0.0,0.0,0.0,0.0,0.0,0.0,0.0,0.0,0.0,0.0,0.0,0.0,0.0,0.0,0.0,0.0,0.0,0.0,0.0,0,0.0,0,0.0885416666667,0.0364583333333,1.07061964072,0.865713322548,0.218259446683,0.125778918481,1.73246719054,0.0,2.01117214353,1.22022391582
163,30,24,216,0.0,0.0,219,41585,4,4.0,1,4.6,0.3128,5.84,24,227.67,1,20319,9,13,2,0,1,0,0.0,0.0,0,0.0,0.0,0.0,0.0,0.0,0.0,0.0,0.0,0.0,0.0,0.0,0.0,1.0,0.0,22.0,0.0,0.0,0.0,0.0,0.0,0.0,0.0,0.0,0.0,0,0.0,0,0.0655509065551,0.0264993026499,1.07061964072,0.301993019493,0.218259446683,0.0109172410907,0.412997943882,0.0,1.06404674016,0.54772198365
164,30,24,216,0.0,0.0,219,44197,4,4.0,1,4.81,0.4185,5.66,26,268.49,1,20319,9,13,2,0,1,0,0.0,0.0,0,0.0,0.0,0.0,0.0,0.0,0.0,0.0,0.0,0.0,0.0,0.0,0.0,0.0,0.0,0.0,0.0,0.0,0.0,0.0,0.0,0.0,0.0,0.0,0.0,0,0.0,0,0.0781990521327,0.0450236966825,1.07061964072,0.301993019493,0.477525213651,0.742295512188,1.12206501403,0.0,1.5850986725,1.7986158884
165,30,24,216,0.0,0.0,219,65983,2,3.0,1,3.4,0.0281,5.22,2,127.84,1,20319,9,13,2,0,1,0,0.0,0.0,0,0.0,0.0,0.0,0.0,0.0,0.0,0.0,0.0,0.0,0.0,0.0,0.0,0.0,0.0,0.0,0.0,0.0,0.0,0.0,0.0,0.0,0.0,0.0,0.0,0,0.0,0,0.0379746835443,0.0177215189873,-1.78436606787,-0.825447586615,-1.26325922171,-1.95902971994,-1.32110704419,0.0,-0.0719810038388,-0.0450140627473
166,30,24,216,0.0,0.0,219,68689,3,3.5,1,4.72,0.445,5.36,8,157.52,1,20319,9,13,2,0,1,0,0.0,0.0,0,0.0,0.0,0.0,0.0,0.0,0.0,0.0,0.0,20.0,0.0,0.0,0.0,0.0,0.0,9.0,0.0,0.0,0.0,0.0,0.0,0.0,0.0,0.0,9.0,0,0.0,0,0.0399334442596,0.0232945091514,-0.356873213573,-0.261727283561,0.366411313522,0.925659033323,-0.80554823375,0.0,0.00871193643544,0.331312386325
167,30,24,216,0.0,0.0,219,77109,3,4.0,1,4.74,0.4562,5.37,9,159.48,1,20319,9,13,2,0,1,0,0.0,0.0,0,0.0,0.0,0.0,0.0,0.0,0.0,0.0,0.0,10.0,0.0,0.0,0.0,0.0,0.0,10.0,0.0,0.0,0.0,0.0,0.0,0.0,0.0,0.0,10.0,0,0.0,0,0.046176046176,0.027417027417,-0.356873213573,0.301993019493,0.391103291328,1.00315606867,-0.771501897212,0.0,0.265881635458,0.609693042751
168,30,24,216,0.0,0.0,219,87796,3,3.5,0,4.65,0.4555,5.35,15,185.72,1,20319,9,13,2,0,1,0,0.0,0.0,0,0.0,0.0,0.0,0.0,0.0,7.0,0.0,0.0,15.0,0.0,0.0,0.0,0.0,0.0,0.0,0.0,0.0,0.0,0.0,0.0,0.0,0.0,0.0,14.0,0,0.0,0,0.0434782608696,0.0118577075099,-0.356873213573,-0.261727283561,0.279989391199,0.998312503962,-0.315697881516,0.0,0.154743900812,-0.440978757888
169,30,24,216,0.0,0.0,219,92698,4,4.0,0,4.63,0.4083,5.63,19,209.73,1,20319,9,13,2,0,1,0,0.0,0.0,0,0.0,0.0,0.0,0.0,0.0,0.0,0.0,0.0,0.0,0.0,1.0,0.0,0.0,0.0,0.0,0.0,0.0,0.0,0.0,0.0,0.0,-1.0,0.0,10.0,0,0.0,0,0.104258443465,0.0631424375918,1.07061964072,0.301993019493,0.255297413393,0.671717854996,0.101369741078,0.0,2.65863914736,3.02211731713
170,30,24,216,0.0,0.0,219,97615,3,4.0,1,4.65,0.4413,5.5,21,215.19,1,20319,9,13,2,0,1,0,0.0,0.0,0,0.0,0.0,0.0,0.0,0.0,0.0,0.0,0.0,0.0,0.0,0.0,0.0,0.0,0.0,0.0,0.0,0.0,0.0,0.0,0.0,0.0,0.0,0.0,0.0,0,0.0,0,0.00729927007299,0.0,-0.356873213573,0.301993019493,0.279989391199,0.900057334146,0.196213107149,0.0,-1.33568273516,-1.24169234789
171,30,24,216,0.0,0.0,219,108513,2,3.0,0,4.42,0.1746,5.4,10,161.69,0,20319,9,13,2,0,1,0,0.0,0.0,0,0.0,0.0,0.0,0.0,0.0,0.0,0.0,0.0,0.0,0.0,0.0,0.0,0.0,0.0,0.0,0.0,0.0,0.0,0.0,0.0,0.0,0.0,0.0,0.0,0,0.0,0,0.0114285714286,0.00571428571429,-1.78436606787,-0.825447586615,-0.00396835357605,-0.945340820079,-0.733112915707,0.0,-1.16557238679,-0.855824655947
172,30,24,216,0.0,0.0,219,117347,4,4.5,1,4.81,0.3676,6.21,31,293.8,0,20319,9,13,2,0,1,0,0.0,0.0,0,0.0,0.0,0.0,0.0,1.0,0.0,0.0,0.0,0.0,0.0,0.0,0.0,0.0,0.0,6.0,0.0,0.0,0.0,0.0,0.0,0.0,0.0,0.0,0.0,0,0.0,0,0.0395189003436,0.0154639175258,1.07061964072,0.865713322548,0.477525213651,0.390099164043,1.56171439045,0.0,-0.00836557956134,-0.197462769176
173,30,24,216,0.0,0.0,219,121665,3,4.0,1,4.17,0.1121,5.4,12,162.46,0,20319,9,13,2,0,1,0,0.0,0.0,0,0.0,0.0,0.0,0.0,0.0,0.0,0.0,0.0,0.0,0.0,0.0,0.0,0.0,1.0,0.0,0.0,0.0,0.0,0.0,0.0,0.0,0.0,0.0,0.0,0,0.0,0,0.0431211498973,0.0308008213552,-0.356873213573,0.301993019493,-0.312618076158,-1.37780195483,-0.71973756921,0.0,0.140032387492,0.838189975218
174,30,24,216,0.0,0.0,219,125611,3,3.5,1,4.55,0.2653,5.63,13,176.98,1,20319,9,13,2,0,1,0,0.0,0.0,0,0.0,0.0,0.0,0.0,0.0,0.0,0.0,0.0,0.0,0.0,0.0,0.0,0.0,0.0,0.0,0.0,0.0,0.0,0.0,0.0,0.0,0.0,0.0,0.0,1,1831.3,1,0.0274314214464,0.00997506234414,-0.356873213573,-0.261727283561,0.156529502166,-0.317753221323,-0.467516749549,0.0,-0.506320334893,-0.568107848238
175,30,24,216,0.0,0.0,219,128313,3,4.0,1,4.74,0.421,5.21,6,144.22,1,20319,9,13,2,0,1,0,0.0,0.0,0,0.0,0.0,0.0,0.0,0.0,0.0,0.0,0.0,0.0,0.0,0.0,0.0,0.0,0.0,0.0,0.0,0.0,0.0,0.0,0.0,0.0,0.0,0.0,0.0,0,0.0,0,0.0395480225989,0.0112994350282,-0.356873213573,0.301993019493,0.391103291328,0.759593957578,-1.03657694597,0.0,-0.00716586160528,-0.478677137832
176,30,24,216,0.0,0.0,219,130968,4,4.5,1,4.81,0.3536,5.59,23,221.33,0,20319,9,13,2,0,1,0,0.0,0.0,0,0.0,0.0,0.0,-1.0,0.0,8.0,0.0,0.0,0.0,0.0,0.0,0.0,0.0,0.0,0.0,0.0,0.0,0.0,0.0,0.0,0.0,0.0,0.0,0.0,0,0.0,0,0.0328947368421,0.0175438596491,1.07061964072,0.865713322548,0.477525213651,0.293227869858,0.302868467529,0.0,-0.281254057277,-0.0570108375358
177,30,24,216,0.0,0.0,219,133729,3,3.5,1,4.77,0.3932,5.25,20,210.82,1,20319,9,13,2,0,1,0,0.0,0.0,0,0.0,0.0,0.0,0.0,0.0,0.0,0.0,0.0,0.0,0.0,0.0,0.0,0.0,0.0,0.0,0.0,0.0,0.0,0.0,0.0,0.0,0.0,0.0,0.0,0,0.0,0,0.0272108843537,0.00680272108844,-0.356873213573,-0.261727283561,0.428141258038,0.567235244839,0.120303673132,0.0,-0.515405562255,-0.782326047958
178,30,24,216,0.0,0.0,219,136754,3,0.0,0,4.81,0.0,5.51,7,145.31,0,20319,9,13,2,0,1,0,0.0,0.0,0,0.0,0.0,0.0,0.0,0.0,0.0,0.0,0.0,0.0,0.0,0.0,0.0,0.0,0.0,0.0,0.0,0.0,0.0,0.0,0.0,0.0,0.0,0.0,0.0,0,0.0,0,0.0361445783133,0.0120481927711,-0.356873213573,-4.20776940494,0.477525213651,0.0,-1.01764301392,0.0,-0.147373863699,-0.428115888972
179,30,24,216,0.0,0.0,219,137592,3,4.0,1,4.61,0.2374,5.55,18,193.35,1,20319,9,13,2,0,1,0,0.0,0.0,0,0.0,0.0,0.0,0.0,0.0,0.0,0.0,0.0,0.0,0.0,0.0,0.0,0.0,0.0,0.0,0.0,0.0,0.0,0.0,0.0,0.0,0.0,0.0,0.0,0,0.0,0,0.0308370044053,0.0132158590308,-0.356873213573,0.301993019493,0.230605435586,-0.510803871877,-0.183160357135,0.0,-0.366024228197,-0.349267069165
180,36,22,92,0.0,0.0,219,6214,3,3.0,1,1.39,0.1142,4.43,6,48.77,1,2715,2,11,1,0,1,0,0.0,0.0,0,0.0,0.0,0.0,1.0,0.0,33.0,0.0,0.0,0.0,0.0,0.0,0.0,0.0,0.0,0.0,0.0,0.0,0.0,0.0,0.0,0.0,0.0,0.0,0.0,0,0.0,0,0.16049382716,0.135802469136,0.156137148651,-2.86639992091,0.0877961457148,1.17634496758,-1.44508516505,0.0,2.31450735911,2.55821958656
181,36,22,92,0.0,0.0,219,9401,3,4.0,1,1.39,0.0285,5.2,15,189.06,0,2715,2,11,1,0,1,0,0.0,0.0,0,0.0,0.0,0.0,0.0,0.0,0.0,0.0,0.0,0.0,0.0,0.0,0.0,0.0,0.0,0.0,0.0,0.0,0.0,0.0,0.0,0.0,0.0,0.0,0.0,0,0.0,0,0.08,0.0266666666667,0.156137148651,-0.623130417588,0.0877961457148,-0.467837829451,1.35011922085,0.0,0.666820491566,-0.170687312573
182,36,22,92,0.0,0.0,219,15181,3,4.0,1,1.61,0.1784,4.88,4,101.51,0,2715,2,11,1,0,1,0,0.0,0.0,0,0.0,0.0,0.0,0.0,0.0,0.0,0.0,0.0,0.0,0.0,0.0,0.0,0.0,0.0,0.0,0.0,0.0,0.0,0.0,0.0,0.0,0.0,0.0,0.0,1,226.76,1,0.142857142857,0.0952380952381,0.156137148651,-0.623130417588,0.365194606112,2.4080431656,-0.394268433192,0.0,1.95348920233,1.54391999574
183,36,22,92,0.0,0.0,219,18970,4,4.5,1,1.39,0.043,5.12,7,199.07,0,2715,2,11,1,0,1,0,0.0,0.0,0,0.0,0.0,0.0,0.0,0.0,0.0,0.0,0.0,0.0,0.0,0.0,0.0,0.0,0.0,0.0,0.0,0.0,0.0,0.0,0.0,0.0,0.0,0.0,0.0,0,0.0,0,0.0283018867925,0.0188679245283,2.26398865544,0.498504334071,0.0877961457148,-0.189650541738,1.54956320048,0.0,-0.391425900906,-0.365692441453
184,36,22,92,0.0,0.0,219,27312,3,4.5,1,1.95,0.0769,4.84,25,125.14,0,2715,2,11,1,0,1,0,0.0,0.0,0,0.0,0.0,0.0,0.0,0.0,0.0,0.0,0.0,0.0,0.0,0.0,0.0,0.0,0.0,0.0,0.0,0.0,0.0,0.0,0.0,0.0,0.0,0.0,0.0,0,0.0,0,0.0289855072464,0.0289855072464,0.156137148651,0.498504334071,0.793901317634,0.460732151604,0.0765468753744,0.0,-0.377432375141,-0.11270542292
185,36,22,92,0.0,0.0,219,33035,3,4.0,1,1.95,0.0723,4.49,12,59.22,1,2715,2,11,1,0,1,0,0.0,0.0,0,0.0,0.0,0.0,0.0,0.0,0.0,0.0,0.0,0.0,0.0,0.0,0.0,0.0,0.0,0.0,0.0,0.0,0.0,0.0,0.0,0.0,0.0,0.0,0.0,0,0.0,0,0.025974025974,0.025974025974,0.156137148651,-0.623130417588,0.793901317634,0.372479632744,-1.23687441708,0.0,-0.439076582148,-0.188006578314
186,36,22,92,0.0,0.0,219,35338,3,4.5,0,1.79,0.0822,5.47,1,190.47,1,2715,2,11,1,0,1,0,0.0,0.0,0,0.0,0.0,0.0,0.0,0.0,0.0,0.0,0.0,0.0,0.0,0.0,0.0,0.0,0.0,0.0,0.0,0.0,0.0,0.0,0.0,0.0,0.0,0.0,0.0,0,0.0,0,0.106060606061,0.0909090909091,0.156137148651,0.498504334071,0.5921569828,0.562414401596,1.37821272847,0.0,1.20027404796,1.43567458486
187,36,22,92,0.0,0.0,219,39440,2,4.0,1,0.0,0.0031,4.39,30,63.67,0,2715,2,11,1,0,1,0,0.0,0.0,0,0.0,0.0,0.0,0.0,0.0,0.0,0.0,0.0,0.0,0.0,0.0,0.0,0.0,0.0,0.0,0.0,0.0,0.0,0.0,0.0,0.0,0.0,0.0,0.0,0,0.0,0,0.0,0.0,-1.95171435814,-0.623130417588,-1.66485776316,-0.955145216204,-1.14821051005,0.0,-0.970757867588,-0.837479043582
188,36,22,92,0.0,0.0,219,47087,3,4.5,1,0.69,0.0122,4.79,29,119.24,0,2715,2,11,1,0,1,0,0.0,0.0,0,0.0,0.0,0.0,0.0,0.0,15.0,1.0,0.0,27.0,0.0,0.0,0.0,0.0,0.0,0.0,0.0,0.0,0.0,0.0,0.0,0.0,0.0,0.0,14.0,0,0.0,0,0.0194174757282,0.0194174757282,0.156137148651,0.498504334071,-0.794835319184,-0.780558711501,-0.0410075182161,0.0,-0.573287392065,-0.351951084109
189,36,22,92,0.0,0.0,219,53867,2,4.5,1,1.95,0.0215,4.55,16,56.27,1,2715,2,11,1,0,1,0,0.0,0.0,0,0.0,0.0,0.0,0.0,0.0,0.0,0.0,0.0,0.0,0.0,0.0,0.0,0.0,0.0,0.0,0.0,0.0,0.0,0.0,0.0,0.0,0.0,0.0,0.0,0,0.0,0,0.0125,0.0125,-1.95171435814,0.498504334071,0.793901317634,-0.602135140761,-1.29565161388,0.0,-0.71488624897,-0.524920419672
190,36,22,92,0.0,0.0,219,60758,3,4.5,1,1.79,0.0228,4.89,9,100.02,0,2715,2,11,1,0,1,0,0.0,0.0,0,0.0,0.0,0.0,0.0,0.0,0.0,0.0,0.0,0.0,0.0,0.0,0.0,0.0,0.0,0.0,0.0,0.0,0.0,0.0,0.0,0.0,0.0,0.0,0.0,0,0.0,0,0.0833333333333,0.0595238095238,0.156137148651,0.498504334071,0.5921569828,-0.577194211518,-0.423955898692,0.0,0.735052923198,0.650895355992
191,36,22,92,0.0,0.0,219,69434,3,4.5,1,1.95,0.0696,4.7,19,67.02,0,2715,2,11,1,0,1,0,0.0,0.0,0,0.0,0.0,0.0,0.0,0.0,0.0,0.0,0.0,0.0,0.0,0.0,0.0,0.0,0.0,0.0,0.0,0.0,0.0,0.0,0.0,0.0,0.0,0.0,0.0,0,0.0,0,0.0493827160494,0.0493827160494,0.156137148651,0.498504334071,0.793901317634,0.320679241239,-1.08146352386,0.0,0.040092971396,0.397320458286
192,36,22,92,0.0,0.0,219,72813,3,4.0,1,0.0,0.0244,5.15,21,129.04,0,2715,2,11,1,0,1,0,0.0,0.0,0,0.0,0.0,0.0,0.0,0.0,0.0,0.0,0.0,0.0,0.0,0.0,0.0,0.0,0.0,0.0,0.0,0.0,0.0,0.0,0.0,0.0,0.0,0.0,0.0,0,0.0,0,0.025641025641,0.0,0.156137148651,-0.623130417588,-1.66485776316,-0.546497683219,0.154252321985,0.0,-0.445893008885,-0.837479043582
193,36,22,92,0.0,0.0,219,72857,3,4.5,1,0.69,0.007,5.37,20,164.06,0,2715,2,11,1,0,1,0,0.0,0.0,0,0.0,0.0,0.0,0.0,0.0,0.0,0.0,0.0,0.0,0.0,0.0,0.0,0.0,0.0,0.0,0.0,0.0,0.0,0.0,0.0,0.0,0.0,0.0,0.0,0,0.0,0,0.0,0.0,0.156137148651,0.498504334071,-0.794835319184,-0.880322428474,0.852007383602,0.0,-0.970757867588,-0.837479043582
194,36,22,92,0.0,0.0,219,76617,3,4.0,0,1.79,0.1788,4.69,2,76.27,1,2715,2,11,1,0,1,0,0.0,0.0,0,0.0,0.0,0.0,-1.0,0.0,22.0,0.0,0.0,0.0,0.0,0.0,0.0,0.0,0.0,0.0,0.0,0.0,0.0,0.0,0.0,0.0,-1.0,0.0,22.0,0,0.0,0,0.105263157895,0.0657894736842,0.156137148651,-0.623130417588,0.5921569828,2.41571729767,-0.897162144077,0.0,1.18395049972,0.80756634542
195,36,22,92,0.0,0.0,219,77482,3,3.5,1,2.2,0.1489,4.79,3,104.29,1,2715,2,11,1,0,1,0,0.0,0.0,0,0.0,0.0,0.0,0.0,0.0,0.0,0.0,0.0,0.0,0.0,0.0,0.0,0.0,0.0,0.0,0.0,0.0,0.0,0.0,0.0,0.0,0.0,0.0,0.0,0,0.0,0,0.16,0.133333333333,0.156137148651,-1.74476516925,1.10912684081,1.84207592508,-0.33887839689,0.0,2.30439885072,2.49647961146
196,36,22,92,0.0,0.0,219,79231,3,5.0,1,1.95,0.0083,5.12,31,122.04,0,2715,2,11,1,0,1,0,0.0,0.0,0,0.0,0.0,0.0,0.0,0.0,0.0,0.0,0.0,0.0,0.0,0.0,0.0,0.0,0.0,0.0,0.0,0.0,0.0,0.0,0.0,0.0,0.0,0.0,0.0,0,0.0,0,0.0135135135135,0.0,0.156137148651,1.62013908573,0.793901317634,-0.855381499231,0.0147810075557,0.0,-0.694139901515,-0.837479043582
197,36,22,92,0.0,0.0,219,83407,3,4.5,1,2.3,0.0181,5.02,8,120.04,0,2715,2,11,1,0,1,0,0.0,0.0,0,0.0,0.0,0.0,0.0,0.0,0.0,0.0,0.0,0.0,0.0,0.0,0.0,0.0,0.0,0.0,0.0,0.0,0.0,0.0,0.0,0.0,0.0,0.0,0.0,0,0.0,0,0.0576923076923,0.0576923076923,0.156137148651,0.498504334071,1.23521705008,-0.667365263397,-0.0250679394242,0.0,0.210188064494,0.60509922062
198,36,22,92,0.0,0.0,219,94354,3,4.5,1,0.0,0.0197,5.11,13,152.15,0,2715,2,11,1,0,1,0,0.0,0.0,0,0.0,0.0,0.0,0.0,0.0,0.0,0.0,0.0,0.0,0.0,0.0,0.0,0.0,0.0,0.0,0.0,0.0,0.0,0.0,0.0,0.0,0.0,0.0,0.0,0,0.0,0,0.0266666666667,0.0133333333333,0.156137148651,0.498504334071,-1.66485776316,-0.636668735098,0.614706904337,0.0,-0.424898414537,-0.504083178078
199,36,22,92,0.0,0.0,219,114366,3,4.5,1,0.0,0.012,5.1,27,142.05,0,2715,2,11,1,0,1,0,0.0,0.0,0,0.0,0.0,0.0,0.0,0.0,0.0,0.0,0.0,0.0,0.0,0.0,0.0,0.0,0.0,0.0,0.0,0.0,0.0,0.0,0.0,0.0,0.0,0.0,0.0,0,0.0,0,0.00980392156863,0.0,0.156137148651,0.498504334071,-1.66485776316,-0.784395777539,0.413469722089,0.0,-0.770074245143,-0.837479043582
200,36,22,92,0.0,0.0,219,120901,3,5.0,1,1.95,0.0278,5.16,28,135.0,0,2715,2,11,1,0,1,0,0.0,0.0,0,0.0,0.0,0.0,0.0,0.0,0.0,0.0,0.0,0.0,0.0,0.0,0.0,0.0,0.0,0.0,0.0,0.0,0.0,0.0,0.0,0.0,0.0,0.0,0.0,0,0.0,0,0.0125,0.0125,0.156137148651,1.62013908573,0.793901317634,-0.481267560582,0.273002183985,0.0,-0.71488624897,-0.524920419672
201,36,22,92,0.0,0.0,219,127949,2,4.0,1,0.0,0.0369,4.49,14,74.03,0,2715,2,11,1,0,1,0,0.0,0.0,0,0.0,0.0,0.0,0.0,0.0,0.0,0.0,0.0,0.0,0.0,0.0,0.0,0.0,0.0,0.0,0.0,0.0,0.0,0.0,0.0,0.0,0.0,0.0,0.0,0,0.0,0,0.0394736842105,0.0263157894737,-1.95171435814,-0.623130417588,-1.66485776316,-0.30668105588,-0.941792964695,0.0,-0.162742229847,-0.179460887981
202,36,22,92,0.0,0.0,219,130634,3,4.5,1,0.69,0.0052,5.39,18,189.06,0,2715,2,11,1,0,1,0,0.0,0.0,0,0.0,0.0,0.0,0.0,0.0,0.0,0.0,0.0,0.0,0.0,0.0,0.0,0.0,0.0,0.0,0.0,0.0,0.0,0.0,0.0,0.0,0.0,0.0,0.0,0,0.0,0,0.041095890411,0.0,0.156137148651,0.498504334071,-0.794835319184,-0.914856022811,1.35011922085,0.0,-0.129536107749,-0.837479043582
203,36,22,92,0.0,0.0,219,131053,4,4.5,1,1.39,0.0442,5.15,26,240.03,0,2715,2,11,1,0,1,0,0.0,0.0,0,0.0,0.0,0.0,0.0,0.0,0.0,0.0,0.0,0.0,0.0,0.0,0.0,0.0,0.0,0.0,0.0,0.0,0.0,0.0,0.0,0.0,0.0,0.0,0.0,0,0.0,0,0.0388349514563,0.0194174757282,2.26398865544,0.498504334071,0.0877961457148,-0.166628145514,2.36566963463,0.0,-0.175816916542,-0.351951084109
204,36,22,92,0.0,0.0,219,133389,3,4.5,0,0.69,0.0031,5.0,22,97.5,1,2715,2,11,1,0,1,0,0.0,0.0,0,0.0,0.0,0.0,0.0,0.0,0.0,0.0,0.0,0.0,0.0,0.0,0.0,0.0,0.0,0.0,0.0,0.0,0.0,0.0,0.0,0.0,0.0,0.0,0.0,0,0.0,0,0.0,0.0,0.156137148651,0.498504334071,-0.794835319184,-0.955145216204,-0.474165571887,0.0,-0.970757867588,-0.837479043582
205,36,22,92,0.0,0.0,219,136536,2,3.5,1,2.2,0.1025,4.48,10,75.03,0,2715,2,11,1,0,1,0,0.0,0.0,0,0.0,0.0,0.0,-1.0,0.0,6.0,-1.0,0.0,6.0,0.0,0.0,0.0,0.0,0.0,0.0,0.0,0.0,0.0,0.0,0.0,0.0,-1.0,0.0,6.0,0,0.0,0,0.0,0.0,-1.95171435814,-1.74476516925,1.10912684081,0.951876604394,-0.921868491205,0.0,-0.970757867588,-0.837479043582
206,36,22,92,0.0,0.0,219,139830,3,4.5,1,1.95,0.0663,5.2,24,135.0,0,2715,2,11,1,0,1,0,0.0,0.0,0,0.0,0.0,0.0,0.0,0.0,0.0,0.0,0.0,0.0,0.0,0.0,0.0,0.0,0.0,0.0,0.0,0.0,0.0,0.0,0.0,0.0,0.0,0.0,0.0,0,0.0,0,0.0126582278481,0.0126582278481,0.156137148651,0.498504334071,0.793901317634,0.257367651621,0.273002183985,0.0,-0.711647367722,-0.520963981394
207,42,14,100,0.0,0.0,100,2068,2,4.0,1,1.61,0.1238,4.49,7,68.77,0,5740,1,87,2,0,1,1,0.0,55.71,0,0.0,0.0,0.0,0.0,0.0,0.0,0.0,0.0,0.0,0.0,0.0,0.0,0.0,0.0,0.0,0.0,0.0,0.0,0.0,0.0,0.0,0.0,0.0,0.0,0,0.0,0,0.0425531914894,0.0212765957447,0.185216946644,0.536742200223,1.24025465045,0.24226725786,-0.827906298482,-0.546718555122,-0.1671962274,-0.0964411038844
208,42,14,100,0.0,0.0,100,14445,0,3.0,0,1.1,0.0457,4.95,13,50.57,0,5740,1,87,2,0,1,1,0.0,57.57,0,0.0,0.0,0.0,0.0,0.0,0.0,0.0,0.0,0.0,0.0,0.0,0.0,0.0,0.0,0.0,0.0,0.0,0.0,0.0,0.0,0.0,0.0,0.0,0.0,0,0.0,0,0.0,0.0,-1.85216946644,-0.250479693438,0.108900408332,-0.770539560766,-1.41115227271,1.29306131952,-0.703908192028,-0.60701005712
209,42,14,100,0.0,0.0,100,24416,2,0.0,0,0.69,0.0099,4.9,4,79.89,0,5740,1,87,2,0,1,1,0.0,54.69,0,0.0,0.0,0.0,0.0,0.0,0.0,0.0,0.0,0.0,0.0,0.0,0.0,0.0,0.0,0.0,0.0,0.0,0.0,0.0,0.0,0.0,0.0,0.0,0.0,1,0.0,0,0.03125,0.0,0.185216946644,-2.61214537442,-0.800619668662,-1.23479671962,-0.471549417525,-1.55563009928,-0.309760343005,-0.60701005712
210,42,14,100,0.0,0.0,100,27963,0,4.5,0,1.1,0.0573,4.95,12,123.38,0,5740,1,87,2,0,1,1,0.0,57.84,0,0.0,0.0,0.0,0.0,0.0,0.0,0.0,0.0,0.0,0.0,0.0,0.0,0.0,0.0,0.0,0.0,0.0,0.0,0.0,0.0,0.0,0.0,0.0,0.0,0,0.0,0,0.0,0.0,-1.85216946644,0.930353147054,0.108900408332,-0.620109866835,0.922152089022,1.56012614003,-0.703908192028,-0.60701005712
211,42,14,100,0.0,0.0,100,48834,2,3.5,0,0.69,0.0347,4.9,3,70.79,0,5740,1,87,2,0,1,1,0.0,55.95,0,0.0,0.0,0.0,0.0,0.0,0.0,0.0,0.0,0.0,0.0,0.0,0.0,0.0,0.0,0.0,0.0,0.0,0.0,0.0,0.0,0.0,0.0,0.0,0.0,1,0.0,0,0.047619047619,0.0,0.185216946644,0.143131253393,-0.800619668662,-0.91318840846,-0.763172404639,-0.309327603556,-0.103301945897,-0.60701005712
212,42,14,100,0.0,0.0,100,61713,2,4.0,1,0.0,0.2079,5.13,1,108.21,0,5740,1,87,2,0,1,1,0.0,57.57,0,0.0,0.0,0.0,0.0,0.0,0.0,0.0,0.0,0.0,0.0,0.0,0.0,0.0,0.0,0.0,0.0,0.0,0.0,0.0,0.0,0.0,0.0,0.0,0.0,1,122.34,1,0.285714285714,0.142857142857,0.185216946644,0.536742200223,-2.33127540799,1.33288253887,0.436006955559,1.29306131952,2.89972928476,2.82109577175
213,42,14,100,0.0,0.0,100,61911,2,4.0,1,1.39,0.147,4.82,9,104.17,0,5740,1,87,2,0,1,1,0.0,55.66,0,0.0,0.0,0.0,0.0,0.0,0.0,0.0,0.0,0.0,0.0,0.0,0.0,0.0,0.0,0.0,0.0,0.0,0.0,0.0,0.0,0.0,0.0,0.0,0.0,0,0.0,0,0.0416666666667,0.0416666666667,0.185216946644,0.536742200223,0.752219487182,0.543126645724,0.306539167873,-0.596175003365,-0.178377726663,0.392854142967
214,42,14,100,0.0,0.0,100,64773,2,2.5,1,1.1,0.0693,4.9,6,80.91,0,5740,1,87,2,0,1,1,0.0,56.67,0,0.0,0.0,0.0,0.0,0.0,0.0,0.0,0.0,0.0,0.0,0.0,0.0,0.0,0.0,0.0,0.0,0.0,0.0,0.0,0.0,0.0,0.0,0.0,0.0,0,0.0,0,0.0652173913043,0.0217391304348,0.185216946644,-0.644090640268,0.108900408332,-0.464492942078,-0.438862005783,0.402845251143,0.118661232021,-0.085341778814
215,42,14,100,0.0,0.0,100,71686,3,4.5,1,1.1,0.2574,5.11,2,147.65,0,5740,1,87,2,0,1,1,0.0,55.64,0,0.0,0.0,0.0,0.0,0.0,0.0,0.0,0.0,0.0,0.0,0.0,0.0,0.0,0.0,0.0,0.0,0.0,0.0,0.0,0.0,0.0,0.0,0.0,0.0,0,0.0,0,0.0204081632653,0.0204081632653,1.20391015319,0.930353147054,0.108900408332,1.97480235349,1.6999202096,-0.615957582662,-0.446505515115,-0.117280652996
216,42,14,100,0.0,0.0,100,78743,2,3.5,1,1.39,0.0666,4.37,8,70.79,0,5740,1,87,2,0,1,1,0.0,56.0,0,0.0,0.0,0.0,0.0,0.0,0.0,0.0,0.0,0.0,0.0,0.0,0.0,0.0,0.0,0.0,0.0,0.0,0.0,0.0,0.0,0.0,0.0,0.0,0.0,0,0.0,0,0.0606060606061,0.030303030303,0.185216946644,0.143131253393,0.752219487182,-0.499506750148,-0.763172404639,-0.259871155313,0.0604997575937,0.120163906579
217,42,14,100,0.0,0.0,100,82226,3,3.0,1,1.39,0.1367,5.08,10,135.52,0,5740,1,87,2,0,1,1,0.0,55.59,0,0.0,0.0,0.0,0.0,0.0,0.0,0.0,0.0,0.0,0.0,0.0,0.0,0.0,0.0,0.0,0.0,0.0,0.0,0.0,0.0,0.0,0.0,0.0,0.0,0,0.0,0,0.0188679245283,0.0,1.20391015319,-0.250479693438,0.752219487182,0.409555451974,1.31119638172,-0.665414030905,-0.46593213224,-0.60701005712
218,45,14,100,0.0,0.0,219,2924,4,4.5,1,2.3,0.0499,5.27,3,174.11,0,10948,1,0,2,0,1,1,0.0,0.0,0,0.0,0.0,0.0,0.0,0.0,0.0,0.0,0.0,0.0,0.0,0.0,0.0,0.0,0.0,0.0,0.0,0.0,0.0,0.0,0.0,0.0,0.0,0.0,0.0,0,0.0,0,0.00689655172414,0.0,1.55014230846,0.975771011244,0.856988530792,0.386535987352,0.759201025262,0.0,-0.776880497189,-0.813593431413
219,45,14,100,0.0,0.0,219,25444,4,4.0,1,2.3,0.086,5.02,9,174.11,0,10948,1,0,2,0,1,1,0.0,0.0,0,0.0,0.0,0.0,0.0,0.0,0.0,0.0,0.0,0.0,0.0,0.0,0.0,0.0,0.0,0.0,0.0,0.0,0.0,0.0,0.0,0.0,0.0,0.0,0.0,0,0.0,0,0.0354609929078,0.0212765957447,1.55014230846,0.512279780903,0.856988530792,1.33714564574,0.759201025262,0.0,0.206686413048,0.0751166208952
220,45,14,100,0.0,0.0,219,31792,2,4.0,1,2.08,0.0085,4.68,13,102.13,0,10948,1,0,2,0,1,1,0.0,0.0,0,0.0,0.0,0.0,0.0,0.0,0.0,0.0,0.0,0.0,0.0,0.0,0.0,0.0,0.0,0.0,0.0,0.0,0.0,0.0,0.0,0.0,-1.0,0.0,9.0,0,0.0,0,0.0120481927711,0.0120481927711,0.108149463381,0.512279780903,0.531081051494,-0.703636861881,-0.339126575951,0.0,-0.599492687128,-0.310347980106
221,45,14,100,0.0,0.0,219,34700,2,3.0,1,2.77,0.0027,4.58,16,87.54,0,10948,1,0,2,0,1,1,0.0,0.0,0,0.0,0.0,0.0,0.0,0.0,0.0,0.0,0.0,0.0,0.0,0.0,0.0,0.0,0.0,0.0,0.0,0.0,0.0,0.0,0.0,0.0,0.0,0.0,0.0,0,0.0,0,0.0285714285714,0.0285714285714,0.108149463381,-0.414702679779,1.55324541839,-0.856366391483,-0.561752301176,0.0,-0.0305437663779,0.379817210258
222,45,14,100,0.0,0.0,219,38213,0,4.0,0,0.69,0.0019,4.52,21,68.09,0,10948,1,0,2,0,1,1,0.0,0.0,0,0.0,0.0,0.0,0.0,0.0,0.0,0.0,0.0,0.0,0.0,0.0,0.0,0.0,0.0,0.0,0.0,0.0,0.0,0.0,0.0,0.0,0.0,0.0,0.0,0,0.0,0,0.0,0.0,-1.3338433817,0.512279780903,-1.52806165862,-0.877432533498,-0.858535738848,0.0,-1.01435127517,-0.813593431413
223,45,14,100,0.0,0.0,219,48994,2,3.5,1,1.39,0.0598,4.59,7,106.99,0,10948,1,0,2,0,1,1,0.0,0.0,0,0.0,0.0,0.0,0.0,0.0,0.0,0.0,0.0,0.0,0.0,0.0,0.0,0.0,0.0,0.0,0.0,0.0,0.0,0.0,0.0,0.0,0.0,0.0,0.0,0,0.0,0,0.0352112676056,0.0352112676056,0.108149463381,0.0487885505622,-0.491083315398,0.647229494777,-0.264968863505,0.0,0.198087556089,0.657159119942
224,45,14,100,0.0,0.0,219,66321,2,3.0,1,1.79,0.1285,4.45,12,67.11,0,10948,1,0,2,0,1,1,0.0,0.0,0,0.0,0.0,0.0,0.0,0.0,0.0,0.0,0.0,0.0,0.0,0.0,0.0,0.0,0.0,0.0,0.0,0.0,0.0,0.0,0.0,0.0,0.0,0.0,0.0,0,0.0,0,0.0384615384615,0.0192307692308,0.108149463381,-0.414702679779,0.101475737873,2.45628444024,-0.873489351646,0.0,0.310004986667,-0.0103362687498
225,45,14,100,0.0,0.0,219,66729,2,4.0,1,2.3,0.0787,4.51,10,136.17,0,10948,1,0,2,0,1,1,0.0,0.0,0,0.0,0.0,0.0,0.0,0.0,0.0,0.0,0.0,0.0,0.0,0.0,0.0,0.0,0.0,0.0,0.0,0.0,0.0,0.0,0.0,0.0,0.0,0.0,0.0,0,0.0,0,0.0689655172414,0.0413793103448,0.108149463381,0.512279780903,0.856988530792,1.14491709986,0.180282586945,0.0,1.36035650468,0.914794394456
226,45,14,100,0.0,0.0,219,67334,0,3.5,0,2.71,0.0012,4.74,20,76.84,0,10948,1,0,2,0,1,1,0.0,0.0,0,0.0,0.0,0.0,0.0,0.0,0.0,0.0,0.0,0.0,0.0,0.0,0.0,0.0,0.0,0.0,0.0,0.0,0.0,0.0,0.0,0.0,0.0,0.0,0.0,0,0.0,0,0.0,0.0,-1.3338433817,0.0487885505622,1.46436156039,-0.89586540776,-0.725021338867,0.0,-1.01435127517,-0.813593431413
227,45,14,100,0.0,0.0,219,83828,2,0.0,0,0.69,0.0021,4.51,15,67.11,0,10948,1,0,2,0,1,1,0.0,0.0,0,0.0,0.0,0.0,0.0,0.0,0.0,0.0,0.0,0.0,0.0,0.0,0.0,0.0,0.0,0.0,0.0,0.0,0.0,0.0,0.0,0.0,0.0,0.0,0.0,0,0.0,0,0.0166666666667,0.0166666666667,0.108149463381,-3.19565006182,-1.52806165862,-0.872165997994,-0.873489351646,0.0,-0.44046356171,-0.117437223772
228,45,14,100,0.0,0.0,219,88186,3,4.5,1,2.48,0.0572,5.24,2,205.23,0,10948,1,0,2,0,1,1,0.0,0.0,0,0.0,0.0,0.0,0.0,1.0,0.0,0.0,0.0,0.0,0.0,0.0,0.0,0.0,0.0,0.0,0.0,0.0,0.0,0.0,0.0,0.0,0.0,0.0,0.0,0,0.0,0,0.0944881889764,0.0866141732283,0.829145885919,0.975771011244,1.12364010476,0.578764533231,1.23405452554,0.0,2.23918536809,2.80422623035
229,45,14,100,0.0,0.0,219,88719,2,2.0,1,1.39,0.0492,4.45,8,60.31,1,10948,1,0,2,0,1,1,0.0,0.0,0,0.0,0.0,0.0,0.0,0.0,11.0,0.0,0.0,0.0,0.0,0.0,0.0,0.0,0.0,0.0,0.0,0.0,0.0,0.0,0.0,0.0,0.0,0.0,0.0,1,60.95,1,0.0666666666667,0.0592592592593,0.108149463381,-1.34168514046,-0.491083315398,0.368103113089,-0.977249113917,0.0,1.28119957868,1.6616286402
230,45,14,100,0.0,0.0,219,92219,3,4.0,1,1.1,0.0096,4.86,14,145.9,0,10948,1,0,2,0,1,1,0.0,0.0,0,0.0,0.0,0.0,-1.0,0.0,6.0,-1.0,0.0,6.0,0.0,0.0,0.0,0.0,0.0,0.0,0.0,0.0,0.0,0.0,0.0,0.0,-1.0,0.0,6.0,0,0.0,0,0.049504950495,0.039603960396,0.829145885919,0.512279780903,-0.920688629019,-0.674670916611,0.328750599724,0.0,0.690265695512,0.840639141201
231,45,14,100,0.0,0.0,219,102243,0,3.5,0,1.1,0.0019,4.43,22,67.11,0,10948,1,0,2,0,1,1,0.0,0.0,0,0.0,0.0,0.0,0.0,0.0,0.0,0.0,0.0,0.0,0.0,0.0,0.0,0.0,0.0,0.0,0.0,0.0,0.0,0.0,0.0,0.0,0.0,0.0,0.0,0,0.0,0,0.0,0.0,-1.3338433817,0.0487885505622,-0.920688629019,-0.877432533498,-0.873489351646,0.0,-1.01435127517,-0.813593431413
232,45,14,100,0.0,0.0,219,108521,0,2.5,1,1.61,0.0018,4.9,18,86.57,0,10948,1,0,2,0,1,1,0.0,0.0,0,0.0,0.0,0.0,0.0,0.0,0.0,0.0,0.0,0.0,0.0,0.0,0.0,0.0,0.0,0.0,0.0,0.0,0.0,0.0,0.0,0.0,0.0,1.0,0.0,0,0.0,0,0.0625,0.0,-1.3338433817,-0.87819391012,-0.165175836099,-0.880065801249,-0.576553326088,0.0,1.13772765032,-0.813593431413
233,45,14,100,0.0,0.0,219,113139,3,3.0,1,1.79,0.0169,4.81,1,86.57,1,10948,1,0,2,0,1,1,0.0,0.0,0,0.0,0.0,0.0,0.0,0.0,0.0,0.0,0.0,0.0,0.0,0.0,0.0,0.0,0.0,0.0,0.0,0.0,0.0,0.0,0.0,0.0,0.0,0.0,0.0,0,0.0,0,0.00680272108844,0.0,0.829145885919,-0.414702679779,0.101475737873,-0.482442370732,-0.576553326088,0.0,-0.780111392128,-0.813593431413
234,45,14,100,0.0,0.0,219,118133,0,4.0,1,0.69,0.0011,4.74,19,63.22,0,10948,1,0,2,0,1,1,0.0,0.0,0,0.0,0.0,0.0,1.0,0.0,8.0,1.0,0.0,7.0,0.0,0.0,0.0,0.0,0.0,0.0,0.0,0.0,0.0,0.0,0.0,0.0,0.0,1.0,0.0,0,0.0,0,0.0,0.0,-1.3338433817,0.512279780903,-1.52806165862,-0.898498675512,-0.93284603918,0.0,-1.01435127517,-0.813593431413
235,45,14,100,0.0,0.0,219,120386,3,4.5,1,1.95,0.0773,5.58,6,272.35,0,10948,1,0,2,0,1,1,0.0,0.0,0,0.0,0.0,0.0,0.0,0.0,0.0,0.0,0.0,0.0,0.0,0.0,0.0,0.0,0.0,0.0,0.0,0.0,0.0,0.0,0.0,0.0,0.0,0.0,0.0,0,0.0,0,0.0594059405941,0.029702970297,0.829145885919,0.975771011244,0.338499359181,1.10805135134,2.2582244143,0.0,1.03118908965,0.427080998047
236,45,14,100,0.0,0.0,219,122341,0,0.0,0,2.2,0.0,0.0,24,245.11,0,10948,1,0,2,0,1,1,0.0,0.0,0,0.0,0.0,0.0,0.0,0.0,0.0,0.0,0.0,0.0,0.0,0.0,0.0,0.0,0.0,0.0,0.0,0.0,0.0,0.0,0.0,0.0,0.0,0.0,0.0,0,0.0,0,0.0,0.0,-1.3338433817,0.0,0.708848767475,0.0,1.84257501368,0.0,-1.01435127517,-0.813593431413
237,45,14,100,0.0,0.0,219,132511,3,4.0,1,1.1,0.0349,5.22,4,194.53,0,10948,1,0,2,0,1,1,0.0,0.0,0,0.0,0.0,0.0,0.0,0.0,0.0,0.0,0.0,0.0,0.0,0.0,0.0,0.0,0.0,0.0,0.0,0.0,0.0,0.0,0.0,0.0,0.0,0.0,0.0,0,0.0,0,0.00751879699248,0.0,0.829145885919,0.512279780903,-0.920688629019,-0.00845417541358,1.07078548785,0.0,-0.755454562333,-0.813593431413
238,47,14,100,4.31,180.75,137,6618,3,4.0,0,4.13,0.1492,4.78,25,118.94,0,13901,6,3,1,1,1,0,0.0,5592.09,0,0.0,0.0,0.0,0.0,0.0,0.0,0.0,0.0,0.0,0.0,0.0,0.0,-1.0,0.0,16.0,0.0,0.0,0.0,0.0,1.0,0.0,0.0,0.0,0.0,0,0.0,0,0.027027027027,0.027027027027,-1.07642688843,0.383064918373,0.80230565316,0.566803765271,-0.336682185998,-0.309283713679,-0.538987948886,-0.186882749828
239,47,14,100,4.31,180.75,137,11747,4,4.5,0,4.03,0.1439,5.34,12,113.86,0,13901,6,3,1,1,1,0,0.0,5592.33,0,0.0,0.0,0.0,0.0,0.0,0.0,0.0,0.0,0.0,0.0,0.0,0.0,0.0,1.0,0.0,0.0,0.0,0.0,0.0,0.0,0.0,0.0,0.0,0.0,0,0.0,0,0.0,0.0,0.258342453222,0.976815541852,0.651386507238,0.48336538116,-0.39944864469,0.0716882780034,-1.14317255131,-0.893264455855
240,47,14,100,4.31,180.75,137,18311,4,4.0,0,3.93,0.1366,5.44,14,129.1,0,13901,6,3,1,1,1,0,0.0,5592.6,0,0.0,0.0,0.0,0.0,0.0,0.0,0.0,0.0,0.0,0.0,0.0,0.0,0.0,0.0,0.0,0.0,0.0,0.0,0.0,0.0,0.0,0.0,0.0,0.0,0,0.0,0,0.0857142857143,0.0571428571429,0.258342453222,0.383064918373,0.500467361316,0.368440814366,-0.211149268614,0.500281768648,0.772955759242,0.600228294031
241,47,14,100,4.31,180.75,137,19599,3,4.0,0,4.16,0.1647,5.03,26,94.54,0,13901,6,3,1,1,1,0,0.0,5591.92,0,0.0,0.0,0.0,-1.0,0.0,3.0,0.0,0.0,0.0,0.0,0.0,0.0,0.0,0.0,10.0,0.0,0.0,0.0,0.0,1.0,0.0,0.0,0.0,0.0,0,0.0,0,0.027027027027,0.027027027027,-1.07642688843,0.383064918373,0.847581396936,0.810821681066,-0.638158877354,-0.579138874455,-0.538987948886,-0.186882749828
242,47,14,100,4.31,180.75,137,24002,4,4.5,0,4.16,0.181,5.6,3,185.02,0,13901,6,3,1,1,1,0,0.0,5592.13,0,0.0,0.0,0.0,0.0,0.0,0.0,0.0,0.0,0.0,0.0,0.0,0.0,0.0,0.0,7.0,0.0,0.0,0.0,0.0,0.0,0.0,0.0,0.0,0.0,0,0.0,0,0.0344827586207,0.0344827586207,0.258342453222,0.976815541852,0.847581396936,1.06743406994,0.479776001083,-0.245788381732,-0.372316334423,0.00798116907602
243,47,14,100,4.31,180.75,137,29732,3,3.5,0,2.83,0.047,4.69,31,59.98,0,13901,6,3,1,1,1,0,0.0,5593.31,0,0.0,0.0,0.0,1.0,0.0,2.0,0.0,0.0,0.0,0.0,0.0,0.0,0.0,0.0,0.0,0.0,0.0,0.0,0.0,0.0,0.0,0.0,0.0,0.0,0,0.0,0,0.15625,0.09375,-1.07642688843,-0.210685705105,-1.15964324383,-1.04214016985,-1.06516848609,1.62732391071,2.34976968147,1.55699708693
244,47,14,100,4.31,180.75,137,35796,3,3.5,0,2.64,0.0403,5.0,27,97.59,0,13901,6,3,1,1,1,0,0.0,5590.9,0,0.0,0.0,0.0,0.0,0.0,0.0,0.0,0.0,0.0,0.0,0.0,0.0,0.0,0.0,0.0,0.0,0.0,0.0,0.0,0.0,0.0,0.0,0.0,0.0,0,0.0,0,0.0555555555556,0.0,-1.07642688843,-0.210685705105,-1.44638962108,-1.14761888184,-0.600474290934,-2.19826983911,0.0987624647871,-0.893264455855
245,47,14,100,4.31,180.75,137,36148,3,3.5,0,4.06,0.1241,4.84,34,74.21,0,13901,6,3,1,1,1,0,0.0,5592.39,0,0.0,0.0,0.0,0.0,0.0,0.0,0.0,0.0,0.0,0.0,0.0,0.0,0.0,0.0,0.0,0.0,0.0,0.0,0.0,0.0,0.0,0.0,0.0,0.0,0,0.0,0,0.0333333333333,0.0,-1.07642688843,-0.210685705105,0.696662251014,0.171652172595,-0.889348268143,0.166931275925,-0.398011541653,-0.893264455855
246,47,14,100,4.31,180.75,137,41784,4,3.0,1,2.3,0.0622,5.15,22,142.32,0,13901,6,3,1,1,1,0,0.0,5591.13,0,0.0,0.0,0.0,1.0,0.0,2.0,0.0,0.0,0.0,0.0,0.0,0.0,0.0,0.0,0.0,0.0,0.0,0.0,0.0,0.0,0.0,0.0,0.0,0.0,0,0.0,0,0.0689655172414,0.0,0.258342453222,-0.804436328584,-1.95951471721,-0.802845181453,-0.0478082087892,-1.83317168041,0.398539882467,-0.893264455855
247,47,14,100,4.31,180.75,137,43781,4,3.5,1,3.99,0.2159,5.21,6,109.79,0,13901,6,3,1,1,1,0,0.0,5592.02,0,0.0,0.0,0.0,1.0,0.0,66.0,0.0,0.0,0.0,0.0,0.0,0.0,0.0,0.0,0.0,0.0,0.0,0.0,1.0,0.0,30.0,0.0,0.0,0.0,0,0.0,0,0.136363636364,0.0909090909091,0.258342453222,-0.210685705105,0.591018848869,1.61686795776,-0.449735945256,-0.420400544587,1.9052133973,1.48274673715
248,47,14,100,4.31,180.75,137,51037,3,3.5,0,3.64,0.0157,5.03,30,86.41,1,13901,6,3,1,1,1,0,0.0,5591.25,0,0.0,0.0,0.0,0.0,0.0,0.0,0.0,0.0,0.0,0.0,0.0,0.0,0.0,0.0,0.0,0.0,0.0,0.0,0.0,0.0,0.0,0.0,0.0,0.0,0,0.0,0,0.0,0.0,-1.07642688843,-0.210685705105,0.0628018381417,-1.53489892884,-0.738609922465,-1.64268568457,-1.14317255131,-0.893264455855
249,47,14,100,4.31,180.75,137,54593,3,3.5,0,3.97,0.1546,5.03,29,121.99,0,13901,6,3,1,1,1,0,0.0,5591.99,0,0.0,0.0,0.0,0.0,0.0,0.0,0.0,0.0,0.0,0.0,0.0,0.0,1.0,0.0,2.0,0.0,0.0,0.0,0.0,0.0,0.0,0.0,0.0,0.0,0,0.0,0,0.0344827586207,0.0344827586207,-1.07642688843,-0.210685705105,0.560835019684,0.651816458515,-0.298997599579,-0.468022043548,-0.372316334423,0.00798116907602
