,srch_id,date_time,site_id,visitor_location_country_id,visitor_hist_starrating,visitor_hist_adr_usd,prop_country_id,prop_id,prop_starrating,prop_review_score,prop_brand_bool,prop_location_score1,prop_location_score2,prop_log_historical_price,position,price_usd,promotion_flag,srch_destination_id,srch_length_of_stay,srch_booking_window,srch_adults_count,srch_children_count,srch_room_count,srch_saturday_night_bool,srch_query_affinity_score,orig_destination_distance,random_bool,comp1_rate,comp1_inv,comp1_rate_percent_diff,comp2_rate,comp2_inv,comp2_rate_percent_diff,comp3_rate,comp3_inv,comp3_rate_percent_diff,comp4_rate,comp4_inv,comp4_rate_percent_diff,comp5_rate,comp5_inv,comp5_rate_percent_diff,comp6_rate,comp6_inv,comp6_rate_percent_diff,comp7_rate,comp7_inv,comp7_rate_percent_diff,comp8_rate,comp8_inv,comp8_rate_percent_diff,click_bool,gross_bookings_usd,booking_bool,prop_starrating|srch_id_standardized,prop_review_score|srch_id_standardized,prop_location_score1|srch_id_standardized,prop_location_score2|srch_id_standardized,price_usd|srch_id_standardized,orig_destination_distance|srch_id_standardized
0,8,2013-03-20 17:50:44,5,219,,,219,10250,3,3.5,1,1.39,0.0321,4.64,15,82.0,0,7082,1,0,1,0,1,0,,5.4,0,,,,0.0,0.0,,0.0,0.0,,,,,,,,,,,,,,0.0,0.0,,0,,0,-0.0489174505241,-0.42704896753,-0.449241562268,-1.17582537138,-1.25174750043,0.883213623888
1,8,2013-03-20 17:50:44,5,219,,,219,13252,4,4.5,1,0.0,,5.49,19,160.0,1,7082,1,0,1,0,1,0,,3.98,0,,,,,,,0.0,0.0,,,,,1.0,0.0,42.0,,,,,,,1.0,0.0,43.0,0,,0,0.978349010483,0.569398623374,-1.85174008661,,-0.0596763343231,0.129854634633
2,8,2013-03-20 17:50:44,5,219,,,219,22756,4,4.0,1,2.83,0.2251,5.11,10,259.0,0,7082,1,0,1,0,1,0,,4.41,0,,,,0.0,0.0,,-1.0,0.0,7.0,,,,0.0,0.0,7.0,,,,,,,-1.0,0.0,7.0,0,,0,0.978349010483,0.0711748279217,1.00370654928,1.32561558088,1.45333706882,0.357984469408
3,8,2013-03-20 17:50:44,5,219,,,219,27669,3,3.5,1,3.0,0.2107,4.62,16,85.0,0,7082,1,0,1,0,1,0,,4.17,0,,,,,,,0.0,0.0,,,,,,1.0,,,,,,,,0.0,0.0,,1,96.41,1,-0.0489174505241,-0.42704896753,1.17523514578,1.13897957201,-1.20589860943,0.230656189534
4,8,2013-03-20 17:50:44,5,219,,,219,30630,3,4.0,1,0.0,,4.81,20,109.0,0,7082,1,0,1,0,1,0,,3.69,0,,,,1.0,0.0,4.0,-1.0,0.0,9.0,,,,,,,,,,,,,0.0,0.0,,0,,0,-0.0489174505241,0.0711748279217,-1.85174008661,,-0.839107481396,-0.0240003702143
5,8,2013-03-20 17:50:44,5,219,,,219,32491,3,4.5,1,2.3,0.0516,5.18,6,199.0,0,7082,1,0,1,0,1,0,,4.45,0,,,,,1.0,,,,,,,,,1.0,,,,,,,,,1.0,,0,,0,-0.0489174505241,0.569398623374,0.468940924892,-0.923089109363,0.536359248733,0.379205849387
6,8,2013-03-20 17:50:44,5,219,,,219,33805,3,3.5,1,3.14,0.1393,4.89,13,119.0,1,7082,1,0,1,0,1,0,,3.83,0,,,,0.0,0.0,,0.0,0.0,,,,,0.0,0.0,,,,,,,,0.0,0.0,,0,,0,-0.0489174505241,-0.42704896753,1.31649398996,0.213576028011,-0.686277844715,0.0502744597122
7,8,2013-03-20 17:50:44,5,219,,,219,35397,3,4.5,1,1.39,0.1,4.82,12,119.0,1,7082,1,0,1,0,1,0,,5.07,0,,,,0.0,0.0,,1.0,0.0,25.0,,,,0.0,0.0,,,,,,,,0.0,0.0,,0,,0,-0.0489174505241,0.569398623374,-0.449241562268,-0.295784746206,-0.686277844715,0.708137239061
8,8,2013-03-20 17:50:44,5,219,,,219,39137,2,3.5,1,1.61,0.0813,4.55,14,80.0,0,7082,1,0,1,0,1,0,,4.85,0,,,,0.0,0.0,,0.0,0.0,,,,,0.0,0.0,,,,,,,,0.0,0.0,,0,,0,-1.07618391153,-0.42704896753,-0.227263378559,-0.538152341062,-1.28231342777,0.591419649177
9,8,2013-03-20 17:50:44,5,219,,,219,41497,3,4.5,1,1.79,0.0432,5.1,1,189.0,0,7082,1,0,1,0,1,0,,1.64,0,,,,0.0,0.0,,1.0,0.0,5.0,,,,0.0,0.0,,,,,,,,0.0,0.0,,0,,0,-0.0489174505241,0.569398623374,-0.0456448646155,-1.03196011454,0.383529612052,-1.11159609414
10,8,2013-03-20 17:50:44,5,219,,,219,54403,2,3.5,1,0.0,,4.44,22,66.0,0,7082,1,0,1,0,1,0,,8.77,0,,,,0.0,0.0,,0.0,0.0,,,,,0.0,0.0,,,,,,,,0.0,0.0,,0,,0,-1.07618391153,-0.42704896753,-1.85174008661,,-1.49627491912,2.67111488712
11,8,2013-03-20 17:50:44,5,219,,,219,58176,0,0.0,0,1.79,,4.71,25,150.0,0,7082,1,0,1,0,1,0,,0.54,0,,,,,,,,,,,,,,,,,,,,,,,,,0,,0,-3.13071683354,-3.91461553569,-0.0456448646155,,-0.212505971004,-1.69518404356
12,8,2013-03-20 17:50:44,5,219,,,219,63511,3,4.5,1,1.39,,5.36,21,209.0,0,7082,1,0,1,0,1,0,,1.49,0,,,,0.0,0.0,,0.0,0.0,,,,,0.0,0.0,,,,,,,,0.0,1.0,,0,,0,-0.0489174505241,0.569398623374,-0.449241562268,,0.689188885414,-1.19117626906
13,8,2013-03-20 17:50:44,5,219,,,219,66444,4,4.5,1,1.39,,5.34,18,239.0,0,7082,1,0,1,0,1,0,,1.41,0,,,,,1.0,,,,,,,,,1.0,,,,,,,,,1.0,,0,,0,0.978349010483,0.569398623374,-0.449241562268,,1.14767779546,-1.23361902902
14,8,2013-03-20 17:50:44,5,219,,,219,67150,4,4.5,1,2.89,0.2295,5.39,4,259.0,0,7082,1,0,1,0,1,0,,4.34,0,,,,0.0,0.0,,0.0,0.0,,,,,,1.0,,,,,,,,0.0,0.0,,0,,0,0.978349010483,0.569398623374,1.06424605393,1.38264325026,1.45333706882,0.320847054444
15,8,2013-03-20 17:50:44,5,219,,,219,73738,3,4.5,1,1.39,0.0883,5.14,3,189.0,0,7082,1,0,1,0,1,0,,4.8,0,,,,,,,0.0,0.0,,,,,0.0,0.0,,,,,,,,0.0,0.0,,0,,0,-0.0489174505241,0.569398623374,-0.449241562268,-0.447426503415,0.383529612052,0.564892924203
16,8,2013-03-20 17:50:44,5,219,,,219,83293,3,4.5,1,2.94,0.0731,5.12,2,239.0,0,7082,1,0,1,0,1,0,,4.05,0,,,,,1.0,,,,,,,,,1.0,,,,,,,,,1.0,,0,,0,-0.0489174505241,0.569398623374,1.11469564114,-0.644431179448,1.14767779546,0.166992049597
17,8,2013-03-20 17:50:44,5,219,,,219,90151,5,4.5,0,2.56,0.1592,5.7,7,259.0,0,7082,1,0,1,0,1,0,,4.52,0,,,,,,,,,,,,,,,,,,,,,,,,,0,,0,2.00561547149,0.569398623374,0.731278778366,0.471496623607,1.45333706882,0.41634326435
18,8,2013-03-20 17:50:44,5,219,,,219,119302,3,3.5,1,1.95,,4.76,24,93.0,0,7082,1,0,1,0,1,0,,1.16,0,,,,0.0,0.0,,0.0,0.0,,,,,,,,,,,,,,0.0,1.0,,0,,0,-0.0489174505241,-0.42704896753,0.115793814446,,-1.08363490009,-1.36625265389
19,8,2013-03-20 17:50:44,5,219,,,219,125655,3,4.0,1,3.0,0.2427,4.97,9,149.0,0,7082,1,0,1,0,1,0,,4.26,0,,,,0.0,0.0,,0.0,0.0,,,,,0.0,0.0,,,,,,,,0.0,0.0,,0,,0,-0.0489174505241,0.0711748279217,1.17523514578,1.55372625839,-0.227788934672,0.278404294486
20,8,2013-03-20 17:50:44,5,219,,,219,134607,3,4.5,1,1.79,0.0434,4.99,8,189.0,0,7082,1,0,1,0,1,0,,1.61,0,,,,-1.0,0.0,5.0,0.0,0.0,,,,,0.0,0.0,5.0,,,,,,,0.0,0.0,,0,,0,-0.0489174505241,0.569398623374,-0.0456448646155,-1.02936794775,0.383529612052,-1.12751212912
21,11,2013-02-25 08:39:33,5,219,,,219,6492,2,4.0,1,2.3,,3.91,36,47.0,0,12610,1,39,2,0,1,1,,284.56,1,,,,1.0,0.0,12.0,0.0,0.0,,,,,,,,,,,,,,1.0,0.0,12.0,0,,0,-1.44486257861,0.0157160308118,1.09593664867,,-1.30921518953,0.199624675199
22,11,2013-02-25 08:39:33,5,219,,,219,8946,3,4.5,1,1.95,,5.17,19,84.0,0,12610,1,39,2,0,1,1,,288.12,1,,,,0.0,1.0,,0.0,0.0,,,,,1.0,0.0,20.0,,,,,,,0.0,0.0,,0,,0,0.389001463472,0.534345047601,0.536834692301,,0.261071398305,1.05709841715
23,11,2013-02-25 08:39:33,5,219,,,219,9952,2,3.0,1,1.61,,4.1,14,50.0,0,12610,1,39,2,0,1,1,,275.55,1,,,,,,,,,,,,,,,,,,,,,,,,,0,,0,-1.44486257861,-1.02154200277,-0.00629292245258,,-1.18189465538,-1.97055465486
24,11,2013-02-25 08:39:33,5,219,,,219,19470,2,3.5,1,1.39,,4.37,9,60.0,0,12610,1,39,2,0,1,1,,275.42,1,,,,,,,,,,,,,,,,,,,,,,,,,0,,0,-1.44486257861,-0.502912985977,-0.357728437881,,-0.757492874885,-2.00186689824
25,11,2013-02-25 08:39:33,5,219,,,219,20499,2,3.5,1,2.2,,4.11,31,45.0,0,12610,1,39,2,0,1,1,,284.67,1,,,,0.0,0.0,,0.0,0.0,,,,,,,,,,,,,,0.0,0.0,,1,,0,-1.44486257861,-0.502912985977,0.936193232561,,-1.39409554563,0.226119650372
26,11,2013-02-25 08:39:33,5,219,,,219,24526,3,4.0,1,0.69,0.1099,4.94,2,119.0,0,12610,1,39,2,0,1,1,,278.73,1,,,,0.0,0.0,,0.0,0.0,,,,,0.0,0.0,,,,,,,,0.0,0.0,,0,,0,0.389001463472,0.0157160308118,-1.47593235061,-0.906145663128,1.74647763004,-1.20460900895
27,11,2013-02-25 08:39:33,5,219,,,219,26421,3,5.0,1,2.08,,5.07,25,89.0,0,12610,1,39,2,0,1,1,,287.79,1,,,,,1.0,,0.0,0.0,,,,,0.0,0.0,,,,,,,,0.0,0.0,,0,,0,0.389001463472,1.05297406439,0.744501133236,,0.473272288553,0.977613491634
28,11,2013-02-25 08:39:33,5,219,,,219,27675,3,4.5,1,1.1,0.1626,4.7,7,85.0,0,12610,1,39,2,0,1,1,,279.74,1,,,,0.0,0.0,,0.0,0.0,,,,,,,,,,,,,,0.0,0.0,,0,,0,0.389001463472,0.534345047601,-0.820984344583,-0.122009760881,0.303511576355,-0.961336964187
29,11,2013-02-25 08:39:33,5,219,,,219,28364,3,4.5,1,1.61,0.2046,4.73,3,79.0,0,12610,1,39,2,0,1,1,,280.57,1,,,,0.0,0.0,,0.0,0.0,,,,,0.0,0.0,,,,,,,,0.0,0.0,,0,,0,0.389001463472,0.534345047601,-0.00629292245258,0.502918282656,0.0488705080571,-0.761420333338
30,11,2013-02-25 08:39:33,5,219,,,219,33980,3,5.0,1,1.1,,5.03,13,98.0,0,12610,1,39,2,0,1,1,,283.87,1,,,,,1.0,,0.0,0.0,,,,,0.0,0.0,,,,,,,,0.0,0.0,,0,,0,0.389001463472,1.05297406439,-0.820984344583,,0.855233890999,0.0334289218433
31,11,2013-02-25 08:39:33,5,219,,,219,35021,3,4.0,1,2.08,,4.99,26,153.0,0,12610,1,39,2,0,1,1,,287.83,1,,,,0.0,0.0,,,,,,,,,,,,,,,,,0.0,0.0,,0,,0,0.389001463472,0.0157160308118,0.744501133236,,3.18944368373,0.987248028061
32,11,2013-02-25 08:39:33,5,219,,,219,38443,3,4.0,1,2.4,,4.58,18,60.0,0,12610,1,39,2,0,1,1,,284.42,1,,,,-1.0,0.0,10.0,-1.0,1.0,10.0,,,,,,,,,,,,,-1.0,0.0,10.0,0,,0,0.389001463472,0.0157160308118,1.25568006477,,-0.757492874885,0.165903797707
33,11,2013-02-25 08:39:33,5,219,,,219,47116,3,4.5,1,2.08,,4.95,22,84.0,0,12610,1,39,2,0,1,1,,287.82,1,,,,0.0,0.0,11.0,0.0,0.0,11.0,,,,,,,,,,,,,0.0,0.0,11.0,0,,0,0.389001463472,0.534345047601,0.744501133236,,0.261071398305,0.984839393954
34,11,2013-02-25 08:39:33,5,219,,,219,59898,3,0.0,1,2.08,,4.84,32,76.0,0,12610,1,39,2,0,1,1,,288.1,1,,,,,,,0.0,0.0,,,,,,,,,,,,,,0.0,0.0,,0,,0,0.389001463472,-4.1333161035,0.744501133236,,-0.0784500260917,1.05228114894
35,11,2013-02-25 08:39:33,5,219,,,219,63095,2,3.5,1,1.61,,4.92,33,65.0,0,12610,1,39,2,0,1,1,,287.66,1,,,,0.0,0.0,,0.0,0.0,,,,,0.0,0.0,,,,,,,,0.0,0.0,,0,,0,-1.44486257861,-0.502912985977,-0.00629292245258,,-0.545291984637,0.946301248249
36,11,2013-02-25 08:39:33,5,219,,,219,69993,2,2.5,1,2.2,,4.22,27,34.0,0,12610,1,39,2,0,1,1,,284.47,1,,,,0.0,-1.0,,0.0,-1.0,,,,,1.0,-1.0,17.0,,,,,,,0.0,-1.0,,0,,0,-1.44486257861,-1.54017101956,0.936193232561,,-1.86093750417,0.17794696824
37,11,2013-02-25 08:39:33,5,219,,,219,73511,3,5.0,1,0.0,,4.91,29,75.0,0,12610,1,39,2,0,1,1,,287.02,1,,,,0.0,1.0,,0.0,0.0,,,,,0.0,0.0,,,,,,,,0.0,0.0,,0,,0,0.389001463472,1.05297406439,-2.57816192173,,-0.120890204141,0.792148665425
38,11,2013-02-25 08:39:33,5,219,,,219,74499,3,4.5,1,0.69,0.1555,4.68,8,74.0,0,12610,1,39,2,0,1,1,,279.07,1,,,,,,,1.0,0.0,20.0,,,,1.0,0.0,20.0,,,,,,,1.0,0.0,20.0,0,,0,0.389001463472,0.534345047601,-1.47593235061,-0.227652358717,-0.163330382191,-1.12271544933
39,11,2013-02-25 08:39:33,5,219,,,219,75743,3,4.5,1,0.0,,4.88,24,93.0,0,12610,1,39,2,0,1,1,,276.98,1,,,,,,,,,,,,,,,,,,,,,,,,,0,,0,0.389001463472,0.534345047601,-2.57816192173,,0.643033000751,-1.62611997761
40,11,2013-02-25 08:39:33,5,219,,,219,78768,3,5.0,1,2.08,,4.95,12,93.0,0,12610,1,39,2,0,1,1,,287.89,1,,,,,,,-1.0,0.0,9.0,,,,-1.0,0.0,9.0,,,,,,,-1.0,0.0,9.0,0,,0,0.389001463472,1.05297406439,0.744501133236,,0.643033000751,1.0016998327
41,11,2013-02-25 08:39:33,5,219,,,219,80764,2,3.5,1,1.79,,3.87,21,60.0,0,12610,1,39,2,0,1,1,,283.89,1,,,,0.0,0.0,,,1.0,,,,,,,,,,,,,,-1.0,0.0,10.0,0,,0,-1.44486257861,-0.502912985977,0.281245226535,,-0.757492874885,0.0382461900565
42,11,2013-02-25 08:39:33,5,219,,,219,83769,4,4.5,1,2.08,,5.24,37,123.0,0,12610,1,39,2,0,1,1,,288.09,1,,,,,1.0,,0.0,0.0,,,,,0.0,0.0,,,,,,,,-1.0,0.0,7.0,0,,0,2.22286550555,0.534345047601,0.744501133236,,1.91623834224,1.04987251483
43,11,2013-02-25 08:39:33,5,219,,,219,85264,2,3.0,1,1.95,,4.31,30,70.0,0,12610,1,39,2,0,1,1,,285.8,1,,,,0.0,0.0,,0.0,0.0,,,,,,,,,,,,,,0.0,0.0,,0,,0,-1.44486257861,-1.02154200277,0.536834692301,,-0.333091094389,0.498295304419
44,11,2013-02-25 08:39:33,5,219,,,219,86294,2,3.0,1,2.2,,4.01,28,51.0,0,12610,1,39,2,0,1,1,,284.72,1,,,,0.0,0.0,,0.0,0.0,,,,,,,,,,,,,,0.0,0.0,,0,,0,-1.44486257861,-1.02154200277,0.936193232561,,-1.13945447733,0.238162820905
45,11,2013-02-25 08:39:33,5,219,,,219,93949,3,4.0,0,1.61,,4.64,35,74.0,0,12610,1,39,2,0,1,1,,287.04,1,,,,0.0,0.0,3.0,0.0,0.0,3.0,,,,,,,,,,,,,-1.0,0.0,10.0,0,,0,0.389001463472,0.0157160308118,-0.00629292245258,,-0.163330382191,0.796965933639
46,11,2013-02-25 08:39:33,5,219,,,219,95615,3,4.5,0,1.39,0.0702,4.64,6,80.0,0,12610,1,39,2,0,1,1,,280.76,1,,,,0.0,0.0,,0.0,0.0,,,,,0.0,0.0,,,,,,,,0.0,0.0,,0,,0,0.389001463472,0.534345047601,-0.357728437881,-1.49685145666,0.0913106861067,-0.715656285313
47,11,2013-02-25 08:39:33,5,219,,,219,100969,4,4.5,0,1.39,,4.98,16,89.0,1,12610,1,39,2,0,1,1,,287.77,1,,,,1.0,0.0,25.0,0.0,0.0,,,,,,,,,,,,,,1.0,0.0,25.0,0,,0,2.22286550555,0.534345047601,-0.357728437881,,0.473272288553,0.972796223421
48,11,2013-02-25 08:39:33,5,219,,,219,102705,3,5.0,1,1.39,0.2323,4.86,4,87.0,0,12610,1,39,2,0,1,1,,280.41,1,,,,,1.0,,0.0,0.0,,,,,1.0,0.0,9.0,,,,,,,0.0,0.0,,0,,0,0.389001463472,1.05297406439,-0.357728437881,0.915073206607,0.388391932454,-0.799958479044
49,11,2013-02-25 08:39:33,5,219,,,219,114096,3,4.0,1,1.61,,4.98,34,62.0,0,12610,1,39,2,0,1,1,,288.2,1,,,,0.0,0.0,,0.0,0.0,,,,,1.0,0.0,107.0,,,,,,,0.0,0.0,,0,,0,0.389001463472,0.0157160308118,-0.00629292245258,,-0.672612518786,1.07636749001
50,11,2013-02-25 08:39:33,5,219,,,219,122888,3,4.5,1,1.1,0.2605,4.89,1,71.0,0,12610,1,39,2,0,1,1,,281.08,1,,,,0.0,1.0,,0.0,0.0,,,,,0.0,0.0,,,,,,,,0.0,0.0,,0,,0,0.389001463472,0.534345047601,-0.820984344583,1.33466775012,-0.29065091634,-0.638579993901
51,11,2013-02-25 08:39:33,5,219,,,219,124104,3,4.0,1,1.1,,4.64,10,85.0,0,12610,1,39,2,0,1,1,,275.81,1,,,,,,,,,,,,,,,,,,,,,,,,,0,,0,0.389001463472,0.0157160308118,-0.820984344583,,0.303511576355,-1.90793016808
52,11,2013-02-25 08:39:33,5,219,,,219,134563,3,4.0,1,2.2,,4.73,20,73.0,0,12610,1,39,2,0,1,1,,284.5,1,,,,0.0,0.0,,0.0,0.0,,,,,0.0,0.0,,,,,,,,0.0,0.0,,0,,0,0.389001463472,0.0157160308118,0.936193232561,,-0.20577056024,0.18517287056
53,11,2013-02-25 08:39:33,5,219,,,219,136184,3,4.0,0,2.2,,4.59,15,81.0,0,12610,1,39,2,0,1,1,,284.78,1,,,,0.0,0.0,,0.0,0.0,,,,,,,,,,,,,,0.0,0.0,,0,,0,0.389001463472,0.0157160308118,0.936193232561,,0.133750864156,0.252614625545
54,17,2012-11-05 19:52:18,18,129,,,31,2196,4,4.5,0,6.83,0.7355,5.58,29,275.11,1,6285,4,194,4,1,2,1,,433.61,1,,,,,,,,,,,,,0.0,0.0,,1.0,0.0,3.0,1.0,0.0,3.0,,,,0,,0,0.952500952501,1.12114993004,0.325073501487,0.485550244421,0.824435600894,-0.785690385386
55,17,2012-11-05 19:52:18,18,129,,,31,3309,3,3.5,0,6.64,0.3716,4.66,2,150.99,0,6285,4,194,4,1,2,1,,434.25,1,,,,,,,,,,,,,,,,,,,0.0,0.0,,,,,0,,0,-1.016001016,-0.92329994239,-1.05239622784,-1.8455744746,-1.47965102961,1.5905439509
56,17,2012-11-05 19:52:18,18,129,,,31,11331,4,4.0,0,6.89,0.7774,5.17,6,305.82,0,6285,4,194,4,1,2,1,,433.88,1,,,,,,,,,,,,,0.0,0.0,,,,,,,,,,,0,,0,0.952500952501,0.0989249938275,0.760063942327,0.753959493464,1.39451697716,0.216783475235
57,17,2012-11-05 19:52:18,18,129,,,31,17795,4,4.0,0,6.87,0.7659,5.5,25,271.27,1,6285,4,194,4,1,2,1,,433.97,1,,,,,,,,,,,,,,,,1.0,0.0,11.0,1.0,0.0,220.0,,,,0,,0,0.952500952501,0.0989249938275,0.615067128714,0.680291083822,0.753152224636,0.550941428776
58,17,2012-11-05 19:52:18,18,129,,,31,21770,3,4.5,0,6.73,0.6478,5.12,14,168.91,0,6285,4,194,4,1,2,1,,433.46,1,,,,,,,,,,,,,1.0,0.0,10.0,,,,1.0,0.0,24.0,,,,0,,0,-1.016001016,1.12114993004,-0.399910566578,-0.0762514534584,-1.14699527374,-1.34262030795
59,17,2012-11-05 19:52:18,18,129,,,31,23984,4,4.0,0,6.9,0.6856,5.33,10,327.58,0,6285,4,194,4,1,2,1,,433.82,1,,,,,,,,,,,,,-1.0,0.0,30.0,-1.0,0.0,30.0,1.0,0.0,148.0,,,,0,,0,0.952500952501,0.0989249938275,0.832562349133,0.165893406061,1.79845610929,-0.00598849379167
60,17,2012-11-05 19:52:18,18,129,,,31,28503,4,4.5,0,6.87,0.6705,5.55,21,203.45,0,6285,4,194,4,1,2,1,,434.08,1,,,,,,,,,,,,,0.0,0.0,,0.0,0.0,,0.0,0.0,,,,,0,,0,0.952500952501,1.12114993004,0.615067128714,0.0691635812264,-0.505816155,0.959356705325
61,17,2012-11-05 19:52:18,18,129,,,31,35054,4,3.5,0,6.75,0.7072,5.52,22,310.94,0,6285,4,194,4,1,2,1,,433.56,1,,,,,,,,,,,,,0.0,0.0,,0.0,0.0,,0.0,0.0,,,,,0,,0,0.952500952501,-0.92329994239,-0.254913752965,0.304261897215,1.48956147884,-0.971333692908
62,17,2012-11-05 19:52:18,18,129,,,31,43549,3,4.0,0,6.89,0.7204,5.34,19,189.38,1,6285,4,194,4,1,2,1,,433.8,1,,,,,,,,,,,,,0.0,0.0,,,,,0.0,0.0,,,,,0,,0,-1.016001016,0.0989249938275,0.760063942327,0.388820419586,-0.767002900819,-0.0802458168006
63,17,2012-11-05 19:52:18,18,129,,,31,45379,3,4.0,0,6.7,0.6259,5.03,30,278.95,0,6285,4,194,4,1,2,1,,433.56,1,,,,,,,,,,,,,0.0,0.0,,,,,0.0,0.0,,,,,0,,0,-1.016001016,0.0989249938275,-0.617405786998,-0.216541729212,0.895718977152,-0.971333692908
64,17,2012-11-05 19:52:18,18,129,,,31,56046,4,4.0,0,6.69,0.6168,5.0,9,229.05,0,6285,4,194,4,1,2,1,,433.43,1,,,,,,,,,,,,,0.0,0.0,,0.0,0.0,,,1.0,,,,,0,,0,0.952500952501,0.0989249938275,-0.689904193804,-0.274835862059,-0.0305936466147,-1.45400629247
65,17,2012-11-05 19:52:18,18,129,,,31,58295,4,4.5,1,6.89,0.783,5.67,4,323.74,0,6285,4,194,4,1,2,1,,433.88,1,,,,,,,,,,,,,-1.0,0.0,15.0,-1.0,0.0,15.0,,1.0,,,,,0,,0,0.952500952501,1.12114993004,0.760063942327,0.789832805986,1.72717273303,0.216783475235
66,17,2012-11-05 19:52:18,18,129,,,31,66095,4,3.5,0,6.88,0.7731,5.23,26,235.44,1,6285,4,194,4,1,2,1,,433.96,1,,,,,,,,,,,,,,,,-1.0,0.0,9.0,,1.0,,,,,0,,0,0.952500952501,-0.92329994239,0.68756553552,0.726413914207,0.0880263466893,0.513812767271
67,17,2012-11-05 19:52:18,18,129,,,31,66890,4,4.0,1,6.7,0.5063,5.31,35,255.92,1,6285,4,194,4,1,2,1,,434.23,1,,,,,,,,,,,,,0.0,0.0,,0.0,0.0,,0.0,0.0,,,,,0,,0,0.952500952501,0.0989249938275,-0.617405786998,-0.982693189489,0.468204353398,1.51628662789
68,17,2012-11-05 19:52:18,18,129,,,31,73557,3,4.0,0,6.79,0.7462,5.15,7,174.02,0,6285,4,194,4,1,2,1,,433.67,1,,,,,,,,,,,,,0.0,0.0,,,,,-1.0,0.0,5.0,,,,0,,0,-1.016001016,0.0989249938275,0.0350798742612,0.554093895131,-1.05213640585,-0.562918416359
69,17,2012-11-05 19:52:18,18,129,,,31,73790,3,4.0,0,6.69,0.6081,5.15,34,197.06,0,6285,4,194,4,1,2,1,,433.42,1,,,,,,,,,,,,,0.0,0.0,,1.0,0.0,16.0,,,,,,,0,,0,-1.016001016,0.0989249938275,-0.689904193804,-0.33056761544,-0.624436148304,-1.49113495397
70,17,2012-11-05 19:52:18,18,129,,,31,78834,3,4.5,0,6.91,0.6483,5.58,12,299.42,0,6285,4,194,4,1,2,1,,433.81,1,,,,,,,,,,,,,-1.0,0.0,18.0,-1.0,0.0,18.0,-1.0,0.0,18.0,,,,0,,0,-1.016001016,1.12114993004,0.90506075594,-0.0730484791261,1.27571135007,-0.0431171552961
71,17,2012-11-05 19:52:18,18,129,,,31,82886,4,4.5,0,6.9,0.7496,5.34,3,202.18,1,6285,4,194,4,1,2,1,,433.88,1,,,,,,,,,,,,,0.0,0.0,,0.0,0.0,,0.0,0.0,,,,,0,,0,0.952500952501,1.12114993004,0.832562349133,0.57587412059,-0.529391646627,0.216783475235
72,17,2012-11-05 19:52:18,18,129,,,31,83594,3,4.0,0,6.76,0.7088,5.1,33,179.14,0,6285,4,194,4,1,2,1,,433.61,1,,,,,,,,,,,,,1.0,0.0,4.0,,1.0,,1.0,0.0,3.0,,,,0,,0,-1.016001016,0.0989249938275,-0.182415346158,0.314511415078,-0.957091904174,-0.785690385386
73,17,2012-11-05 19:52:18,18,129,,,31,84999,3,4.5,0,6.8,0.767,5.15,20,243.12,0,6285,4,194,4,1,2,1,,433.66,1,,,,,,,,,,,,,,,,,,,,,,,,,0,,0,-1.016001016,1.12114993004,0.107578281068,0.687337627353,0.230593099205,-0.600047077863
74,17,2012-11-05 19:52:18,18,129,,,31,85819,3,3.0,0,6.35,0.1618,5.06,15,138.2,0,6285,4,194,4,1,2,1,,434.43,1,,,,,,,,,,,,,0.0,0.0,,,,,,,,,,,0,,0,-1.016001016,-1.94552487861,-3.15485002523,-3.18954250442,-1.71707665001,2.25885985798
75,17,2012-11-05 19:52:18,18,129,,,31,87596,3,2.5,0,6.91,0.727,5.07,28,182.98,0,6285,4,194,4,1,2,1,,433.87,1,,,,,,,,,,,,,,,,,,,,,,,,,1,,0,-1.016001016,-2.96774981482,0.90506075594,0.431099680772,-0.885808527916,0.179654813731
76,17,2012-11-05 19:52:18,18,129,,,31,90634,4,4.0,0,6.4,0.1864,5.54,1,185.54,1,6285,4,194,4,1,2,1,,434.46,1,,,,,,,,,,,,,0.0,0.0,,0.0,0.0,,0.0,0.0,,,,,0,,0,0.952500952501,0.0989249938275,-2.79235799119,-3.03195616727,-0.838286277077,2.37024584249
77,17,2012-11-05 19:52:18,18,129,,,31,91671,3,4.0,0,6.74,0.7005,5.14,8,225.21,0,6285,4,194,4,1,2,1,,433.54,1,,,,,,,,,,,,,0.0,0.0,,,,,,,,,,,0,,0,-1.016001016,0.0989249938275,-0.327412159772,0.261342041162,-0.101877022872,-1.04559101592
78,17,2012-11-05 19:52:18,18,129,,,31,101782,4,4.0,0,6.9,0.7543,5.7,32,231.61,1,6285,4,194,4,1,2,1,,433.87,1,,,,,,,,,,,,,0.0,0.0,,0.0,0.0,,0.0,0.0,,,,,0,,0,0.952500952501,0.0989249938275,0.832562349133,0.605982079314,0.0169286042239,0.179654813731
79,17,2012-11-05 19:52:18,18,129,,,31,104381,4,4.0,0,6.74,0.6728,5.3,24,262.32,0,6285,4,194,4,1,2,1,,433.67,1,,,,,,,,,,,,,0.0,0.0,,0.0,0.0,,,,,,,,0,,0,0.952500952501,0.0989249938275,-0.327412159772,0.0838972631548,0.587009980494,-0.562918416359
80,17,2012-11-05 19:52:18,18,129,,,31,114872,4,4.5,0,6.82,0.7505,5.73,18,225.21,0,6285,4,194,4,1,2,1,,433.61,1,,,,,,,,,,,,,,,,,,,,,,,,,0,,0,0.952500952501,1.12114993004,0.252575094681,0.581639474389,-0.101877022872,-0.785690385386
81,17,2012-11-05 19:52:18,18,129,,,31,116414,3,3.0,0,6.89,0.7614,5.22,13,165.07,0,6285,4,194,4,1,2,1,,433.92,1,,,,,,,,,,,,,0.0,0.0,,,,,,,,,,,0,,0,-1.016001016,-1.94552487861,0.760063942327,0.651464314832,-1.21827864999,0.365298121253
82,17,2012-11-05 19:52:18,18,129,,,31,119357,3,4.0,0,6.88,0.7592,5.04,27,190.66,0,6285,4,194,4,1,2,1,,433.98,1,,,,,,,,,,,,,0.0,0.0,,1.0,0.0,3.0,1.0,1.0,7.0,,,,0,,0,-1.016001016,0.0989249938275,0.68756553552,0.63737122777,-0.7432417754,0.58807009028
83,17,2012-11-05 19:52:18,18,129,,,31,122245,3,3.5,0,6.72,0.6225,5.12,16,221.37,0,6285,4,194,4,1,2,1,,433.69,1,,,,,,,,,,,,,-1.0,0.0,4.0,,,,,,,,,,0,,0,-1.016001016,-0.92329994239,-0.472408973385,-0.238321954671,-0.17316039913,-0.48866109335
84,17,2012-11-05 19:52:18,18,129,,,31,136312,4,4.0,0,6.91,0.7394,5.49,31,301.98,0,6285,4,194,4,1,2,1,,433.89,1,,,,,,,,,,,,,0.0,0.0,,0.0,0.0,,0.0,0.0,,,,,0,,0,0.952500952501,0.0989249938275,0.90506075594,0.510533444212,1.32323360091,0.25391213674
85,25,2012-12-11 13:03:42,5,219,,,219,2863,3,4.0,1,1.95,0.027,4.51,1,68.0,0,3735,1,0,2,0,1,0,,766.18,0,,,,0.0,0.0,,0.0,0.0,,,,,0.0,0.0,,,,,,,,0.0,0.0,,0,,0,0.118835182204,0.27043219176,-0.24010673783,-0.463749369924,0.123206245815,-0.172520601816
86,25,2012-12-11 13:03:42,5,219,,,219,12255,2,4.5,1,2.4,0.0078,4.75,13,78.0,0,3735,1,0,2,0,1,0,,766.53,0,,,,0.0,0.0,,0.0,0.0,,,,,,,,,,,,,,0.0,0.0,,0,,0,-1.18835182204,1.26201689488,0.360160106746,-0.625373746169,0.44334845935,0.0539126880673
87,25,2012-12-11 13:03:42,5,219,,,219,20707,4,4.0,0,2.2,0.089,4.87,2,48.0,1,3735,1,0,2,0,1,0,,767.4,0,,,,,,,,,,,,,,,,,,,,,,,,,0,,0,1.42602218645,0.27043219176,0.0933748424896,0.0581626783654,-0.517078181255,0.616761151491
88,25,2012-12-11 13:03:42,5,219,,,219,22710,3,3.5,0,2.2,0.1054,4.4,10,47.0,1,3735,1,0,2,0,1,0,,766.48,0,,,,0.0,0.0,,0.0,0.0,,,,,1.0,0.0,17.0,,,,,,,0.0,0.0,,0,,0,0.118835182204,-0.721152511361,0.0933748424896,0.196216833074,-0.549092402608,0.0215650752269
89,25,2012-12-11 13:03:42,5,219,,,219,23228,4,4.0,0,3.26,0.3676,4.44,22,42.0,1,3735,1,0,2,0,1,0,,767.86,0,,,,0.0,0.0,,0.0,0.0,,,,,0.0,0.0,,,,,,,,0.0,0.0,,1,47.1,1,1.42602218645,0.27043219176,1.50733674305,2.40339972116,-0.709163509376,0.914359189623
90,25,2012-12-11 13:03:42,5,219,,,219,30829,2,3.5,1,1.39,0.0034,4.22,29,55.0,0,3735,1,0,2,0,1,0,,767.03,0,,,,0.0,0.0,,0.0,0.0,,,,,,,,,,,,,,0.0,0.0,,0,,0,-1.18835182204,-0.721152511361,-0.987105477748,-0.662412665725,-0.29297863178,0.377388816472
91,25,2012-12-11 13:03:42,5,219,,,219,50684,3,3.5,1,1.61,0.0014,4.85,30,110.0,0,3735,1,0,2,0,1,0,,764.04,0,,,,0.0,0.0,,-1.0,0.0,7.0,,,,0.0,0.0,,,,,,,,0.0,0.0,,0,,0,0.118835182204,-0.721152511361,-0.693641687066,-0.679248538251,1.46780354266,-1.55699843139
92,25,2012-12-11 13:03:42,5,219,,,219,53298,2,3.5,0,3.14,0.0655,4.54,24,53.0,1,3735,1,0,2,0,1,0,,767.92,0,,,,0.0,0.0,,0.0,0.0,,,,,,,,,,,,,,0.0,0.0,,0,,0,-1.18835182204,-0.721152511361,1.34726558449,-0.139658823809,-0.357007074487,0.953176325032
93,25,2012-12-11 13:03:42,5,219,,,219,54036,3,4.5,1,1.79,0.005,4.87,35,109.0,0,3735,1,0,2,0,1,0,,765.87,0,,,,,,,0.0,0.0,,,,,0.0,0.0,,,,,,,,0.0,0.0,,0,,0,0.118835182204,1.26201689488,-0.453534949235,-0.648943967705,1.43578932131,-0.373075801427
94,25,2012-12-11 13:03:42,5,219,,,219,54226,4,4.0,0,1.79,0.0559,4.76,4,45.0,0,3735,1,0,2,0,1,0,,767.26,0,,,,0.0,0.0,,0.0,0.0,,,,,0.0,0.0,,,,,,,,0.0,0.0,,0,,0,1.42602218645,0.27043219176,-0.453534949235,-0.220471011931,-0.613120845315,0.526187835538
95,25,2012-12-11 13:03:42,5,219,,,219,56370,2,3.5,1,1.39,0.0034,4.32,28,65.0,0,3735,1,0,2,0,1,0,,767.02,0,,,,1.0,0.0,7.0,1.0,0.0,7.0,,,,,,,,,,,,,1.0,0.0,7.0,0,,0,-1.18835182204,-0.721152511361,-0.987105477748,-0.662412665725,0.0271635817545,0.370919293904
96,25,2012-12-11 13:03:42,5,219,,,219,61189,3,4.0,0,1.39,0.0148,4.21,27,40.0,0,3735,1,0,2,0,1,0,,763.54,0,,,,0.0,0.0,,0.0,0.0,,,,,0.0,0.0,,,,,,,,0.0,0.0,,0,,0,0.118835182204,0.27043219176,-0.987105477748,-0.56644819233,-0.773191952083,-1.88047455979
97,25,2012-12-11 13:03:42,5,219,,,219,61885,3,3.5,1,1.79,0.0061,5.72,36,139.0,0,3735,1,0,2,0,1,0,,766.02,0,,,,0.0,0.0,,0.0,0.0,,,,,0.0,0.0,,,,,,,,0.0,0.0,,0,,0,0.118835182204,-0.721152511361,-0.453534949235,-0.639684237816,2.39621596191,-0.276032962905
98,25,2012-12-11 13:03:42,5,219,,,219,63731,3,5.0,1,0.69,0.0005,5.27,33,119.0,0,3735,1,0,2,0,1,0,,761.97,0,,,,0.0,0.0,,0.0,0.0,,,,,-1.0,0.0,16.0,,,,,,,-1.0,0.0,16.0,0,,0,0.118835182204,2.253601598,-1.92085390264,-0.686824680887,1.75593153484,-2.89618960298
99,25,2012-12-11 13:03:42,5,219,,,219,65623,3,4.0,1,2.3,0.0153,4.92,9,110.0,0,3735,1,0,2,0,1,0,,766.33,0,,,,0.0,0.0,,-1.0,0.0,4.0,,,,0.0,0.0,,,,,,,,0.0,0.0,,0,,0,0.118835182204,0.27043219176,0.226767474618,-0.562239224198,1.46780354266,-0.0754777632945
100,25,2012-12-11 13:03:42,5,219,,,219,66171,3,4.0,1,2.08,0.0181,4.41,6,65.0,0,3735,1,0,2,0,1,0,,766.33,0,,,,0.0,0.0,,-1.0,0.0,4.0,,,,,,,,,,,,,0.0,0.0,,0,,0,0.118835182204,0.27043219176,-0.066696316064,-0.538669002663,0.0271635817545,-0.0754777632945
101,25,2012-12-11 13:03:42,5,219,,,219,66209,4,4.0,1,3.26,0.2481,4.17,19,32.0,1,3735,1,0,2,0,1,0,,767.78,0,,,,0.0,0.0,,0.0,0.0,,,,,0.0,0.0,,,,,,,,0.0,0.0,,0,,0,1.42602218645,0.27043219176,1.50733674305,1.39745633777,-1.02930572291,0.862603009079
102,25,2012-12-11 13:03:42,5,219,,,219,68528,4,4.0,0,2.08,0.205,4.29,7,49.0,1,3735,1,0,2,0,1,0,,766.29,0,,,,0.0,0.0,,0.0,0.0,,,,,0.0,0.0,,,,,,,,0.0,0.0,,0,,0,1.42602218645,0.27043219176,-0.066696316064,1.03464328484,-0.485063959901,-0.101355853567
103,25,2012-12-11 13:03:42,5,219,,,219,69645,2,3.5,1,1.39,0.0012,4.18,32,75.0,0,3735,1,0,2,0,1,0,,762.43,0,,,,0.0,0.0,,0.0,0.0,,,,,,,,,,,,,,0.0,0.0,,0,,0,-1.18835182204,-0.721152511361,-0.987105477748,-0.680932125503,0.347305795289,-2.59859156485
104,25,2012-12-11 13:03:42,5,219,,,219,79870,2,4.0,1,2.2,0.1053,4.06,8,37.0,1,3735,1,0,2,0,1,0,,766.48,0,,,,0.0,0.0,,0.0,0.0,,,,,,,,,,,,,,0.0,0.0,,0,,0,-1.18835182204,0.27043219176,0.0933748424896,0.195375039448,-0.869234616143,0.0215650752269
105,25,2012-12-11 13:03:42,5,219,,,219,81772,3,3.5,0,3.22,0.2775,4.16,18,29.0,0,3735,1,0,2,0,1,0,,768.08,0,,,,0.0,0.0,,0.0,0.0,,,,,0.0,0.0,,,,,,,,0.0,0.0,,0,,0,0.118835182204,-0.721152511361,1.4539796902,1.64494366389,-1.12534838697,1.05668868612
106,25,2012-12-11 13:03:42,5,219,,,219,83281,2,3.5,1,2.08,0.0555,4.37,12,45.0,0,3735,1,0,2,0,1,0,,767.35,0,,,,1.0,0.0,11.0,0.0,0.0,,,,,0.0,0.0,,,,,,,,0.0,0.0,,0,,0,-1.18835182204,-0.721152511361,-0.066696316064,-0.223838186436,-0.613120845315,0.584413538651
107,25,2012-12-11 13:03:42,5,219,,,219,88629,2,2.5,1,0.69,0.0017,4.23,31,35.0,0,3735,1,0,2,0,1,0,,768.04,0,,,,0.0,0.0,,,,,,,,,,,,,,,,,,,,0,,0,-1.18835182204,-2.7043219176,-1.92085390264,-0.676723157372,-0.93326305885,1.03081059585
108,25,2012-12-11 13:03:42,5,219,,,219,91587,3,4.5,1,1.61,0.0213,4.93,3,129.0,0,3735,1,0,2,0,1,0,,766.24,0,,,,0.0,0.0,,-1.0,0.0,10.0,,,,0.0,0.0,,,,,,,,0.0,0.0,,0,,0,0.118835182204,1.26201689488,-0.693641687066,-0.511731606622,2.07607374838,-0.133703466407
109,25,2012-12-11 13:03:42,5,219,,,219,112716,4,4.0,0,1.61,0.0512,4.42,14,48.0,0,3735,1,0,2,0,1,0,,764.98,0,,,,0.0,0.0,,0.0,0.0,,,,,0.0,0.0,,,,,,,,0.0,0.0,,0,,0,1.42602218645,0.27043219176,-0.693641687066,-0.260035312366,-0.517078181255,-0.948863309987
110,25,2012-12-11 13:03:42,5,219,,,219,118859,3,4.0,1,3.26,0.3584,4.45,21,27.0,1,3735,1,0,2,0,1,0,,767.93,0,,,,1.0,0.0,19.0,0.0,0.0,,,,,0.0,0.0,,,,,,,,0.0,0.0,,0,,0,0.118835182204,0.27043219176,1.50733674305,2.32595470755,-1.18937682968,0.9596458476
111,25,2012-12-11 13:03:42,5,219,,,219,120046,4,4.0,0,3.26,0.0955,4.68,16,50.0,0,3735,1,0,2,0,1,0,,767.68,0,,,,0.0,0.0,,0.0,0.0,,,,,0.0,0.0,,,,,,,,0.0,0.0,,0,,0,1.42602218645,0.27043219176,1.50733674305,0.112879264073,-0.453049738548,0.797907783398
112,25,2012-12-11 13:03:42,5,219,,,219,120328,2,3.5,1,1.79,0.0061,4.52,34,62.0,0,3735,1,0,2,0,1,0,,766.02,0,,,,0.0,0.0,,0.0,0.0,,,,,,,,,,,,,,0.0,0.0,,0,,0,-1.18835182204,-0.721152511361,-0.453534949235,-0.639684237816,-0.068879082306,-0.276032962905
113,25,2012-12-11 13:03:42,5,219,,,219,122279,2,3.0,1,3.04,0.008,4.2,26,38.0,0,3735,1,0,2,0,1,0,,767.34,0,,,,0.0,0.0,,0.0,0.0,,,,,0.0,0.0,,,,,,,,0.0,0.0,,0,,0,-1.18835182204,-1.71273721448,1.21387295237,-0.623690158916,-0.83722039479,0.577944016083
114,25,2012-12-11 13:03:42,5,219,,,219,125384,3,3.5,1,2.77,0.0071,4.49,25,60.0,0,3735,1,0,2,0,1,0,,767.08,0,,,,0.0,0.0,,0.0,0.0,,,,,1.0,0.0,16.0,,,,,,,0.0,0.0,,0,,0,0.118835182204,-0.721152511361,0.85371284562,-0.631266301553,-0.132907525013,0.409736429312
115,25,2012-12-11 13:03:42,5,219,,,219,126136,4,4.0,0,3.26,0.3928,4.65,20,39.0,0,3735,1,0,2,0,1,0,,767.93,0,,,,0.0,0.0,,1.0,0.0,2.0,,,,0.0,0.0,,,,,,,,0.0,0.0,,0,,0,1.42602218645,0.27043219176,1.50733674305,2.61553171499,-0.805206173436,0.9596458476
116,25,2012-12-11 13:03:42,5,219,,,219,126803,2,4.0,1,1.61,,4.18,15,60.0,0,3735,1,0,2,0,1,0,,767.55,0,,,,0.0,0.0,,0.0,0.0,,,,,,,,,,,,,,0.0,0.0,,0,,0,-1.18835182204,0.27043219176,-0.693641687066,,-0.132907525013,0.713803990013
117,25,2012-12-11 13:03:42,5,219,,,219,133065,3,5.0,1,1.79,0.006,4.75,37,109.0,0,3735,1,0,2,0,1,0,,765.76,0,,,,,,,0.0,0.0,,,,,0.0,0.0,,,,,,,,0.0,0.0,,0,,0,0.118835182204,2.253601598,-0.453534949235,-0.640526031442,1.43578932131,-0.444240549676
118,28,2012-11-26 10:13:17,5,219,,,219,5739,4,4.5,1,2.64,0.0468,5.38,3,110.0,1,24232,3,27,1,0,1,0,,116.36,0,,,,,,,,,,,,,1.0,0.0,31.0,,,,,,,0.0,0.0,,0,,0,0.846479963805,0.930247499056,0.55279301435,0.26523505311,0.773499790151,0.112165651637
119,28,2012-11-26 10:13:17,5,219,,,219,11244,2,3.0,1,2.2,0.0105,4.65,38,54.0,1,24232,3,27,1,0,1,0,,115.24,0,,,,0.0,0.0,,,,,,,,,,,,,,,,,0.0,0.0,,0,,0,-2.18302727508,-2.86516229709,-0.16507013623,-0.941819159826,-1.55310937327,-0.291927821809
120,28,2012-11-26 10:13:17,5,219,,,219,11726,3,4.0,1,2.64,0.0178,5.24,12,89.0,0,24232,3,27,1,0,1,0,,115.75,0,,,,0.0,0.0,,,,,,,,0.0,0.0,,,,,,,,0.0,0.0,,0,,0,-0.668273655635,-0.33488909966,0.55279301435,-0.699078229952,-0.0989786461331,-0.107920972294
121,28,2012-11-26 10:13:17,5,219,,,219,13996,4,4.0,1,2.89,0.0491,5.07,26,85.0,0,24232,3,27,1,0,1,0,,116.14,0,,,,,,,,,,,,,-1.0,0.0,9.0,,,,,,,-1.0,0.0,9.0,1,286.32,1,0.846479963805,-0.33488909966,0.960669804453,0.341715072112,-0.265165014949,0.0327901479241
122,28,2012-11-26 10:13:17,5,219,,,219,16096,3,4.5,1,1.61,0.0143,4.44,32,60.0,0,24232,3,27,1,0,1,0,,114.45,0,,,,0.0,0.0,,,,,,,,,,,,,,,,,0.0,0.0,,0,,0,-0.668273655635,0.930247499056,-1.12765936087,-0.815460867563,-1.30382982005,-0.576958039686
123,28,2012-11-26 10:13:17,5,219,,,219,17853,4,4.0,1,2.48,0.0369,5.46,13,119.0,0,24232,3,27,1,0,1,0,,116.58,0,,,,0.0,0.0,,,,,,,,,1.0,,,,,,,,0.0,0.0,,0,,0,0.846479963805,-0.33488909966,0.291751868685,-0.0639615504181,1.14741911999,0.191541155349
124,28,2012-11-26 10:13:17,5,219,,,219,18016,3,3.0,1,3.04,0.0894,4.43,1,44.0,1,24232,3,27,1,0,1,0,,115.77,0,,,,1.0,0.0,12.0,,,,,,,0.0,0.0,19.0,,,,,,,1.0,0.0,5.0,0,,0,-0.668273655635,-2.86516229709,1.20539587851,1.68177801375,-1.96857529531,-0.100705017411
125,28,2012-11-26 10:13:17,5,219,,,219,19598,4,4.0,1,2.64,0.042,5.35,4,98.0,0,24232,3,27,1,0,1,0,,116.07,0,,,,0.0,0.0,,,,,,,,,,,,,,,,,0.0,0.0,,0,,0,0.846479963805,-0.33488909966,0.55279301435,0.105624578672,0.274940683703,0.00753430583368
126,28,2012-11-26 10:13:17,5,219,,,219,22984,4,4.5,0,1.1,0.0249,4.95,2,159.0,1,24232,3,27,1,0,1,0,,131.1,0,,,,,,,,,,,,,,,,,,,,,,,,,0,,0,0.846479963805,0.930247499056,-1.95972801268,-0.462987736513,2.80928280815,5.43032440038
127,28,2012-11-26 10:13:17,5,219,,,219,23150,4,3.5,1,2.64,0.041,5.24,6,101.0,0,24232,3,27,1,0,1,0,,116.07,0,,,,1.0,0.0,5.0,,,,,,,0.0,0.0,,,,,,,,0.0,0.0,,0,,0,0.846479963805,-1.60002569838,0.55279301435,0.0723723964976,0.399580460315,0.00753430583368
128,28,2012-11-26 10:13:17,5,219,,,219,24003,2,4.0,1,1.1,0.0182,4.45,7,56.0,1,24232,3,27,1,0,1,0,,116.93,0,,,,0.0,0.0,,,,,,,,1.0,0.0,13.0,,,,,,,0.0,0.0,,0,,0,-2.18302727508,-0.33488909966,-1.95972801268,-0.685777357082,-1.47001618887,0.317820365801
129,28,2012-11-26 10:13:17,5,219,,,219,26804,4,4.0,1,3.0,0.0363,4.9,28,79.0,0,24232,3,27,1,0,1,0,,115.87,0,,,,0.0,0.0,,,,,,,,0.0,0.0,,,,,,,,1.0,0.0,12.0,0,,0,0.846479963805,-0.33488909966,1.1401355921,-0.0839128597229,-0.514444568173,-0.064625242996
130,28,2012-11-26 10:13:17,5,219,,,219,33528,4,4.5,1,2.48,0.0372,5.23,29,97.0,0,24232,3,27,1,0,1,0,,116.41,0,,,,0.0,0.0,,,,,,,,0.0,0.0,,,,,,,,0.0,0.0,,0,,0,0.846479963805,0.930247499056,0.291751868685,-0.0539858957658,0.233394091499,0.130205538844
131,28,2012-11-26 10:13:17,5,219,,,219,34187,3,4.0,1,2.08,0.0672,4.77,14,79.0,1,24232,3,27,1,0,1,0,,114.8,0,,,,1.0,0.0,11.0,,,,,,,,,,,,,,,,1.0,0.0,11.0,0,,0,-0.668273655635,-0.33488909966,-0.360850995479,0.943579569471,-0.514444568173,-0.450678829235
132,28,2012-11-26 10:13:17,5,219,,,219,35767,4,4.5,1,1.61,0.0229,5.35,9,95.0,1,24232,3,27,1,0,1,0,,115.0,0,,,,0.0,0.0,,,,,,,,,,,,,,,,,0.0,0.0,,0,,0,0.846479963805,0.930247499056,-1.12765936087,-0.529492100862,0.150300907091,-0.378519280405
133,28,2012-11-26 10:13:17,5,219,,,219,50188,3,4.5,1,2.77,0.0136,5.12,31,84.0,0,24232,3,27,1,0,1,0,,115.52,0,,,,,,,,,,,,,0.0,0.0,,,,,,,,0.0,0.0,,0,,0,-0.668273655635,0.930247499056,0.764888945204,-0.838737395085,-0.306711607153,-0.190904453448
134,28,2012-11-26 10:13:17,5,219,,,219,65557,4,4.0,0,1.79,0.0233,4.9,16,82.0,1,24232,3,27,1,0,1,0,,113.24,0,,,,-1.0,0.0,5.0,,,,,,,1.0,0.0,11.0,,,,,,,1.0,0.0,11.0,0,,0,0.846479963805,-0.33488909966,-0.833988071997,-0.516191227992,-0.389804791561,-1.01352331011
135,28,2012-11-26 10:13:17,5,219,,,219,66769,4,4.5,1,2.71,0.0108,5.42,25,129.0,0,24232,3,27,1,0,1,0,,114.89,0,,,,0.0,0.0,,,,,,,,0.0,0.0,,,,,,,,0.0,0.0,,0,,0,0.846479963805,0.930247499056,0.666998515579,-0.931843505174,1.56288504203,-0.418207032261
136,28,2012-11-26 10:13:17,5,219,,,219,67406,2,4.0,1,1.1,0.0106,4.61,30,69.0,0,24232,3,27,1,0,1,0,,117.12,0,,,,0.0,0.0,,,,,,,,,,,,,,,,,0.0,0.0,,0,,0,-2.18302727508,-0.33488909966,-1.95972801268,-0.938493941609,-0.929910490214,0.386371937189
137,28,2012-11-26 10:13:17,5,219,,,219,69294,4,4.0,1,3.09,0.0579,4.76,22,76.0,0,24232,3,27,1,0,1,0,,115.88,0,,,,,,,,,,,,,0.0,0.0,,,,,,,,0.0,0.0,,0,,0,0.846479963805,-0.33488909966,1.28697123653,0.634334275248,-0.639084344785,-0.0610172655545
138,28,2012-11-26 10:13:17,5,219,,,219,72185,3,4.0,0,1.95,0.078,4.93,37,91.0,1,24232,3,27,1,0,1,0,,115.33,0,,,,0.0,0.0,,,,,,,,0.0,0.0,,,,,,,,0.0,0.0,,0,,0,-0.668273655635,-0.33488909966,-0.572946926332,1.30270313696,-0.0158854617251,-0.259456024836
139,28,2012-11-26 10:13:17,5,219,,,219,72909,4,4.5,1,1.95,0.0939,5.0,19,75.0,1,24232,3,27,1,0,1,0,,114.89,0,,,,,,,,,,,,,0.0,0.0,,,,,,,,0.0,0.0,,0,,0,0.846479963805,0.930247499056,-0.572946926332,1.83141283353,-0.680630936989,-0.418207032261
140,28,2012-11-26 10:13:17,5,219,,,219,75069,3,4.5,1,2.83,0.0125,5.11,36,99.0,0,24232,3,27,1,0,1,0,,115.12,0,,,,0.0,0.0,,,,,,,,0.0,0.0,,,,,,,,0.0,0.0,,0,,0,-0.668273655635,0.930247499056,0.862779374828,-0.875314795477,0.316487275907,-0.335223551107
141,28,2012-11-26 10:13:17,5,219,,,219,75704,4,4.0,1,1.95,0.113,5.07,10,76.0,1,24232,3,27,1,0,1,0,,115.07,0,,,,0.0,0.0,,,,,,,,0.0,0.0,,,,,,,,0.0,0.0,,0,,0,0.846479963805,-0.33488909966,-0.572946926332,2.46652951307,-0.639084344785,-0.353263438315
142,28,2012-11-26 10:13:17,5,219,,,219,77605,3,4.0,1,1.95,0.0047,5.01,21,84.0,0,24232,3,27,1,0,1,0,,115.08,0,,,,,,,,,,,,,0.0,0.0,,,,,,,,0.0,0.0,,0,,0,-0.668273655635,-0.33488909966,-0.572946926332,-1.13468181644,-0.306711607153,-0.349655460873
143,28,2012-11-26 10:13:17,5,219,,,219,79225,4,4.0,1,2.94,0.0721,5.24,18,90.0,1,24232,3,27,1,0,1,0,,115.96,0,,,,0.0,0.0,,,,,,,,0.0,0.0,,,,,,,,-1.0,0.0,5.0,0,,0,0.846479963805,-0.33488909966,1.04224516247,1.10651526213,-0.0574320539291,-0.0321534460226
144,28,2012-11-26 10:13:17,5,219,,,219,86217,3,4.5,1,2.64,0.0153,5.15,15,89.0,0,24232,3,27,1,0,1,0,,115.7,0,,,,1.0,0.0,11.0,,,,,,,1.0,0.0,44.0,,,,,,,1.0,0.0,11.0,0,,0,-0.668273655635,0.930247499056,0.55279301435,-0.782208685389,-0.0989786461331,-0.125960859501
145,28,2012-11-26 10:13:17,5,219,,,219,93383,4,4.5,1,2.64,0.0462,5.55,8,139.0,0,24232,3,27,1,0,1,0,,116.41,0,,,,0.0,0.0,,,,,,,,0.0,0.0,,,,,,,,0.0,0.0,,0,,0,0.846479963805,0.930247499056,0.55279301435,0.245283743805,1.97835096407,0.130205538844
146,28,2012-11-26 10:13:17,5,219,,,219,100913,4,4.0,1,2.89,0.0122,5.17,24,91.0,0,24232,3,27,1,0,1,0,,115.17,0,,,,,,,,,,,,,0.0,0.0,,,,,,,,0.0,0.0,,0,,0,0.846479963805,-0.33488909966,0.960669804453,-0.88529045013,-0.0158854617251,-0.3171836639
147,28,2012-11-26 10:13:17,5,219,,,219,109409,3,4.5,1,2.77,0.0139,4.85,33,84.0,0,24232,3,27,1,0,1,0,,115.53,0,,,,,,,,,,,,,0.0,0.0,,,,,,,,0.0,0.0,,0,,0,-0.668273655635,0.930247499056,0.764888945204,-0.828761740433,-0.306711607153,-0.187296476006
148,28,2012-11-26 10:13:17,5,219,,,219,116043,4,4.5,1,2.08,0.0946,5.64,34,129.0,0,24232,3,27,1,0,1,0,,114.98,0,,,,0.0,0.0,,,,,,,,0.0,0.0,,,,,,,,0.0,0.0,,0,,0,0.846479963805,0.930247499056,-0.360850995479,1.85468936105,1.56288504203,-0.385735235288
149,28,2012-11-26 10:13:17,5,219,,,219,120960,3,4.5,1,3.04,0.071,4.9,35,88.0,0,24232,3,27,1,0,1,0,,115.57,0,,,,-1.0,0.0,5.0,,,,,,,1.0,0.0,12.0,,,,,,,-1.0,0.0,5.0,0,,0,-0.668273655635,0.930247499056,1.20539587851,1.06993786173,-0.140525238337,-0.17286456624
150,28,2012-11-26 10:13:17,5,219,,,219,122795,3,4.0,1,1.61,0.005,5.08,20,98.0,0,24232,3,27,1,0,1,0,,114.96,0,,,,,,,,,,,,,0.0,0.0,,,,,,,,0.0,0.0,,0,,0,-0.668273655635,-0.33488909966,-1.12765936087,-1.12470616179,0.274940683703,-0.392951190171
151,28,2012-11-26 10:13:17,5,219,,,219,137773,3,4.0,0,1.39,0.0169,4.83,27,109.0,0,24232,3,27,1,0,1,0,,116.71,0,,,,0.0,0.0,,,,,,,,0.0,0.0,,,,,,,,0.0,0.0,,0,,0,-0.668273655635,-0.33488909966,-1.48659093616,-0.729005193909,0.731953197947,0.238444862089
152,30,2013-02-11 01:28:38,24,216,,,219,13155,3,3.5,1,4.76,0.3273,5.14,3,132.21,1,20319,9,13,2,0,1,0,,,0,,,,0.0,0.0,,0.0,0.0,,,,,0.0,0.0,,,,,,,,0.0,0.0,,0,,0,-0.356873213573,-0.261727283561,0.415795269135,0.111248224354,-1.24519761017,
153,30,2013-02-11 01:28:38,24,216,,,219,13878,3,4.0,1,4.63,0.3878,5.25,17,186.8,1,20319,9,13,2,0,1,0,,,0,,,,0.0,0.0,,0.0,0.0,,,,,0.0,0.0,,,,,,,,0.0,0.0,,0,,0,-0.356873213573,0.301993019493,0.255297413393,0.529870602796,-0.29693765526,
154,30,2013-02-11 01:28:38,24,216,,,219,14504,2,3.0,0,4.74,0.4578,5.05,1,120.61,0,20319,9,13,2,0,1,0,,,0,,,,,1.0,,,1.0,,,,,-1.0,0.0,6.0,,,,,,,-1.0,0.0,6.0,0,,0,-1.78436606787,-0.825447586615,0.391103291328,1.01422707372,-1.44669633662,
155,30,2013-02-11 01:28:38,24,216,,,219,15884,2,3.0,1,0.69,0.0028,5.07,4,137.82,1,20319,9,13,2,0,1,0,,,0,,,,0.0,0.0,,0.0,0.0,,,,,0.0,0.0,,,,,,,,0.0,0.0,,0,,0,-1.78436606787,-0.825447586615,-4.60902221449,-2.13408998729,-1.14774865712,
156,30,2013-02-11 01:28:38,24,216,,,219,18569,4,4.5,1,4.74,0.4738,6.02,29,289.4,1,20319,9,13,2,0,1,0,,,0,,,,0.0,0.0,,0.0,0.0,,,,,,,,,,,,,,0.0,0.0,,0,,0,1.07061964072,0.865713322548,0.391103291328,1.12493712422,1.48528383904,
157,30,2013-02-11 01:28:38,24,216,,,219,18859,4,4.0,0,4.49,0.2006,5.68,25,243.59,1,20319,9,13,2,0,1,0,,,0,,,,0.0,0.0,,0.0,0.0,,,,,0.0,0.0,,,,,,,,0.0,0.0,,0,,0,1.07061964072,0.301993019493,0.0824535687468,-0.765436988021,0.689537575356,
158,30,2013-02-11 01:28:38,24,216,,,219,19567,4,4.5,1,3.5,0.0183,5.91,27,274.14,1,20319,9,13,2,0,1,0,,,0,,,,0.0,0.0,,0.0,0.0,,,,,0.0,0.0,,,,,,,,0.0,0.0,,0,,0,1.07061964072,0.865713322548,-1.13979933268,-2.02683962587,1.22020879028,
159,30,2013-02-11 01:28:38,24,216,,,219,31945,4,4.5,1,4.61,0.3821,5.88,28,283.98,0,20319,9,13,2,0,1,0,,,0,,,,0.0,0.0,,0.0,0.0,,,,,0.0,0.0,,,,,,,,0.0,0.0,,0,,0,1.07061964072,0.865713322548,0.230605435586,0.490430147307,1.39113529616,
160,30,2013-02-11 01:28:38,24,216,,,219,35043,4,4.5,1,4.81,0.364,6.03,30,289.55,0,20319,9,13,2,0,1,0,,,0,,,,1.0,0.0,13.0,-1.0,0.0,9.0,,,,,,,,,,,,,0.0,0.0,,0,,0,1.07061964072,0.865713322548,0.477525213651,0.365189402682,1.48788942602,
161,30,2013-02-11 01:28:38,24,216,,,219,36710,3,3.5,0,4.39,0.1686,5.11,14,185.71,1,20319,9,13,2,0,1,0,,,0,,,,0.0,0.0,,0.0,0.0,,,,,0.0,0.0,,,,,,,,0.0,0.0,,0,,0,-0.356873213573,-0.261727283561,-0.0410063202858,-0.986857089015,-0.315871587314,
162,30,2013-02-11 01:28:38,24,216,,,219,40463,4,4.5,1,4.6,0.3294,6.05,32,303.63,0,20319,9,13,2,0,1,0,,,0,,,,0.0,0.0,,0.0,0.0,,,,,0.0,0.0,,,,,,,,0.0,0.0,,0,,0,1.07061964072,0.865713322548,0.218259446683,0.125778918481,1.73246719054,
163,30,2013-02-11 01:28:38,24,216,,,219,41585,4,4.0,1,4.6,0.3128,5.84,24,227.67,1,20319,9,13,2,0,1,0,,,0,,,,0.0,0.0,,,,,,,,1.0,0.0,22.0,,,,,,,0.0,0.0,,0,,0,1.07061964072,0.301993019493,0.218259446683,0.0109172410907,0.412997943882,
164,30,2013-02-11 01:28:38,24,216,,,219,44197,4,4.0,1,4.81,0.4185,5.66,26,268.49,1,20319,9,13,2,0,1,0,,,0,,,,0.0,0.0,,0.0,0.0,,,,,0.0,0.0,,,,,,,,0.0,0.0,,0,,0,1.07061964072,0.301993019493,0.477525213651,0.742295512188,1.12206501403,
165,30,2013-02-11 01:28:38,24,216,,,219,65983,2,3.0,1,3.4,0.0281,5.22,2,127.84,1,20319,9,13,2,0,1,0,,,0,,,,0.0,0.0,,0.0,0.0,,,,,0.0,0.0,,,,,,,,0.0,0.0,,0,,0,-1.78436606787,-0.825447586615,-1.26325922171,-1.95902971994,-1.32110704419,
166,30,2013-02-11 01:28:38,24,216,,,219,68689,3,3.5,1,4.72,0.445,5.36,8,157.52,1,20319,9,13,2,0,1,0,,,0,,,,0.0,0.0,,0.0,0.0,20.0,,,,0.0,0.0,9.0,,,,,,,0.0,0.0,9.0,0,,0,-0.356873213573,-0.261727283561,0.366411313522,0.925659033323,-0.80554823375,
167,30,2013-02-11 01:28:38,24,216,,,219,77109,3,4.0,1,4.74,0.4562,5.37,9,159.48,1,20319,9,13,2,0,1,0,,,0,,,,0.0,0.0,,0.0,0.0,10.0,,,,0.0,0.0,10.0,,,,,,,0.0,0.0,10.0,0,,0,-0.356873213573,0.301993019493,0.391103291328,1.00315606867,-0.771501897212,
168,30,2013-02-11 01:28:38,24,216,,,219,87796,3,3.5,0,4.65,0.4555,5.35,15,185.72,1,20319,9,13,2,0,1,0,,,0,,,,0.0,0.0,7.0,0.0,0.0,15.0,,,,0.0,0.0,,,,,,,,0.0,0.0,14.0,0,,0,-0.356873213573,-0.261727283561,0.279989391199,0.998312503962,-0.315697881516,
169,30,2013-02-11 01:28:38,24,216,,,219,92698,4,4.0,0,4.63,0.4083,5.63,19,209.73,1,20319,9,13,2,0,1,0,,,0,,,,0.0,0.0,,0.0,0.0,,,1.0,,0.0,0.0,,,,,,,,-1.0,0.0,10.0,0,,0,1.07061964072,0.301993019493,0.255297413393,0.671717854996,0.101369741078,
170,30,2013-02-11 01:28:38,24,216,,,219,97615,3,4.0,1,4.65,0.4413,5.5,21,215.19,1,20319,9,13,2,0,1,0,,,0,,,,0.0,0.0,,0.0,0.0,,,,,0.0,0.0,,,,,,,,0.0,0.0,,0,,0,-0.356873213573,0.301993019493,0.279989391199,0.900057334146,0.196213107149,
171,30,2013-02-11 01:28:38,24,216,,,219,108513,2,3.0,0,4.42,0.1746,5.4,10,161.69,0,20319,9,13,2,0,1,0,,,0,,,,0.0,0.0,,0.0,0.0,,,,,0.0,0.0,,,,,,,,0.0,0.0,,0,,0,-1.78436606787,-0.825447586615,-0.00396835357605,-0.945340820079,-0.733112915707,
172,30,2013-02-11 01:28:38,24,216,,,219,117347,4,4.5,1,4.81,0.3676,6.21,31,293.8,0,20319,9,13,2,0,1,0,,,0,,,,,1.0,,0.0,0.0,,0.0,0.0,,0.0,0.0,6.0,,,,,,,0.0,0.0,,0,,0,1.07061964072,0.865713322548,0.477525213651,0.390099164043,1.56171439045,
173,30,2013-02-11 01:28:38,24,216,,,219,121665,3,4.0,1,4.17,0.1121,5.4,12,162.46,0,20319,9,13,2,0,1,0,,,0,,,,0.0,0.0,,0.0,0.0,,,,,,1.0,,,,,,,,0.0,0.0,,0,,0,-0.356873213573,0.301993019493,-0.312618076158,-1.37780195483,-0.71973756921,
174,30,2013-02-11 01:28:38,24,216,,,219,125611,3,3.5,1,4.55,0.2653,5.63,13,176.98,1,20319,9,13,2,0,1,0,,,0,,,,0.0,0.0,,0.0,0.0,,,,,0.0,0.0,,,,,,,,0.0,0.0,,1,1831.3,1,-0.356873213573,-0.261727283561,0.156529502166,-0.317753221323,-0.467516749549,
175,30,2013-02-11 01:28:38,24,216,,,219,128313,3,4.0,1,4.74,0.421,5.21,6,144.22,1,20319,9,13,2,0,1,0,,,0,,,,0.0,0.0,,0.0,0.0,,,,,0.0,0.0,,,,,,,,0.0,0.0,,0,,0,-0.356873213573,0.301993019493,0.391103291328,0.759593957578,-1.03657694597,
176,30,2013-02-11 01:28:38,24,216,,,219,130968,4,4.5,1,4.81,0.3536,5.59,23,221.33,0,20319,9,13,2,0,1,0,,,0,,,,-1.0,0.0,8.0,0.0,0.0,,,,,0.0,0.0,,,,,,,,0.0,0.0,,0,,0,1.07061964072,0.865713322548,0.477525213651,0.293227869858,0.302868467529,
177,30,2013-02-11 01:28:38,24,216,,,219,133729,3,3.5,1,4.77,0.3932,5.25,20,210.82,1,20319,9,13,2,0,1,0,,,0,,,,0.0,0.0,,0.0,0.0,,,,,0.0,0.0,,,,,,,,0.0,0.0,,0,,0,-0.356873213573,-0.261727283561,0.428141258038,0.567235244839,0.120303673132,
178,30,2013-02-11 01:28:38,24,216,,,219,136754,3,0.0,0,4.81,,5.51,7,145.31,0,20319,9,13,2,0,1,0,,,0,,,,0.0,0.0,,0.0,0.0,,,,,0.0,0.0,,,,,,,,,,,0,,0,-0.356873213573,-4.20776940494,0.477525213651,,-1.01764301392,
179,30,2013-02-11 01:28:38,24,216,,,219,137592,3,4.0,1,4.61,0.2374,5.55,18,193.35,1,20319,9,13,2,0,1,0,,,0,,,,0.0,0.0,,0.0,0.0,,,,,0.0,0.0,,,,,,,,0.0,0.0,,0,,0,-0.356873213573,0.301993019493,0.230605435586,-0.510803871877,-0.183160357135,
180,36,2013-04-03 08:54:17,22,92,,,219,6214,3,3.0,1,1.39,0.1142,4.43,6,48.77,1,2715,2,11,1,0,1,0,,,0,,,,1.0,0.0,33.0,,,,,,,,,,,,,,,,,,,0,,0,0.156137148651,-2.86639992091,0.0877961457148,1.17634496758,-1.44508516505,
181,36,2013-04-03 08:54:17,22,92,,,219,9401,3,4.0,1,1.39,0.0285,5.2,15,189.06,0,2715,2,11,1,0,1,0,,,0,,,,0.0,0.0,,,,,,,,,,,,,,,,,,,,0,,0,0.156137148651,-0.623130417588,0.0877961457148,-0.467837829451,1.35011922085,
182,36,2013-04-03 08:54:17,22,92,,,219,15181,3,4.0,1,1.61,0.1784,4.88,4,101.51,0,2715,2,11,1,0,1,0,,,0,,,,0.0,0.0,,0.0,0.0,,,,,0.0,0.0,,,,,,,,0.0,0.0,,1,226.76,1,0.156137148651,-0.623130417588,0.365194606112,2.4080431656,-0.394268433192,
183,36,2013-04-03 08:54:17,22,92,,,219,18970,4,4.5,1,1.39,0.043,5.12,7,199.07,0,2715,2,11,1,0,1,0,,,0,,,,0.0,0.0,,,,,,,,,,,,,,,,,,,,0,,0,2.26398865544,0.498504334071,0.0877961457148,-0.189650541738,1.54956320048,
184,36,2013-04-03 08:54:17,22,92,,,219,27312,3,4.5,1,1.95,0.0769,4.84,25,125.14,0,2715,2,11,1,0,1,0,,,0,,,,,,,,,,,,,,,,,,,,,,,,,0,,0,0.156137148651,0.498504334071,0.793901317634,0.460732151604,0.0765468753744,
185,36,2013-04-03 08:54:17,22,92,,,219,33035,3,4.0,1,1.95,0.0723,4.49,12,59.22,1,2715,2,11,1,0,1,0,,,0,,,,,,,,,,,,,,,,,,,,,,,,,0,,0,0.156137148651,-0.623130417588,0.793901317634,0.372479632744,-1.23687441708,
186,36,2013-04-03 08:54:17,22,92,,,219,35338,3,4.5,0,1.79,0.0822,5.47,1,190.47,1,2715,2,11,1,0,1,0,,,0,,,,,,,,,,,,,,,,,,,,,,,,,0,,0,0.156137148651,0.498504334071,0.5921569828,0.562414401596,1.37821272847,
187,36,2013-04-03 08:54:17,22,92,,,219,39440,2,4.0,1,0.0,0.0031,4.39,30,63.67,0,2715,2,11,1,0,1,0,,,0,,,,0.0,0.0,,0.0,0.0,,,,,,,,,,,,,,0.0,0.0,,0,,0,-1.95171435814,-0.623130417588,-1.66485776316,-0.955145216204,-1.14821051005,
188,36,2013-04-03 08:54:17,22,92,,,219,47087,3,4.5,1,0.69,0.0122,4.79,29,119.24,0,2715,2,11,1,0,1,0,,,0,,,,0.0,0.0,15.0,1.0,0.0,27.0,,,,,,,,,,,,,0.0,0.0,14.0,0,,0,0.156137148651,0.498504334071,-0.794835319184,-0.780558711501,-0.0410075182161,
189,36,2013-04-03 08:54:17,22,92,,,219,53867,2,4.5,1,1.95,0.0215,4.55,16,56.27,1,2715,2,11,1,0,1,0,,,0,,,,,,,,,,,,,,,,,,,,,,,,,0,,0,-1.95171435814,0.498504334071,0.793901317634,-0.602135140761,-1.29565161388,
190,36,2013-04-03 08:54:17,22,92,,,219,60758,3,4.5,1,1.79,0.0228,4.89,9,100.02,0,2715,2,11,1,0,1,0,,,0,,,,0.0,0.0,,,,,,,,,,,,,,,,,,,,0,,0,0.156137148651,0.498504334071,0.5921569828,-0.577194211518,-0.423955898692,
191,36,2013-04-03 08:54:17,22,92,,,219,69434,3,4.5,1,1.95,0.0696,4.7,19,67.02,0,2715,2,11,1,0,1,0,,,0,,,,,,,,,,,,,,,,,,,,,,,,,0,,0,0.156137148651,0.498504334071,0.793901317634,0.320679241239,-1.08146352386,
192,36,2013-04-03 08:54:17,22,92,,,219,72813,3,4.0,1,0.0,0.0244,5.15,21,129.04,0,2715,2,11,1,0,1,0,,,0,,,,0.0,0.0,,,,,,,,,,,,,,,,,,,,0,,0,0.156137148651,-0.623130417588,-1.66485776316,-0.546497683219,0.154252321985,
193,36,2013-04-03 08:54:17,22,92,,,219,72857,3,4.5,1,0.69,0.007,5.37,20,164.06,0,2715,2,11,1,0,1,0,,,0,,,,0.0,0.0,,,,,,,,,,,,,,,,,,,,0,,0,0.156137148651,0.498504334071,-0.794835319184,-0.880322428474,0.852007383602,
194,36,2013-04-03 08:54:17,22,92,,,219,76617,3,4.0,0,1.79,0.1788,4.69,2,76.27,1,2715,2,11,1,0,1,0,,,0,,,,-1.0,0.0,22.0,,,,,,,,,,,,,,,,-1.0,0.0,22.0,0,,0,0.156137148651,-0.623130417588,0.5921569828,2.41571729767,-0.897162144077,
195,36,2013-04-03 08:54:17,22,92,,,219,77482,3,3.5,1,2.2,0.1489,4.79,3,104.29,1,2715,2,11,1,0,1,0,,,0,,,,0.0,0.0,,0.0,0.0,,,,,0.0,0.0,,,,,,,,0.0,0.0,,0,,0,0.156137148651,-1.74476516925,1.10912684081,1.84207592508,-0.33887839689,
196,36,2013-04-03 08:54:17,22,92,,,219,79231,3,5.0,1,1.95,0.0083,5.12,31,122.04,0,2715,2,11,1,0,1,0,,,0,,,,0.0,0.0,,,,,,,,,,,,,,,,,,,,0,,0,0.156137148651,1.62013908573,0.793901317634,-0.855381499231,0.0147810075557,
197,36,2013-04-03 08:54:17,22,92,,,219,83407,3,4.5,1,2.3,0.0181,5.02,8,120.04,0,2715,2,11,1,0,1,0,,,0,,,,0.0,0.0,,0.0,0.0,,,,,,,,,,,,,,0.0,0.0,,0,,0,0.156137148651,0.498504334071,1.23521705008,-0.667365263397,-0.0250679394242,
198,36,2013-04-03 08:54:17,22,92,,,219,94354,3,4.5,1,0.0,0.0197,5.11,13,152.15,0,2715,2,11,1,0,1,0,,,0,,,,,,,,,,,,,,,,,,,,,,,,,0,,0,0.156137148651,0.498504334071,-1.66485776316,-0.636668735098,0.614706904337,
199,36,2013-04-03 08:54:17,22,92,,,219,114366,3,4.5,1,0.0,0.012,5.1,27,142.05,0,2715,2,11,1,0,1,0,,,0,,,,0.0,0.0,,0.0,0.0,,,,,,,,,,,,,,0.0,0.0,,0,,0,0.156137148651,0.498504334071,-1.66485776316,-0.784395777539,0.413469722089,
200,36,2013-04-03 08:54:17,22,92,,,219,120901,3,5.0,1,1.95,0.0278,5.16,28,135.0,0,2715,2,11,1,0,1,0,,,0,,,,,,,,,,,,,,,,,,,,,,,,,0,,0,0.156137148651,1.62013908573,0.793901317634,-0.481267560582,0.273002183985,
201,36,2013-04-03 08:54:17,22,92,,,219,127949,2,4.0,1,0.0,0.0369,4.49,14,74.03,0,2715,2,11,1,0,1,0,,,0,,,,,,,,,,,,,,,,,,,,,,,,,0,,0,-1.95171435814,-0.623130417588,-1.66485776316,-0.30668105588,-0.941792964695,
202,36,2013-04-03 08:54:17,22,92,,,219,130634,3,4.5,1,0.69,0.0052,5.39,18,189.06,0,2715,2,11,1,0,1,0,,,0,,,,0.0,0.0,,,,,,,,,,,,,,,,,,,,0,,0,0.156137148651,0.498504334071,-0.794835319184,-0.914856022811,1.35011922085,
203,36,2013-04-03 08:54:17,22,92,,,219,131053,4,4.5,1,1.39,0.0442,5.15,26,240.03,0,2715,2,11,1,0,1,0,,,0,,,,0.0,0.0,,,,,,,,,,,,,,,,,,,,0,,0,2.26398865544,0.498504334071,0.0877961457148,-0.166628145514,2.36566963463,
204,36,2013-04-03 08:54:17,22,92,,,219,133389,3,4.5,0,0.69,0.0031,5.0,22,97.5,1,2715,2,11,1,0,1,0,,,0,,,,,,,0.0,0.0,,,,,,,,,,,,,,0.0,0.0,,0,,0,0.156137148651,0.498504334071,-0.794835319184,-0.955145216204,-0.474165571887,
205,36,2013-04-03 08:54:17,22,92,,,219,136536,2,3.5,1,2.2,0.1025,4.48,10,75.03,0,2715,2,11,1,0,1,0,,,0,,,,-1.0,0.0,6.0,-1.0,0.0,6.0,,,,0.0,0.0,,,,,,,,-1.0,0.0,6.0,0,,0,-1.95171435814,-1.74476516925,1.10912684081,0.951876604394,-0.921868491205,
206,36,2013-04-03 08:54:17,22,92,,,219,139830,3,4.5,1,1.95,0.0663,5.2,24,135.0,0,2715,2,11,1,0,1,0,,,0,,,,,,,,,,,,,,,,,,,,,,,,,0,,0,0.156137148651,0.498504334071,0.793901317634,0.257367651621,0.273002183985,
207,42,2012-12-19 14:24:00,14,100,,,100,2068,2,4.0,1,1.61,0.1238,4.49,7,68.77,0,5740,1,87,2,0,1,1,,55.71,0,,,,,,,,,,,,,,,,,,,,,,,,,0,,0,0.185216946644,0.536742200223,1.24025465045,0.24226725786,-0.827906298482,-0.546718555122
208,42,2012-12-19 14:24:00,14,100,,,100,14445,0,3.0,0,1.1,0.0457,4.95,13,50.57,0,5740,1,87,2,0,1,1,,57.57,0,,,,,,,,,,,,,,,,,,,,,,,,,0,,0,-1.85216946644,-0.250479693438,0.108900408332,-0.770539560766,-1.41115227271,1.29306131952
209,42,2012-12-19 14:24:00,14,100,,,100,24416,2,0.0,0,0.69,0.0099,4.9,4,79.89,0,5740,1,87,2,0,1,1,,54.69,0,,,,,,,,,,,,,,,,,,,,,,,,,1,,0,0.185216946644,-2.61214537442,-0.800619668662,-1.23479671962,-0.471549417525,-1.55563009928
210,42,2012-12-19 14:24:00,14,100,,,100,27963,0,4.5,0,1.1,0.0573,4.95,12,123.38,0,5740,1,87,2,0,1,1,,57.84,0,,,,,,,,,,,,,,,,,,,,,,,,,0,,0,-1.85216946644,0.930353147054,0.108900408332,-0.620109866835,0.922152089022,1.56012614003
211,42,2012-12-19 14:24:00,14,100,,,100,48834,2,3.5,0,0.69,0.0347,4.9,3,70.79,0,5740,1,87,2,0,1,1,,55.95,0,,,,,,,,,,,,,,,,,,,,,,,,,1,,0,0.185216946644,0.143131253393,-0.800619668662,-0.91318840846,-0.763172404639,-0.309327603556
212,42,2012-12-19 14:24:00,14,100,,,100,61713,2,4.0,1,0.0,0.2079,5.13,1,108.21,0,5740,1,87,2,0,1,1,,57.57,0,,,,,,,,,,,,,,,,,,,,,,,,,1,122.34,1,0.185216946644,0.536742200223,-2.33127540799,1.33288253887,0.436006955559,1.29306131952
213,42,2012-12-19 14:24:00,14,100,,,100,61911,2,4.0,1,1.39,0.147,4.82,9,104.17,0,5740,1,87,2,0,1,1,,55.66,0,,,,,,,,,,,,,,,,,,,,,,,,,0,,0,0.185216946644,0.536742200223,0.752219487182,0.543126645724,0.306539167873,-0.596175003365
214,42,2012-12-19 14:24:00,14,100,,,100,64773,2,2.5,1,1.1,0.0693,4.9,6,80.91,0,5740,1,87,2,0,1,1,,56.67,0,,,,,,,,,,,,,,,,,,,,,,,,,0,,0,0.185216946644,-0.644090640268,0.108900408332,-0.464492942078,-0.438862005783,0.402845251143
215,42,2012-12-19 14:24:00,14,100,,,100,71686,3,4.5,1,1.1,0.2574,5.11,2,147.65,0,5740,1,87,2,0,1,1,,55.64,0,,,,,,,,,,,,,,,,,,,,,,,,,0,,0,1.20391015319,0.930353147054,0.108900408332,1.97480235349,1.6999202096,-0.615957582662
216,42,2012-12-19 14:24:00,14,100,,,100,78743,2,3.5,1,1.39,0.0666,4.37,8,70.79,0,5740,1,87,2,0,1,1,,56.0,0,,,,,,,,,,,,,,,,,,,,,,,,,0,,0,0.185216946644,0.143131253393,0.752219487182,-0.499506750148,-0.763172404639,-0.259871155313
217,42,2012-12-19 14:24:00,14,100,,,100,82226,3,3.0,1,1.39,0.1367,5.08,10,135.52,0,5740,1,87,2,0,1,1,,55.59,0,,,,,,,,,,,,,,,,,,,,,,,,,0,,0,1.20391015319,-0.250479693438,0.752219487182,0.409555451974,1.31119638172,-0.665414030905
218,45,2013-05-18 09:25:08,14,100,,,219,2924,4,4.5,1,2.3,0.0499,5.27,3,174.11,0,10948,1,0,2,0,1,1,,,0,,,,0.0,0.0,,0.0,0.0,,,,,,,,,,,,,,0.0,0.0,,0,,0,1.55014230846,0.975771011244,0.856988530792,0.386535987352,0.759201025262,
219,45,2013-05-18 09:25:08,14,100,,,219,25444,4,4.0,1,2.3,0.086,5.02,9,174.11,0,10948,1,0,2,0,1,1,,,0,,,,,,,0.0,0.0,,,,,,,,,,,,,,0.0,0.0,,0,,0,1.55014230846,0.512279780903,0.856988530792,1.33714564574,0.759201025262,
220,45,2013-05-18 09:25:08,14,100,,,219,31792,2,4.0,1,2.08,0.0085,4.68,13,102.13,0,10948,1,0,2,0,1,1,,,0,,,,,,,0.0,0.0,,,,,,,,,,,,,,-1.0,0.0,9.0,0,,0,0.108149463381,0.512279780903,0.531081051494,-0.703636861881,-0.339126575951,
221,45,2013-05-18 09:25:08,14,100,,,219,34700,2,3.0,1,2.77,0.0027,4.58,16,87.54,0,10948,1,0,2,0,1,1,,,0,,,,,,,,,,,,,,,,,,,,,,0.0,0.0,,0,,0,0.108149463381,-0.414702679779,1.55324541839,-0.856366391483,-0.561752301176,
222,45,2013-05-18 09:25:08,14,100,,,219,38213,0,4.0,0,0.69,0.0019,4.52,21,68.09,0,10948,1,0,2,0,1,1,,,0,,,,,,,,,,,,,,,,,,,,,,,,,0,,0,-1.3338433817,0.512279780903,-1.52806165862,-0.877432533498,-0.858535738848,
223,45,2013-05-18 09:25:08,14,100,,,219,48994,2,3.5,1,1.39,0.0598,4.59,7,106.99,0,10948,1,0,2,0,1,1,,,0,,,,0.0,0.0,,0.0,0.0,,,,,,,,,,,,,,0.0,0.0,,0,,0,0.108149463381,0.0487885505622,-0.491083315398,0.647229494777,-0.264968863505,
224,45,2013-05-18 09:25:08,14,100,,,219,66321,2,3.0,1,1.79,0.1285,4.45,12,67.11,0,10948,1,0,2,0,1,1,,,0,,,,0.0,0.0,,0.0,0.0,,,,,,,,,,,,,,0.0,0.0,,0,,0,0.108149463381,-0.414702679779,0.101475737873,2.45628444024,-0.873489351646,
225,45,2013-05-18 09:25:08,14,100,,,219,66729,2,4.0,1,2.3,0.0787,4.51,10,136.17,0,10948,1,0,2,0,1,1,,,0,,,,0.0,0.0,,0.0,0.0,,,,,,,,,,,,,,0.0,0.0,,0,,0,0.108149463381,0.512279780903,0.856988530792,1.14491709986,0.180282586945,
226,45,2013-05-18 09:25:08,14,100,,,219,67334,0,3.5,0,2.71,0.0012,4.74,20,76.84,0,10948,1,0,2,0,1,1,,,0,,,,,,,,,,,,,,,,,,,,,,,,,0,,0,-1.3338433817,0.0487885505622,1.46436156039,-0.89586540776,-0.725021338867,
227,45,2013-05-18 09:25:08,14,100,,,219,83828,2,0.0,0,0.69,0.0021,4.51,15,67.11,0,10948,1,0,2,0,1,1,,,0,,,,,,,,,,,,,,,,,,,,,,0.0,0.0,,0,,0,0.108149463381,-3.19565006182,-1.52806165862,-0.872165997994,-0.873489351646,
228,45,2013-05-18 09:25:08,14,100,,,219,88186,3,4.5,1,2.48,0.0572,5.24,2,205.23,0,10948,1,0,2,0,1,1,,,0,,,,,1.0,,0.0,0.0,,,,,,,,,,,,,,0.0,0.0,,0,,0,0.829145885919,0.975771011244,1.12364010476,0.578764533231,1.23405452554,
229,45,2013-05-18 09:25:08,14,100,,,219,88719,2,2.0,1,1.39,0.0492,4.45,8,60.31,1,10948,1,0,2,0,1,1,,,0,,,,0.0,0.0,11.0,0.0,0.0,,,,,,,,,,,,,,0.0,0.0,,1,60.95,1,0.108149463381,-1.34168514046,-0.491083315398,0.368103113089,-0.977249113917,
230,45,2013-05-18 09:25:08,14,100,,,219,92219,3,4.0,1,1.1,0.0096,4.86,14,145.9,0,10948,1,0,2,0,1,1,,,0,,,,-1.0,0.0,6.0,-1.0,0.0,6.0,,,,,,,,,,,,,-1.0,0.0,6.0,0,,0,0.829145885919,0.512279780903,-0.920688629019,-0.674670916611,0.328750599724,
231,45,2013-05-18 09:25:08,14,100,,,219,102243,0,3.5,0,1.1,0.0019,4.43,22,67.11,0,10948,1,0,2,0,1,1,,,0,,,,,,,,,,,,,,,,,,,,,,,,,0,,0,-1.3338433817,0.0487885505622,-0.920688629019,-0.877432533498,-0.873489351646,
232,45,2013-05-18 09:25:08,14,100,,,219,108521,0,2.5,1,1.61,0.0018,4.9,18,86.57,0,10948,1,0,2,0,1,1,,,0,,,,,,,,,,,,,,,,,,,,,,,1.0,,0,,0,-1.3338433817,-0.87819391012,-0.165175836099,-0.880065801249,-0.576553326088,
233,45,2013-05-18 09:25:08,14,100,,,219,113139,3,3.0,1,1.79,0.0169,4.81,1,86.57,1,10948,1,0,2,0,1,1,,,0,,,,0.0,0.0,,0.0,0.0,,,,,,,,,,,,,,0.0,0.0,,0,,0,0.829145885919,-0.414702679779,0.101475737873,-0.482442370732,-0.576553326088,
234,45,2013-05-18 09:25:08,14,100,,,219,118133,0,4.0,1,0.69,0.0011,4.74,19,63.22,0,10948,1,0,2,0,1,1,,,0,,,,1.0,0.0,8.0,1.0,0.0,7.0,,,,,,,,,,,,,,1.0,,0,,0,-1.3338433817,0.512279780903,-1.52806165862,-0.898498675512,-0.93284603918,
235,45,2013-05-18 09:25:08,14,100,,,219,120386,3,4.5,1,1.95,0.0773,5.58,6,272.35,0,10948,1,0,2,0,1,1,,,0,,,,0.0,0.0,,0.0,0.0,,,,,,,,,,,,,,0.0,0.0,,0,,0,0.829145885919,0.975771011244,0.338499359181,1.10805135134,2.2582244143,
236,45,2013-05-18 09:25:08,14,100,,,219,122341,0,,0,2.2,,0.0,24,245.11,0,10948,1,0,2,0,1,1,,,0,,,,,,,,,,,,,,,,,,,,,,,,,0,,0,-1.3338433817,,0.708848767475,,1.84257501368,
237,45,2013-05-18 09:25:08,14,100,,,219,132511,3,4.0,1,1.1,0.0349,5.22,4,194.53,0,10948,1,0,2,0,1,1,,,0,,,,0.0,0.0,,0.0,0.0,,,,,,,,,,,,,,0.0,0.0,,0,,0,0.829145885919,0.512279780903,-0.920688629019,-0.00845417541358,1.07078548785,
238,47,2013-01-14 22:28:43,14,100,4.31,180.75,137,6618,3,4.0,0,4.13,0.1492,4.78,25,118.94,0,13901,6,3,1,1,1,0,,5592.09,0,,,,,,,,,,,,,-1.0,0.0,16.0,,,,,1.0,,,,,0,,0,-1.07642688843,0.383064918373,0.80230565316,0.566803765271,-0.336682185998,-0.309283713679
239,47,2013-01-14 22:28:43,14,100,4.31,180.75,137,11747,4,4.5,0,4.03,0.1439,5.34,12,113.86,0,13901,6,3,1,1,1,0,,5592.33,0,,,,,,,,,,,,,,1.0,,,,,,,,,,,0,,0,0.258342453222,0.976815541852,0.651386507238,0.48336538116,-0.39944864469,0.0716882780034
240,47,2013-01-14 22:28:43,14,100,4.31,180.75,137,18311,4,4.0,0,3.93,0.1366,5.44,14,129.1,0,13901,6,3,1,1,1,0,,5592.6,0,,,,,,,,,,,,,0.0,0.0,,,,,,,,,,,0,,0,0.258342453222,0.383064918373,0.500467361316,0.368440814366,-0.211149268614,0.500281768648
241,47,2013-01-14 22:28:43,14,100,4.31,180.75,137,19599,3,4.0,0,4.16,0.1647,5.03,26,94.54,0,13901,6,3,1,1,1,0,,5591.92,0,,,,-1.0,0.0,3.0,,,,,,,0.0,0.0,10.0,,,,,1.0,,,,,0,,0,-1.07642688843,0.383064918373,0.847581396936,0.810821681066,-0.638158877354,-0.579138874455
242,47,2013-01-14 22:28:43,14,100,4.31,180.75,137,24002,4,4.5,0,4.16,0.181,5.6,3,185.02,0,13901,6,3,1,1,1,0,,5592.13,0,,,,,,,,,,,,,0.0,0.0,7.0,,,,,,,,,,0,,0,0.258342453222,0.976815541852,0.847581396936,1.06743406994,0.479776001083,-0.245788381732
243,47,2013-01-14 22:28:43,14,100,4.31,180.75,137,29732,3,3.5,0,2.83,0.047,4.69,31,59.98,0,13901,6,3,1,1,1,0,,5593.31,0,,,,1.0,0.0,2.0,,,,,,,0.0,0.0,,,,,0.0,0.0,,,,,0,,0,-1.07642688843,-0.210685705105,-1.15964324383,-1.04214016985,-1.06516848609,1.62732391071
244,47,2013-01-14 22:28:43,14,100,4.31,180.75,137,35796,3,3.5,0,2.64,0.0403,5.0,27,97.59,0,13901,6,3,1,1,1,0,,5590.9,0,,,,,,,,,,,,,0.0,0.0,,,,,,,,,,,0,,0,-1.07642688843,-0.210685705105,-1.44638962108,-1.14761888184,-0.600474290934,-2.19826983911
245,47,2013-01-14 22:28:43,14,100,4.31,180.75,137,36148,3,3.5,0,4.06,0.1241,4.84,34,74.21,0,13901,6,3,1,1,1,0,,5592.39,0,,,,,,,,,,,,,0.0,0.0,,,,,,,,,,,0,,0,-1.07642688843,-0.210685705105,0.696662251014,0.171652172595,-0.889348268143,0.166931275925
246,47,2013-01-14 22:28:43,14,100,4.31,180.75,137,41784,4,3.0,1,2.3,0.0622,5.15,22,142.32,0,13901,6,3,1,1,1,0,,5591.13,0,,,,1.0,0.0,2.0,,,,,,,,,,,,,0.0,0.0,,,,,0,,0,0.258342453222,-0.804436328584,-1.95951471721,-0.802845181453,-0.0478082087892,-1.83317168041
247,47,2013-01-14 22:28:43,14,100,4.31,180.75,137,43781,4,3.5,1,3.99,0.2159,5.21,6,109.79,0,13901,6,3,1,1,1,0,,5592.02,0,,,,1.0,0.0,66.0,,,,,,,0.0,0.0,,,,,1.0,0.0,30.0,,,,0,,0,0.258342453222,-0.210685705105,0.591018848869,1.61686795776,-0.449735945256,-0.420400544587
248,47,2013-01-14 22:28:43,14,100,4.31,180.75,137,51037,3,3.5,0,3.64,0.0157,5.03,30,86.41,1,13901,6,3,1,1,1,0,,5591.25,0,,,,,,,,,,,,,,,,,,,,,,,,,0,,0,-1.07642688843,-0.210685705105,0.0628018381417,-1.53489892884,-0.738609922465,-1.64268568457
249,47,2013-01-14 22:28:43,14,100,4.31,180.75,137,54593,3,3.5,0,3.97,0.1546,5.03,29,121.99,0,13901,6,3,1,1,1,0,,5591.99,0,,,,,,,,,,,,,1.0,0.0,2.0,,,,,,,,,,0,,0,-1.07642688843,-0.210685705105,0.560835019684,0.651816458515,-0.298997599579,-0.468022043548
