,srch_id,date_time,site_id,visitor_location_country_id,visitor_hist_starrating,visitor_hist_adr_usd,prop_country_id,prop_id,prop_starrating,prop_review_score,prop_brand_bool,prop_location_score1,prop_location_score2,prop_log_historical_price,position,price_usd,promotion_flag,srch_destination_id,srch_length_of_stay,srch_booking_window,srch_adults_count,srch_children_count,srch_room_count,srch_saturday_night_bool,srch_query_affinity_score,orig_destination_distance,random_bool,click_bool,gross_bookings_usd,booking_bool,prop_starrating|srch_id_normalized,prop_review_score|srch_id_normalized,prop_location_score1|srch_id_normalized,prop_location_score2|srch_id_normalized,price_usd|srch_id_normalized,orig_destination_distance|srch_id_normalized,max_rate_percent_diff,min_rate_percent_diff,count_available,count_higher_rate,count_lower_rate
0,6,2013-06-05 12:27:51,14,100,-1.0,-1.0,100,10759,0,2.0,0,1.95,0.3,0.0,4,97.63,0,21106,1,5,2,0,1,0,-20.4513,652.84,0,0,,0,0.0,0.4,,,0.11881593772406017,0.8571428571430891,,,0.0,0.0,0.0
1,6,2013-06-05 12:27:51,14,100,-1.0,-1.0,100,22135,0,5.0,0,1.95,0.3,0.0,6,115.03,0,21106,1,5,2,0,1,0,-20.4513,652.84,0,0,,0,0.0,1.0,,,0.29703984431015057,0.8571428571430891,,,0.0,0.0,0.0
2,6,2013-06-05 12:27:51,14,100,-1.0,-1.0,100,52376,2,0.0,1,1.95,0.3,0.0,2,86.03,0,21106,1,5,2,0,1,0,-20.4513,652.85,0,0,,0,0.6666666666666666,0.0,,,0.0,1.0,,,0.0,0.0,0.0
3,6,2013-06-05 12:27:51,14,100,-1.0,-1.0,100,104251,3,4.0,1,1.95,0.3,0.0,1,145.0,0,21106,1,5,2,0,1,0,-20.4513,652.84,0,1,162.38,1,1.0,0.8,,,0.6040151592748131,0.8571428571430891,,,0.0,0.0,0.0
4,6,2013-06-05 12:27:51,14,100,-1.0,-1.0,100,118866,2,4.5,1,1.95,0.3,0.0,3,183.66,0,21106,1,5,2,0,1,0,-20.4513,652.78,0,0,,0,0.6666666666666666,0.9,,,1.0,0.0,,,0.0,0.0,0.0
5,8,2013-03-20 17:50:44,5,219,-1.0,-1.0,219,10250,3,3.5,1,1.39,0.0321,4.64,15,82.0,0,7082,1,0,1,0,1,0,-20.4513,5.4,0,0,,0,0.6,0.7777777777777778,0.44267515923566875,0.0,0.08290155440414508,0.5905224787363305,,,0.0,0.0,0.0
6,8,2013-03-20 17:50:44,5,219,-1.0,-1.0,219,13252,4,4.5,1,0.0,0.3,5.49,19,160.0,1,7082,1,0,1,0,1,0,-20.4513,3.98,0,0,,0,0.8,1.0,0.0,,0.48704663212435234,0.4179829890643985,,,0.0,2.0,0.0
7,8,2013-03-20 17:50:44,5,219,-1.0,-1.0,219,22756,4,4.0,1,2.83,0.2251,5.11,10,259.0,0,7082,1,0,1,0,1,0,-20.4513,4.41,0,0,,0,0.8,0.8888888888888888,0.9012738853503185,0.9164292497625831,1.0,0.47023086269744835,,,0.0,0.0,2.0
8,8,2013-03-20 17:50:44,5,219,-1.0,-1.0,219,27669,3,3.5,1,3.0,0.2107,4.62,16,85.0,0,7082,1,0,1,0,1,0,-20.4513,4.17,0,1,96.41,1,0.6,0.7777777777777778,0.9554140127388535,0.8480531813865148,0.09844559585492228,0.4410692588092345,,,1.0,0.0,0.0
9,8,2013-03-20 17:50:44,5,219,-1.0,-1.0,219,30630,3,4.0,1,0.0,0.3,4.81,20,109.0,0,7082,1,0,1,0,1,0,-20.4513,3.69,0,0,,0,0.6,0.8888888888888888,0.0,,0.22279792746113988,0.3827460510328068,,,0.0,1.0,1.0
10,8,2013-03-20 17:50:44,5,219,-1.0,-1.0,219,32491,3,4.5,1,2.3,0.0516,5.18,6,199.0,0,7082,1,0,1,0,1,0,-20.4513,4.45,0,0,,0,0.6,1.0,0.732484076433121,0.0925925925925926,0.689119170984456,0.47509113001215064,,,3.0,0.0,0.0
11,8,2013-03-20 17:50:44,5,219,-1.0,-1.0,219,33805,3,3.5,1,3.14,0.1393,4.89,13,119.0,1,7082,1,0,1,0,1,0,-20.4513,3.83,0,0,,0,0.6,0.7777777777777778,1.0,0.5090218423551758,0.27461139896373055,0.39975698663426484,,,0.0,0.0,0.0
12,8,2013-03-20 17:50:44,5,219,-1.0,-1.0,219,35397,3,4.5,1,1.39,0.1,4.82,12,119.0,1,7082,1,0,1,0,1,0,-20.4513,5.07,0,0,,0,0.6,1.0,0.44267515923566875,0.32241215574548915,0.27461139896373055,0.5504252733900364,,,0.0,1.0,0.0
13,8,2013-03-20 17:50:44,5,219,-1.0,-1.0,219,39137,2,3.5,1,1.61,0.0813,4.55,14,80.0,0,7082,1,0,1,0,1,0,-20.4513,4.85,0,0,,0,0.4,0.7777777777777778,0.5127388535031847,0.2336182336182336,0.07253886010362694,0.5236938031591737,,,0.0,0.0,0.0
14,8,2013-03-20 17:50:44,5,219,-1.0,-1.0,219,41497,3,4.5,1,1.79,0.0432,5.1,1,189.0,0,7082,1,0,1,0,1,0,-20.4513,1.64,0,0,,0,0.6,1.0,0.5700636942675159,0.05270655270655273,0.6373056994818653,0.13365735115431346,,,0.0,1.0,0.0
15,8,2013-03-20 17:50:44,5,219,-1.0,-1.0,219,54403,2,3.5,1,0.0,0.3,4.44,22,66.0,0,7082,1,0,1,0,1,0,-20.4513,8.77,0,0,,0,0.4,0.7777777777777778,0.0,,0.0,1.0,,,0.0,0.0,0.0
16,8,2013-03-20 17:50:44,5,219,-1.0,-1.0,219,58176,0,0.0,0,1.79,0.3,4.71,25,150.0,0,7082,1,0,1,0,1,0,-20.4513,0.54,0,0,,0,0.0,0.0,0.5700636942675159,,0.43523316062176165,0.0,,,0.0,0.0,0.0
17,8,2013-03-20 17:50:44,5,219,-1.0,-1.0,219,63511,3,4.5,1,1.39,0.3,5.36,21,209.0,0,7082,1,0,1,0,1,0,-20.4513,1.49,0,0,,0,0.6,1.0,0.44267515923566875,,0.7409326424870466,0.11543134872417982,,,1.0,0.0,0.0
18,8,2013-03-20 17:50:44,5,219,-1.0,-1.0,219,66444,4,4.5,1,1.39,0.3,5.34,18,239.0,0,7082,1,0,1,0,1,0,-20.4513,1.41,0,0,,0,0.8,1.0,0.44267515923566875,,0.8963730569948186,0.10571081409477519,,,3.0,0.0,0.0
19,8,2013-03-20 17:50:44,5,219,-1.0,-1.0,219,67150,4,4.5,1,2.89,0.2295,5.39,4,259.0,0,7082,1,0,1,0,1,0,-20.4513,4.34,0,0,,0,0.8,1.0,0.9203821656050956,0.9373219373219374,1.0,0.46172539489671927,,,1.0,0.0,0.0
20,8,2013-03-20 17:50:44,5,219,-1.0,-1.0,219,73738,3,4.5,1,1.39,0.0883,5.14,3,189.0,0,7082,1,0,1,0,1,0,-20.4513,4.8,0,0,,0,0.6,1.0,0.44267515923566875,0.26685660018993357,0.6373056994818653,0.5176184690157958,,,0.0,0.0,0.0
21,8,2013-03-20 17:50:44,5,219,-1.0,-1.0,219,83293,3,4.5,1,2.94,0.0731,5.12,2,239.0,0,7082,1,0,1,0,1,0,-20.4513,4.05,0,0,,0,0.6,1.0,0.9363057324840763,0.19468186134852802,0.8963730569948186,0.42648845686512754,,,3.0,0.0,0.0
22,8,2013-03-20 17:50:44,5,219,-1.0,-1.0,219,90151,5,4.5,0,2.56,0.1592,5.7,7,259.0,0,7082,1,0,1,0,1,0,-20.4513,4.52,0,0,,0,1.0,1.0,0.8152866242038216,0.603513770180437,1.0,0.4835965978128796,,,0.0,0.0,0.0
23,8,2013-03-20 17:50:44,5,219,-1.0,-1.0,219,119302,3,3.5,1,1.95,0.3,4.76,24,93.0,0,7082,1,0,1,0,1,0,-20.4513,1.16,0,0,,0,0.6,0.7777777777777778,0.6210191082802548,,0.13989637305699482,0.07533414337788577,,,1.0,0.0,0.0
24,8,2013-03-20 17:50:44,5,219,-1.0,-1.0,219,125655,3,4.0,1,3.0,0.2427,4.97,9,149.0,0,7082,1,0,1,0,1,0,-20.4513,4.26,0,0,,0,0.6,0.8888888888888888,0.9554140127388535,1.0,0.43005181347150256,0.4520048602673146,,,0.0,0.0,0.0
25,8,2013-03-20 17:50:44,5,219,-1.0,-1.0,219,134607,3,4.5,1,1.79,0.0434,4.99,8,189.0,0,7082,1,0,1,0,1,0,-20.4513,1.61,0,0,,0,0.6,1.0,0.5700636942675159,0.053656220322887006,0.6373056994818653,0.13001215066828675,,,0.0,0.0,1.0
26,11,2013-02-25 08:39:33,5,219,-1.0,-1.0,219,6492,2,4.0,1,2.3,0.3,3.91,36,47.0,0,12610,1,39,2,0,1,1,-20.4513,284.56,1,0,,0,0.0,0.8,0.9583333333333333,,0.1092436974789916,0.7151799687010959,,,0.0,2.0,0.0
27,11,2013-02-25 08:39:33,5,219,-1.0,-1.0,219,8946,3,4.5,1,1.95,0.3,5.17,19,84.0,0,12610,1,39,2,0,1,1,-20.4513,288.12,1,0,,0,0.5,0.9,0.8125,,0.42016806722689076,0.993740219092333,,,1.0,1.0,0.0
28,11,2013-02-25 08:39:33,5,219,-1.0,-1.0,219,9952,2,3.0,1,1.61,0.3,4.1,14,50.0,0,12610,1,39,2,0,1,1,-20.4513,275.55,1,0,,0,0.0,0.6,0.6708333333333334,,0.13445378151260504,0.010172143974960543,,,0.0,0.0,0.0
29,11,2013-02-25 08:39:33,5,219,-1.0,-1.0,219,19470,2,3.5,1,1.39,0.3,4.37,9,60.0,0,12610,1,39,2,0,1,1,-20.4513,275.42,1,0,,0,0.0,0.7,0.5791666666666666,,0.2184873949579832,0.0,,,0.0,0.0,0.0
30,11,2013-02-25 08:39:33,5,219,-1.0,-1.0,219,20499,2,3.5,1,2.2,0.3,4.11,31,45.0,0,12610,1,39,2,0,1,1,-20.4513,284.67,1,1,,0,0.0,0.7,0.9166666666666667,,0.09243697478991597,0.7237871674491408,,,0.0,0.0,0.0
31,11,2013-02-25 08:39:33,5,219,-1.0,-1.0,219,24526,3,4.0,1,0.69,0.1099,4.94,2,119.0,0,12610,1,39,2,0,1,1,-20.4513,278.73,1,0,,0,0.5,0.8,0.2875,0.20861797162375195,0.7142857142857143,0.2589984350547738,,,0.0,0.0,0.0
32,11,2013-02-25 08:39:33,5,219,-1.0,-1.0,219,26421,3,5.0,1,2.08,0.3,5.07,25,89.0,0,12610,1,39,2,0,1,1,-20.4513,287.79,1,0,,0,0.5,1.0,0.8666666666666667,,0.46218487394957986,0.9679186228482027,,,1.0,0.0,0.0
33,11,2013-02-25 08:39:33,5,219,-1.0,-1.0,219,27675,3,4.5,1,1.1,0.1626,4.7,7,85.0,0,12610,1,39,2,0,1,1,-20.4513,279.74,1,0,,0,0.5,0.9,0.45833333333333337,0.4855491329479768,0.42857142857142855,0.33802816901408467,,,0.0,0.0,0.0
34,11,2013-02-25 08:39:33,5,219,-1.0,-1.0,219,28364,3,4.5,1,1.61,0.2046,4.73,3,79.0,0,12610,1,39,2,0,1,1,-20.4513,280.57,1,0,,0,0.5,0.9,0.6708333333333334,0.7062532842879664,0.37815126050420167,0.4029733959311415,,,0.0,0.0,0.0
35,11,2013-02-25 08:39:33,5,219,-1.0,-1.0,219,33980,3,5.0,1,1.1,0.3,5.03,13,98.0,0,12610,1,39,2,0,1,1,-20.4513,283.87,1,0,,0,0.5,1.0,0.45833333333333337,,0.5378151260504201,0.6611893583724575,,,1.0,0.0,0.0
36,11,2013-02-25 08:39:33,5,219,-1.0,-1.0,219,35021,3,4.0,1,2.08,0.3,4.99,26,153.0,0,12610,1,39,2,0,1,1,-20.4513,287.83,1,0,,0,0.5,0.8,0.8666666666666667,,1.0,0.971048513302034,,,0.0,0.0,0.0
37,11,2013-02-25 08:39:33,5,219,-1.0,-1.0,219,38443,3,4.0,1,2.4,0.3,4.58,18,60.0,0,12610,1,39,2,0,1,1,-20.4513,284.42,1,0,,0,0.5,0.8,1.0,,0.2184873949579832,0.7042253521126776,,,1.0,0.0,3.0
38,11,2013-02-25 08:39:33,5,219,-1.0,-1.0,219,47116,3,4.5,1,2.08,0.3,4.95,22,84.0,0,12610,1,39,2,0,1,1,-20.4513,287.82,1,0,,0,0.5,0.9,0.8666666666666667,,0.42016806722689076,0.9702660406885761,,,0.0,0.0,0.0
39,11,2013-02-25 08:39:33,5,219,-1.0,-1.0,219,59898,3,0.0,1,2.08,0.3,4.84,32,76.0,0,12610,1,39,2,0,1,1,-20.4513,288.1,1,0,,0,0.5,0.0,0.8666666666666667,,0.35294117647058826,0.9921752738654174,,,0.0,0.0,0.0
40,11,2013-02-25 08:39:33,5,219,-1.0,-1.0,219,63095,2,3.5,1,1.61,0.3,4.92,33,65.0,0,12610,1,39,2,0,1,1,-20.4513,287.66,1,0,,0,0.0,0.7,0.6708333333333334,,0.2605042016806723,0.9577464788732422,,,0.0,0.0,0.0
41,11,2013-02-25 08:39:33,5,219,-1.0,-1.0,219,69993,2,2.5,1,2.2,0.3,4.22,27,34.0,0,12610,1,39,2,0,1,1,-20.4513,284.47,1,0,,0,0.0,0.5,0.9166666666666667,,0.0,0.7081377151799712,,,0.0,1.0,0.0
42,11,2013-02-25 08:39:33,5,219,-1.0,-1.0,219,73511,3,5.0,1,0.0,0.3,4.91,29,75.0,0,12610,1,39,2,0,1,1,-20.4513,287.02,1,0,,0,0.5,1.0,0.0,,0.3445378151260504,0.9076682316118928,,,1.0,0.0,0.0
43,11,2013-02-25 08:39:33,5,219,-1.0,-1.0,219,74499,3,4.5,1,0.69,0.1555,4.68,8,74.0,0,12610,1,39,2,0,1,1,-20.4513,279.07,1,0,,0,0.5,0.9,0.2875,0.44823962165002623,0.33613445378151263,0.2856025039123619,,,0.0,3.0,0.0
44,11,2013-02-25 08:39:33,5,219,-1.0,-1.0,219,75743,3,4.5,1,0.0,0.3,4.88,24,93.0,0,12610,1,39,2,0,1,1,-20.4513,276.98,1,0,,0,0.5,0.9,0.0,,0.4957983193277311,0.12206572769953096,,,0.0,0.0,0.0
45,11,2013-02-25 08:39:33,5,219,-1.0,-1.0,219,78768,3,5.0,1,2.08,0.3,4.95,12,93.0,0,12610,1,39,2,0,1,1,-20.4513,287.89,1,0,,0,0.5,1.0,0.8666666666666667,,0.4957983193277311,0.9757433489827854,,,0.0,0.0,3.0
46,11,2013-02-25 08:39:33,5,219,-1.0,-1.0,219,80764,2,3.5,1,1.79,0.3,3.87,21,60.0,0,12610,1,39,2,0,1,1,-20.4513,283.89,1,0,,0,0.0,0.7,0.7458333333333333,,0.2184873949579832,0.6627543035993732,,,1.0,0.0,1.0
47,11,2013-02-25 08:39:33,5,219,-1.0,-1.0,219,83769,4,4.5,1,2.08,0.3,5.24,37,123.0,0,12610,1,39,2,0,1,1,-20.4513,288.09,1,0,,0,1.0,0.9,0.8666666666666667,,0.7478991596638656,0.9913928012519551,,,1.0,0.0,1.0
48,11,2013-02-25 08:39:33,5,219,-1.0,-1.0,219,85264,2,3.0,1,1.95,0.3,4.31,30,70.0,0,12610,1,39,2,0,1,1,-20.4513,285.8,1,0,,0,0.0,0.6,0.8125,,0.3025210084033613,0.8122065727699544,,,0.0,0.0,0.0
49,11,2013-02-25 08:39:33,5,219,-1.0,-1.0,219,86294,2,3.0,1,2.2,0.3,4.01,28,51.0,0,12610,1,39,2,0,1,1,-20.4513,284.72,1,0,,0,0.0,0.6,0.9166666666666667,,0.14285714285714285,0.7276995305164343,,,0.0,0.0,0.0
50,11,2013-02-25 08:39:33,5,219,-1.0,-1.0,219,93949,3,4.0,0,1.61,0.3,4.64,35,74.0,0,12610,1,39,2,0,1,1,-20.4513,287.04,1,0,,0,0.5,0.8,0.6708333333333334,,0.33613445378151263,0.9092331768388129,,,0.0,0.0,1.0
51,11,2013-02-25 08:39:33,5,219,-1.0,-1.0,219,95615,3,4.5,0,1.39,0.0702,4.64,6,80.0,0,12610,1,39,2,0,1,1,-20.4513,280.76,1,0,,0,0.5,0.9,0.5791666666666666,0.0,0.3865546218487395,0.4178403755868534,,,0.0,0.0,0.0
52,11,2013-02-25 08:39:33,5,219,-1.0,-1.0,219,100969,4,4.5,0,1.39,0.3,4.98,16,89.0,1,12610,1,39,2,0,1,1,-20.4513,287.77,1,0,,0,1.0,0.9,0.5791666666666666,,0.46218487394957986,0.9663536776212827,,,0.0,2.0,0.0
53,11,2013-02-25 08:39:33,5,219,-1.0,-1.0,219,102705,3,5.0,1,1.39,0.2323,4.86,4,87.0,0,12610,1,39,2,0,1,1,-20.4513,280.41,1,0,,0,0.5,1.0,0.5791666666666666,0.8518129269574356,0.44537815126050423,0.3904538341158075,,,1.0,1.0,0.0
54,11,2013-02-25 08:39:33,5,219,-1.0,-1.0,219,114096,3,4.0,1,1.61,0.3,4.98,34,62.0,0,12610,1,39,2,0,1,1,-20.4513,288.2,1,0,,0,0.5,0.8,0.6708333333333334,,0.23529411764705882,1.0,,,0.0,1.0,0.0
55,11,2013-02-25 08:39:33,5,219,-1.0,-1.0,219,122888,3,4.5,1,1.1,0.2605,4.89,1,71.0,0,12610,1,39,2,0,1,1,-20.4513,281.08,1,0,,0,0.5,0.9,0.45833333333333337,1.0,0.31092436974789917,0.44287949921752584,,,1.0,0.0,0.0
56,11,2013-02-25 08:39:33,5,219,-1.0,-1.0,219,124104,3,4.0,1,1.1,0.3,4.64,10,85.0,0,12610,1,39,2,0,1,1,-20.4513,275.81,1,0,,0,0.5,0.8,0.45833333333333337,,0.42857142857142855,0.030516431924881626,,,0.0,0.0,0.0
57,11,2013-02-25 08:39:33,5,219,-1.0,-1.0,219,134563,3,4.0,1,2.2,0.3,4.73,20,73.0,0,12610,1,39,2,0,1,1,-20.4513,284.5,1,0,,0,0.5,0.8,0.9166666666666667,,0.3277310924369748,0.7104851330203446,,,0.0,0.0,0.0
58,11,2013-02-25 08:39:33,5,219,-1.0,-1.0,219,136184,3,4.0,0,2.2,0.3,4.59,15,81.0,0,12610,1,39,2,0,1,1,-20.4513,284.78,1,0,,0,0.5,0.8,0.9166666666666667,,0.3949579831932773,0.7323943661971812,,,0.0,0.0,0.0
59,12,2013-03-15 14:55:16,5,219,-1.0,-1.0,158,7814,3,3.5,0,0.0,0.0476,4.46,25,43.0,1,26648,2,21,3,0,1,1,-20.4513,9270.55,1,0,,0,0.0,0.7777777777777778,0.0,0.0,0.08247422680412371,0.0,,,0.0,0.0,0.0
60,12,2013-03-15 14:55:16,5,219,-1.0,-1.0,158,10881,3,3.0,0,3.14,0.3,4.46,28,44.0,0,26648,2,21,3,0,1,1,-20.4513,9285.88,1,0,,0,0.0,0.6666666666666666,0.9515151515151516,,0.08762886597938144,0.8326996197718658,,,0.0,1.0,0.0
61,12,2013-03-15 14:55:16,5,219,-1.0,-1.0,158,12510,4,0.0,0,1.1,0.3,4.41,24,51.0,0,26648,2,21,3,0,1,1,-20.4513,9288.15,1,0,,0,0.5,0.0,0.33333333333333337,,0.12371134020618557,0.9560021727322381,,,0.0,0.0,0.0
62,12,2013-03-15 14:55:16,5,219,-1.0,-1.0,158,17122,4,3.5,0,2.64,0.3,4.22,13,53.0,0,26648,2,21,3,0,1,1,-20.4513,9278.6,1,0,,0,0.5,0.7777777777777778,0.8,,0.13402061855670103,0.4372623574145114,,,0.0,0.0,0.0
63,12,2013-03-15 14:55:16,5,219,-1.0,-1.0,158,18012,5,4.5,0,3.22,0.1909,5.66,18,221.0,0,26648,2,21,3,0,1,1,-20.4513,9286.02,1,0,,0,1.0,1.0,0.9757575757575758,0.32724366293674356,1.0,0.8403041825095756,,,0.0,0.0,0.0
64,12,2013-03-15 14:55:16,5,219,-1.0,-1.0,158,29081,3,0.0,0,3.3,0.3,4.41,3,37.0,0,26648,2,21,3,0,1,1,-20.4513,9286.32,1,0,,0,0.0,0.0,1.0,,0.05154639175257732,0.8565996740901989,,,0.0,0.0,0.0
65,12,2013-03-15 14:55:16,5,219,-1.0,-1.0,158,43250,3,0.0,1,3.3,0.3,4.46,14,40.0,0,26648,2,21,3,0,1,1,-20.4513,9286.38,1,0,,0,0.0,0.0,1.0,,0.06701030927835051,0.8598587724063038,,,0.0,1.0,0.0
66,12,2013-03-15 14:55:16,5,219,-1.0,-1.0,158,45722,3,4.0,0,3.26,0.3,4.46,4,29.0,1,26648,2,21,3,0,1,1,-20.4513,9286.44,1,0,,0,0.0,0.8888888888888888,0.9878787878787879,,0.010309278350515464,0.8631178707225075,,,0.0,1.0,0.0
67,12,2013-03-15 14:55:16,5,219,-1.0,-1.0,158,47902,3,3.5,0,3.26,0.3,4.46,22,49.0,0,26648,2,21,3,0,1,1,-20.4513,9286.15,1,0,,0,0.0,0.7777777777777778,0.9878787878787879,,0.1134020618556701,0.847365562194486,,,1.0,0.0,0.0
68,12,2013-03-15 14:55:16,5,219,-1.0,-1.0,158,55331,5,4.5,0,2.3,0.3,5.62,15,138.0,1,26648,2,21,3,0,1,1,-20.4513,9288.85,1,0,,0,1.0,1.0,0.6969696969696969,,0.5721649484536082,0.9940249864204909,,,0.0,0.0,0.0
69,12,2013-03-15 14:55:16,5,219,-1.0,-1.0,158,59368,3,2.0,0,3.18,0.3,4.46,26,35.0,0,26648,2,21,3,0,1,1,-20.4513,9286.5,1,0,,0,0.0,0.4444444444444444,0.9636363636363637,,0.041237113402061855,0.8663769690386124,,,0.0,1.0,0.0
70,12,2013-03-15 14:55:16,5,219,-1.0,-1.0,158,73964,3,2.0,0,3.09,0.1419,4.58,32,29.0,1,26648,2,21,3,0,1,1,-20.4513,9285.73,1,0,,0,0.0,0.4444444444444444,0.9363636363636364,0.21534596939940626,0.010309278350515464,0.824551873981554,,,1.0,0.0,0.0
71,12,2013-03-15 14:55:16,5,219,-1.0,-1.0,158,82017,4,3.5,0,2.64,0.3,4.22,19,93.0,0,26648,2,21,3,0,1,1,-20.4513,9278.98,1,0,,0,0.5,0.7777777777777778,0.8,,0.3402061855670103,0.4579033134166408,,,0.0,0.0,0.0
72,12,2013-03-15 14:55:16,5,219,-1.0,-1.0,158,83229,5,4.5,1,2.64,0.1429,4.12,7,147.0,1,26648,2,21,3,0,1,1,-20.4513,9278.98,1,0,,0,1.0,1.0,0.8,0.21762959579812743,0.6185567010309279,0.4579033134166408,,,0.0,0.0,0.0
73,12,2013-03-15 14:55:16,5,219,-1.0,-1.0,158,84441,3,4.0,0,2.64,0.0476,3.75,9,41.0,1,26648,2,21,3,0,1,1,-20.4513,9278.89,1,0,,0,0.0,0.8888888888888888,0.8,0.0,0.07216494845360824,0.45301466594243406,,,0.0,0.0,0.0
74,12,2013-03-15 14:55:16,5,219,-1.0,-1.0,158,89698,3,4.0,0,2.71,0.3,4.46,6,74.0,0,26648,2,21,3,0,1,1,-20.4513,9287.12,1,0,,0,0.0,0.8888888888888888,0.8212121212121213,,0.2422680412371134,0.900054318305359,,,0.0,1.0,0.0
75,12,2013-03-15 14:55:16,5,219,-1.0,-1.0,158,92506,3,3.0,0,3.14,0.3,4.46,29,35.0,0,26648,2,21,3,0,1,1,-20.4513,9286.65,1,0,,0,0.0,0.6666666666666666,0.9515151515151516,,0.041237113402061855,0.874524714828924,,,0.0,1.0,0.0
76,12,2013-03-15 14:55:16,5,219,-1.0,-1.0,158,93021,4,4.0,1,2.64,0.3,4.22,8,66.0,1,26648,2,21,3,0,1,1,-20.4513,9279.04,1,0,,0,0.5,0.8888888888888888,0.8,,0.20103092783505155,0.46116241173284456,,,0.0,0.0,0.0
77,12,2013-03-15 14:55:16,5,219,-1.0,-1.0,158,97754,3,3.0,0,3.26,0.3,4.46,2,32.0,1,26648,2,21,3,0,1,1,-20.4513,9286.45,1,0,,0,0.0,0.6666666666666666,0.9878787878787879,,0.02577319587628866,0.8636610537752081,,,0.0,1.0,0.0
78,12,2013-03-15 14:55:16,5,219,-1.0,-1.0,158,105912,3,3.0,0,2.64,0.3,3.75,30,36.0,1,26648,2,21,3,0,1,1,-20.4513,9278.72,1,0,,0,0.0,0.6666666666666666,0.8,,0.04639175257731959,0.4437805540467212,,,0.0,0.0,0.0
79,12,2013-03-15 14:55:16,5,219,-1.0,-1.0,158,108971,4,0.0,0,0.69,0.3,4.22,27,52.0,0,26648,2,21,3,0,1,1,-20.4513,9277.19,1,0,,0,0.5,0.0,0.20909090909090908,,0.12886597938144329,0.3606735469854041,,,0.0,0.0,0.0
80,12,2013-03-15 14:55:16,5,219,-1.0,-1.0,158,111957,4,4.5,0,2.4,0.3,4.41,10,87.0,0,26648,2,21,3,0,1,1,-20.4513,9288.96,1,0,,0,0.5,1.0,0.7272727272727273,,0.30927835051546393,1.0,,,0.0,0.0,0.0
81,12,2013-03-15 14:55:16,5,219,-1.0,-1.0,158,113997,3,3.5,1,2.89,0.4855,4.4,21,58.0,1,26648,2,21,3,0,1,1,-20.4513,9285.47,1,0,,0,0.0,0.7777777777777778,0.8757575757575758,1.0,0.15979381443298968,0.8104291146116345,,,0.0,0.0,0.0
82,12,2013-03-15 14:55:16,5,219,-1.0,-1.0,158,114662,4,4.0,0,2.71,0.3,4.22,12,50.0,1,26648,2,21,3,0,1,1,-20.4513,9278.91,1,0,,0,0.5,0.8888888888888888,0.8212121212121213,,0.11855670103092783,0.4541010320478353,,,0.0,0.0,0.0
83,12,2013-03-15 14:55:16,5,219,-1.0,-1.0,158,117707,5,4.0,0,3.3,0.3,5.09,16,106.0,1,26648,2,21,3,0,1,1,-20.4513,9286.31,1,0,,0,1.0,0.8888888888888888,1.0,,0.4072164948453608,0.8560564910374983,,,0.0,0.0,0.0
84,12,2013-03-15 14:55:16,5,219,-1.0,-1.0,158,121983,5,4.5,1,2.77,0.3,5.38,31,174.0,1,26648,2,21,3,0,1,1,-20.4513,9285.44,1,0,,0,1.0,1.0,0.8393939393939395,,0.7577319587628866,0.8087995654536314,,,0.0,1.0,0.0
85,12,2013-03-15 14:55:16,5,219,-1.0,-1.0,158,129310,3,3.5,0,0.0,0.0476,3.75,1,27.0,0,26648,2,21,3,0,1,1,-20.4513,9283.62,1,1,,0,0.0,0.7777777777777778,0.0,0.0,0.0,0.7099402498642928,,,0.0,0.0,0.0
86,12,2013-03-15 14:55:16,5,219,-1.0,-1.0,158,139181,3,0.0,0,2.94,0.3,4.46,20,55.0,0,26648,2,21,3,0,1,1,-20.4513,9286.88,1,0,,0,0.0,0.0,0.890909090909091,,0.14432989690721648,0.8870179250407418,,,0.0,0.0,0.0
87,17,2012-11-05 19:52:18,18,129,-1.0,-1.0,31,2196,4,4.5,0,6.83,0.7355,5.58,29,275.11,1,6285,4,194,4,1,2,1,-20.4513,433.61,1,0,,0,1.0,1.0,0.8571428571428571,0.9235350933676757,0.7229380082374064,0.1826923076923119,,,0.0,2.0,0.0
88,17,2012-11-05 19:52:18,18,129,-1.0,-1.0,31,3309,3,3.5,0,6.64,0.3716,4.66,2,150.99,0,6285,4,194,4,1,2,1,-20.4513,434.25,1,0,,0,0.0,0.5,0.5178571428571425,0.33773341918866706,0.06753617066216085,0.7980769230769357,,,0.0,0.0,0.0
89,17,2012-11-05 19:52:18,18,129,-1.0,-1.0,31,11331,4,4.0,0,6.89,0.7774,5.17,6,305.82,0,6285,4,194,4,1,2,1,-20.4513,433.88,1,0,,0,1.0,0.75,0.9642857142857135,0.9909851899549259,0.8850987432675045,0.4423076923076881,,,0.0,0.0,0.0
90,17,2012-11-05 19:52:18,18,129,-1.0,-1.0,31,17795,4,4.0,0,6.87,0.7659,5.5,25,271.27,1,6285,4,194,4,1,2,1,-20.4513,433.97,1,0,,0,1.0,0.75,0.9285714285714286,0.9724726336123634,0.7026613158728482,0.5288461538461833,,,0.0,2.0,0.0
91,17,2012-11-05 19:52:18,18,129,-1.0,-1.0,31,21770,3,4.5,0,6.73,0.6478,5.12,14,168.91,0,6285,4,194,4,1,2,1,-20.4513,433.46,1,0,,0,0.0,1.0,0.6785714285714294,0.7823567289117838,0.16216073503009826,0.038461538461504824,,,0.0,2.0,0.0
92,17,2012-11-05 19:52:18,18,129,-1.0,-1.0,31,23984,4,4.0,0,6.9,0.6856,5.33,10,327.58,0,6285,4,194,4,1,2,1,-20.4513,433.82,1,0,,0,1.0,0.75,0.9821428571428575,0.8432066967160335,1.0,0.3846153846153762,,,0.0,1.0,2.0
93,17,2012-11-05 19:52:18,18,129,-1.0,-1.0,31,28503,4,4.5,0,6.87,0.6705,5.55,21,203.45,0,6285,4,194,4,1,2,1,-20.4513,434.08,1,0,,0,1.0,1.0,0.9285714285714286,0.8188989053444945,0.3445453585383884,0.6346153846153763,,,0.0,0.0,0.0
94,17,2012-11-05 19:52:18,18,129,-1.0,-1.0,31,35054,4,3.5,0,6.75,0.7072,5.52,22,310.94,0,6285,4,194,4,1,2,1,-20.4513,433.56,1,0,,0,1.0,0.5,0.7142857142857143,0.8779781068898908,0.9121343330869153,0.1346153846153762,,,0.0,0.0,0.0
95,17,2012-11-05 19:52:18,18,129,-1.0,-1.0,31,43549,3,4.0,0,6.89,0.7204,5.34,19,189.38,1,6285,4,194,4,1,2,1,-20.4513,433.8,1,0,,0,0.0,0.75,0.9642857142857135,0.8992273019961365,0.27025029042137505,0.3653846153846238,,,0.0,0.0,0.0
96,17,2012-11-05 19:52:18,18,129,-1.0,-1.0,31,45379,3,4.0,0,6.7,0.6259,5.03,30,278.95,0,6285,4,194,4,1,2,1,-20.4513,433.56,1,0,,0,0.0,0.75,0.6250000000000004,0.747102382485512,0.7432147006019644,0.1346153846153762,,,0.0,0.0,0.0
97,17,2012-11-05 19:52:18,18,129,-1.0,-1.0,31,56046,4,4.0,0,6.69,0.6168,5.0,9,229.05,0,6285,4,194,4,1,2,1,-20.4513,433.43,1,0,,0,1.0,0.75,0.607142857142858,0.7324533161622666,0.4797233076354421,0.009615384615376206,,,1.0,0.0,0.0
98,17,2012-11-05 19:52:18,18,129,-1.0,-1.0,31,58295,4,4.5,1,6.89,0.7829999999999999,5.67,4,323.74,0,6285,4,194,4,1,2,1,-20.4513,433.88,1,0,,0,1.0,1.0,0.9642857142857135,1.0,0.9797233076354421,0.4423076923076881,,,1.0,0.0,2.0
99,17,2012-11-05 19:52:18,18,129,-1.0,-1.0,31,66095,4,3.5,0,6.88,0.7731,5.23,26,235.44,1,6285,4,194,4,1,2,1,-20.4513,433.96,1,0,,0,1.0,0.5,0.9464285714285711,0.9840631036703155,0.5134649910233394,0.5192307692307524,,,1.0,0.0,1.0
100,17,2012-11-05 19:52:18,18,129,-1.0,-1.0,31,66890,4,4.0,1,6.7,0.5063,5.31,35,255.92,1,6285,4,194,4,1,2,1,-20.4513,434.23,1,0,,0,1.0,0.75,0.6250000000000004,0.5545717965228589,0.6216073503009821,0.7788461538461833,,,0.0,0.0,0.0
101,17,2012-11-05 19:52:18,18,129,-1.0,-1.0,31,73557,3,4.0,0,6.79,0.7462,5.15,7,174.02,0,6285,4,194,4,1,2,1,-20.4513,433.67,1,0,,0,0.0,0.75,0.7857142857142857,0.9407598197037992,0.18914352096314302,0.2403846153846238,,,0.0,0.0,1.0
102,17,2012-11-05 19:52:18,18,129,-1.0,-1.0,31,73790,3,4.0,0,6.69,0.6081,5.15,34,197.06,0,6285,4,194,4,1,2,1,-20.4513,433.42,1,0,,0,0.0,0.75,0.607142857142858,0.7184481648422408,0.3108036751504912,0.0,,,0.0,1.0,0.0
103,17,2012-11-05 19:52:18,18,129,-1.0,-1.0,31,78834,3,4.5,0,6.91,0.6483,5.58,12,299.42,0,6285,4,194,4,1,2,1,-20.4513,433.81,1,0,,0,0.0,1.0,1.0,0.7831616226658081,0.8513042559932412,0.375,,,0.0,0.0,3.0
104,17,2012-11-05 19:52:18,18,129,-1.0,-1.0,31,82886,4,4.5,0,6.9,0.7496,5.34,3,202.18,1,6285,4,194,4,1,2,1,-20.4513,433.88,1,0,,0,1.0,1.0,0.9821428571428575,0.9462330972311657,0.3378392649699019,0.4423076923076881,,,0.0,0.0,0.0
105,17,2012-11-05 19:52:18,18,129,-1.0,-1.0,31,83594,3,4.0,0,6.76,0.7088,5.1,33,179.14,0,6285,4,194,4,1,2,1,-20.4513,433.61,1,0,,0,0.0,0.75,0.7321428571428568,0.8805537669027688,0.21617911078255359,0.1826923076923119,,,1.0,2.0,0.0
106,17,2012-11-05 19:52:18,18,129,-1.0,-1.0,31,84999,3,4.5,0,6.8,0.767,5.15,20,243.12,0,6285,4,194,4,1,2,1,-20.4513,433.66,1,0,,0,0.0,1.0,0.8035714285714282,0.974243399871217,0.5540183757524555,0.23076923076924757,,,0.0,0.0,0.0
107,17,2012-11-05 19:52:18,18,129,-1.0,-1.0,31,85819,3,3.0,0,6.35,0.1618,5.06,15,138.2,0,6285,4,194,4,1,2,1,-20.4513,434.43,1,0,,0,0.0,0.25,0.0,0.0,0.0,0.9711538461538713,,,0.0,0.0,0.0
108,17,2012-11-05 19:52:18,18,129,-1.0,-1.0,31,87596,3,2.5,0,6.91,0.727,5.07,28,182.98,0,6285,4,194,4,1,2,1,-20.4513,433.87,1,1,,0,0.0,0.0,1.0,0.9098518995492594,0.23645580314711165,0.4326923076923119,,,0.0,0.0,0.0
109,17,2012-11-05 19:52:18,18,129,-1.0,-1.0,31,90634,4,4.0,0,6.4,0.1864,5.54,1,185.54,1,6285,4,194,4,1,2,1,-20.4513,434.46,1,0,,0,1.0,0.75,0.08928571428571548,0.03960077269800388,0.24997359805681701,1.0,,,0.0,0.0,0.0
110,17,2012-11-05 19:52:18,18,129,-1.0,-1.0,31,91671,3,4.0,0,6.74,0.7005,5.14,8,225.21,0,6285,4,194,4,1,2,1,-20.4513,433.54,1,0,,0,0.0,0.75,0.6964285714285718,0.8671925305859626,0.45944661527088404,0.11538461538462379,,,0.0,0.0,0.0
111,17,2012-11-05 19:52:18,18,129,-1.0,-1.0,31,101782,4,4.0,0,6.9,0.7543,5.7,32,231.61,1,6285,4,194,4,1,2,1,-20.4513,433.87,1,0,,0,1.0,0.75,0.9821428571428575,0.9537990985189956,0.49324110254514747,0.4326923076923119,,,0.0,0.0,0.0
112,17,2012-11-05 19:52:18,18,129,-1.0,-1.0,31,104381,4,4.0,0,6.74,0.6728,5.3,24,262.32,0,6285,4,194,4,1,2,1,-20.4513,433.67,1,0,,0,1.0,0.75,0.6964285714285718,0.822601416613007,0.6554018375752456,0.2403846153846238,,,0.0,0.0,0.0
113,17,2012-11-05 19:52:18,18,129,-1.0,-1.0,31,114872,4,4.5,0,6.82,0.7505,5.73,18,225.21,0,6285,4,194,4,1,2,1,-20.4513,433.61,1,0,,0,1.0,1.0,0.8392857142857146,0.9476819059884096,0.45944661527088404,0.1826923076923119,,,0.0,0.0,0.0
114,17,2012-11-05 19:52:18,18,129,-1.0,-1.0,31,116414,3,3.0,0,6.89,0.7614,5.22,13,165.07,0,6285,4,194,4,1,2,1,-20.4513,433.92,1,0,,0,0.0,0.25,0.9642857142857135,0.9652285898261428,0.14188404266554022,0.4807692307692476,,,0.0,0.0,0.0
115,17,2012-11-05 19:52:18,18,129,-1.0,-1.0,31,119357,3,4.0,0,6.88,0.7592,5.04,27,190.66,0,6285,4,194,4,1,2,1,-20.4513,433.98,1,0,,0,0.0,0.75,0.9464285714285711,0.9616870573084352,0.27700918787622775,0.5384615384615595,,,1.0,2.0,0.0
116,17,2012-11-05 19:52:18,18,129,-1.0,-1.0,31,122245,3,3.5,0,6.72,0.6225,5.12,16,221.37,0,6285,4,194,4,1,2,1,-20.4513,433.69,1,0,,0,0.0,0.5,0.6607142857142854,0.7416291049581456,0.439169922906326,0.2596153846153762,,,0.0,0.0,1.0
117,17,2012-11-05 19:52:18,18,129,-1.0,-1.0,31,136312,4,4.0,0,6.91,0.7394,5.49,31,301.98,0,6285,4,194,4,1,2,1,-20.4513,433.89,1,0,,0,1.0,0.75,1.0,0.9298132646490662,0.8648220509029466,0.4519230769230643,,,0.0,0.0,0.0
118,21,2013-02-18 17:16:25,15,55,-1.0,-1.0,216,6225,2,3.5,0,3.85,0.028999999999999998,4.95,12,108.26,1,18161,4,62,1,0,1,0,-20.4513,325.0,0,0,,0,0.0,0.7777777777777778,0.8119266055045873,0.0,0.5816178411190288,,,,0.0,1.0,0.0
119,21,2013-02-18 17:16:25,15,55,-1.0,-1.0,216,15024,3,0.0,0,2.08,0.3,4.29,17,57.22,0,18161,4,62,1,0,1,0,-20.4513,325.0,0,0,,0,0.5,0.0,0.0,,0.2448535233570863,,,,0.0,0.0,0.0
120,21,2013-02-18 17:16:25,15,55,-1.0,-1.0,216,19748,3,4.0,0,4.19,0.3,4.92,19,71.14,1,18161,4,62,1,0,1,0,-20.4513,325.0,0,0,,0,0.5,0.8888888888888888,0.967889908256881,,0.33669833729216153,,,,0.0,1.0,0.0
121,21,2013-02-18 17:16:25,15,55,-1.0,-1.0,216,20383,3,0.0,0,3.74,0.3,4.74,26,85.06,0,18161,4,62,1,0,1,0,-20.4513,325.0,0,0,,0,0.5,0.0,0.7614678899082571,,0.42854315122723674,,,,0.0,0.0,1.0
122,21,2013-02-18 17:16:25,15,55,-1.0,-1.0,216,21183,4,4.0,0,3.78,0.1496,5.04,7,102.07,0,18161,4,62,1,0,1,0,-20.4513,325.0,0,0,,0,1.0,0.8888888888888888,0.7798165137614679,0.20847018150388938,0.5407759303246239,,,,0.0,0.0,1.0
123,21,2013-02-18 17:16:25,15,55,-1.0,-1.0,216,24015,3,4.0,0,3.69,0.509,4.77,13,139.19,0,18161,4,62,1,0,1,0,-20.4513,325.0,0,0,,0,0.5,0.8888888888888888,0.7385321100917431,0.8297320656871218,0.7856954341514911,,,,0.0,0.0,1.0
124,21,2013-02-18 17:16:25,15,55,-1.0,-1.0,216,32232,2,0.0,0,3.78,0.3,4.95,29,20.11,0,18161,4,62,1,0,1,0,-20.4513,325.0,0,0,,0,0.0,0.0,0.7798165137614679,,0.0,,,,0.0,0.0,0.0
125,21,2013-02-18 17:16:25,15,55,-1.0,-1.0,216,33118,3,4.0,0,3.87,0.3,4.77,14,77.33,0,18161,4,62,1,0,1,0,-20.4513,325.0,0,0,,0,0.5,0.8888888888888888,0.8211009174311927,,0.3775402480865664,,,,0.0,0.0,0.0
126,21,2013-02-18 17:16:25,15,55,-1.0,-1.0,216,35574,2,0.0,0,3.81,0.3,4.49,27,66.5,0,18161,4,62,1,0,1,0,-20.4513,325.0,0,0,,0,0.0,0.0,0.7935779816513763,,0.30608339931380313,,,,2.0,0.0,0.0
127,21,2013-02-18 17:16:25,15,55,-1.0,-1.0,216,36101,3,4.5,0,3.43,0.1363,4.79,2,57.22,1,18161,4,62,1,0,1,0,-20.4513,325.0,0,0,,0,0.5,1.0,0.6192660550458717,0.18547968885047536,0.2448535233570863,,,,1.0,0.0,1.0
128,21,2013-02-18 17:16:25,15,55,-1.0,-1.0,216,38976,2,0.0,0,3.91,0.3,4.32,30,20.11,0,18161,4,62,1,0,1,0,-20.4513,325.0,0,0,,0,0.0,0.0,0.8394495412844039,,0.0,,,,0.0,0.0,0.0
129,21,2013-02-18 17:16:25,15,55,-1.0,-1.0,216,38994,2,4.0,0,3.87,0.3,3.8,32,24.74,0,18161,4,62,1,0,1,0,-20.4513,325.0,0,0,,0,0.0,0.8888888888888888,0.8211009174311927,,0.030548957508577453,,,,0.0,0.0,0.0
130,21,2013-02-18 17:16:25,15,55,-1.0,-1.0,216,40534,3,4.0,0,4.2,0.3,4.75,24,74.23,0,18161,4,62,1,0,1,0,-20.4513,325.0,0,0,,0,0.5,0.8888888888888888,0.9724770642201837,,0.3570863024544735,,,,0.0,0.0,0.0
131,21,2013-02-18 17:16:25,15,55,-1.0,-1.0,216,48069,3,4.5,0,3.26,0.3,4.52,21,69.59,1,18161,4,62,1,0,1,0,-20.4513,325.0,0,0,,0,0.5,1.0,0.5412844036697247,,0.3264713644761151,,,,0.0,0.0,0.0
132,21,2013-02-18 17:16:25,15,55,-1.0,-1.0,216,48813,3,0.0,0,3.71,0.3,3.95,31,37.12,0,18161,4,62,1,0,1,0,-20.4513,325.0,0,0,,0,0.5,0.0,0.7477064220183487,,0.11223277909738716,,,,0.0,0.0,0.0
133,21,2013-02-18 17:16:25,15,55,-1.0,-1.0,216,58294,3,3.5,0,3.91,0.5598,4.89,5,78.87,0,18161,4,62,1,0,1,0,-20.4513,325.0,0,0,,0,0.5,0.7777777777777778,0.8394495412844039,0.9175453759723421,0.3877012404328319,,,,1.0,0.0,0.0
134,21,2013-02-18 17:16:25,15,55,-1.0,-1.0,216,61662,3,3.5,0,4.04,0.537,4.54,4,47.94,1,18161,4,62,1,0,1,0,-20.4513,325.0,0,1,222.58,1,0.5,0.7777777777777778,0.8990825688073395,0.8781331028522039,0.1836236474003695,,,,1.0,0.0,1.0
135,21,2013-02-18 17:16:25,15,55,-1.0,-1.0,216,73519,3,4.0,0,4.03,0.5771,4.59,11,54.13,0,18161,4,62,1,0,1,0,-20.4513,325.0,0,0,,0,0.5,0.8888888888888888,0.8944954128440369,0.9474503025064821,0.22446555819477437,,,,0.0,0.0,0.0
136,21,2013-02-18 17:16:25,15,55,-1.0,-1.0,216,73547,3,0.0,0,4.04,0.5969,4.98,15,103.62,0,18161,4,62,1,0,1,0,-20.4513,325.0,0,0,,0,0.5,0.0,0.8990825688073395,0.9816767502160759,0.5510029031406704,,,,0.0,0.0,0.0
137,21,2013-02-18 17:16:25,15,55,-1.0,-1.0,216,82632,4,4.5,0,3.85,0.5697,5.4,3,126.82,0,18161,4,62,1,0,1,0,-20.4513,325.0,0,0,,0,1.0,1.0,0.8119266055045873,0.9346585998271391,0.7040775930324623,,,,0.0,0.0,1.0
138,21,2013-02-18 17:16:25,15,55,-1.0,-1.0,216,88685,2,4.0,0,4.14,0.4154,4.56,8,72.69,0,18161,4,62,1,0,1,0,-20.4513,325.0,0,0,,0,0.0,0.8888888888888888,0.944954128440367,0.667934312878133,0.34692531010820793,,,,0.0,0.0,0.0
139,21,2013-02-18 17:16:25,15,55,-1.0,-1.0,216,92347,3,4.0,0,3.58,0.3,4.51,28,46.4,0,18161,4,62,1,0,1,0,-20.4513,325.0,0,0,,0,0.5,0.8888888888888888,0.6880733944954129,,0.17346265505410396,,,,1.0,0.0,0.0
140,21,2013-02-18 17:16:25,15,55,-1.0,-1.0,216,93867,3,0.0,0,3.99,0.0897,5.05,9,60.32,1,18161,4,62,1,0,1,0,-20.4513,325.0,0,0,,0,0.5,0.0,0.8761467889908259,0.10492653414001729,0.26530746898917923,,,,0.0,1.0,0.0
141,21,2013-02-18 17:16:25,15,55,-1.0,-1.0,216,102266,3,4.5,0,3.78,0.3,4.79,25,171.67,0,18161,4,62,1,0,1,0,-20.4513,325.0,0,0,,0,0.5,1.0,0.7798165137614679,,1.0,,,,0.0,0.0,1.0
142,21,2013-02-18 17:16:25,15,55,-1.0,-1.0,216,111509,3,2.5,0,4.26,0.1405,4.77,18,94.34,0,18161,4,62,1,0,1,0,-20.4513,325.0,0,0,,0,0.5,0.5555555555555556,1.0,0.1927398444252377,0.48977302718395355,,,,0.0,0.0,0.0
143,21,2013-02-18 17:16:25,15,55,-1.0,-1.0,216,119830,3,4.0,0,3.83,0.3,5.29,20,89.7,0,18161,4,62,1,0,1,0,-20.4513,325.0,0,0,,0,0.5,0.8888888888888888,0.8027522935779817,,0.45915808920559514,,,,0.0,0.0,0.0
144,21,2013-02-18 17:16:25,15,55,-1.0,-1.0,216,120188,3,4.0,0,3.89,0.5367,4.86,6,71.14,0,18161,4,62,1,0,1,0,-20.4513,325.0,0,0,,0,0.5,0.8888888888888888,0.8302752293577983,0.8776145203111494,0.33669833729216153,,,,0.0,0.0,0.0
145,21,2013-02-18 17:16:25,15,55,-1.0,-1.0,216,128170,3,4.5,0,4.04,0.6075,4.77,1,64.96,1,18161,4,62,1,0,1,0,-20.4513,325.0,0,0,,0,0.5,1.0,0.8990825688073395,1.0,0.2959224069675376,,,,1.0,1.0,1.0
146,21,2013-02-18 17:16:25,15,55,-1.0,-1.0,216,138307,4,0.0,0,3.85,0.3,5.47,23,119.08,0,18161,4,62,1,0,1,0,-20.4513,325.0,0,0,,0,1.0,0.0,0.8119266055045873,,0.6530087094220111,,,,0.0,0.0,1.0
147,25,2012-12-11 13:03:42,5,219,-1.0,-1.0,219,2863,3,4.0,1,1.95,0.027000000000000003,4.51,1,68.0,0,3735,1,0,2,0,1,0,-20.4513,766.18,0,0,,0,0.5,0.6,0.49027237354085607,0.0675503441243946,0.36607142857142855,0.6890343698854196,,,0.0,0.0,0.0
148,25,2012-12-11 13:03:42,5,219,-1.0,-1.0,219,12255,2,4.5,1,2.4,0.0078,4.75,13,78.0,0,3735,1,0,2,0,1,0,-20.4513,766.53,0,0,,0,0.0,0.8,0.6653696498054475,0.01860820800407851,0.45535714285714285,0.7463175122749485,,,0.0,0.0,0.0
149,25,2012-12-11 13:03:42,5,219,-1.0,-1.0,219,20707,4,4.0,0,2.2,0.08900000000000001,4.87,2,48.0,1,3735,1,0,2,0,1,0,-20.4513,767.4,0,0,,0,1.0,0.6,0.5875486381322959,0.22559265867958198,0.1875,0.8887070376431977,,,0.0,0.0,0.0
150,25,2012-12-11 13:03:42,5,219,-1.0,-1.0,219,22710,3,3.5,0,2.2,0.1054,4.4,10,47.0,1,3735,1,0,2,0,1,0,-20.4513,766.48,0,0,,0,0.5,0.4,0.5875486381322959,0.2673973999490186,0.17857142857142858,0.7381342062193095,,,0.0,1.0,0.0
151,25,2012-12-11 13:03:42,5,219,-1.0,-1.0,219,23228,4,4.0,0,3.26,0.3676,4.44,22,42.0,1,3735,1,0,2,0,1,0,-20.4513,767.86,0,1,47.1,1,1.0,0.6,1.0,0.9357634463420851,0.13392857142857142,0.9639934533551511,,,0.0,0.0,0.0
152,25,2012-12-11 13:03:42,5,219,-1.0,-1.0,219,30829,2,3.5,1,1.39,0.0034,4.22,29,55.0,0,3735,1,0,2,0,1,0,-20.4513,767.03,0,0,,0,0.0,0.4,0.2723735408560311,0.007392301809839409,0.25,0.8281505728314131,,,0.0,0.0,0.0
153,25,2012-12-11 13:03:42,5,219,-1.0,-1.0,219,50684,3,3.5,1,1.61,0.0014,4.85,30,110.0,0,3735,1,0,2,0,1,0,-20.4513,764.04,0,0,,0,0.5,0.4,0.3579766536964981,0.0022941626306398166,0.7410714285714286,0.33878887070375313,,,0.0,0.0,1.0
154,25,2012-12-11 13:03:42,5,219,-1.0,-1.0,219,53298,2,3.5,0,3.14,0.0655,4.54,24,53.0,1,3735,1,0,2,0,1,0,-20.4513,767.92,0,0,,0,0.0,0.4,0.9533073929961091,0.16568952332398676,0.23214285714285715,0.9738134206219179,,,0.0,0.0,0.0
155,25,2012-12-11 13:03:42,5,219,-1.0,-1.0,219,54036,3,4.5,1,1.79,0.005,4.87,35,109.0,0,3735,1,0,2,0,1,0,-20.4513,765.87,0,0,,0,0.5,0.8,0.42801556420233466,0.011470813153199083,0.7321428571428571,0.6382978723404203,,,0.0,0.0,0.0
156,25,2012-12-11 13:03:42,5,219,-1.0,-1.0,219,54226,4,4.0,0,1.79,0.0559,4.76,4,45.0,0,3735,1,0,2,0,1,0,-20.4513,767.26,0,0,,0,1.0,0.6,0.42801556420233466,0.1412184552638287,0.16071428571428573,0.8657937806873898,,,0.0,0.0,0.0
157,25,2012-12-11 13:03:42,5,219,-1.0,-1.0,219,56370,2,3.5,1,1.39,0.0034,4.32,28,65.0,0,3735,1,0,2,0,1,0,-20.4513,767.02,0,0,,0,0.0,0.4,0.2723735408560311,0.007392301809839409,0.3392857142857143,0.8265139116202853,,,0.0,3.0,0.0
158,25,2012-12-11 13:03:42,5,219,-1.0,-1.0,219,61189,3,4.0,0,1.39,0.0148,4.21,27,40.0,0,3735,1,0,2,0,1,0,-20.4513,763.54,0,0,,0,0.5,0.6,0.2723735408560311,0.036451695131277086,0.11607142857142858,0.2569558101472885,,,0.0,0.0,0.0
159,25,2012-12-11 13:03:42,5,219,-1.0,-1.0,219,61885,3,3.5,1,1.79,0.0061,5.72,36,139.0,0,3735,1,0,2,0,1,0,-20.4513,766.02,0,0,,0,0.5,0.4,0.42801556420233466,0.01427478970175886,1.0,0.6628477905073561,,,0.0,0.0,0.0
160,25,2012-12-11 13:03:42,5,219,-1.0,-1.0,219,63731,3,5.0,1,0.69,0.0005,5.27,33,119.0,0,3735,1,0,2,0,1,0,-20.4513,761.97,0,0,,0,0.5,1.0,0.0,0.0,0.8214285714285714,0.0,,,0.0,0.0,2.0
161,25,2012-12-11 13:03:42,5,219,-1.0,-1.0,219,65623,3,4.0,1,2.3,0.0153,4.92,9,110.0,0,3735,1,0,2,0,1,0,-20.4513,766.33,0,0,,0,0.5,0.6,0.6264591439688716,0.03772622992607698,0.7410714285714286,0.7135842880523738,,,0.0,0.0,1.0
162,25,2012-12-11 13:03:42,5,219,-1.0,-1.0,219,66171,3,4.0,1,2.08,0.0181,4.41,6,65.0,0,3735,1,0,2,0,1,0,-20.4513,766.33,0,0,,0,0.5,0.6,0.5408560311284047,0.044863624776956414,0.3392857142857143,0.7135842880523738,,,0.0,0.0,1.0
163,25,2012-12-11 13:03:42,5,219,-1.0,-1.0,219,66209,4,4.0,1,3.26,0.2481,4.17,19,32.0,1,3735,1,0,2,0,1,0,-20.4513,767.78,0,0,,0,1.0,0.6,1.0,0.6311496303849095,0.044642857142857144,0.9509001636661101,,,0.0,0.0,0.0
164,25,2012-12-11 13:03:42,5,219,-1.0,-1.0,219,68528,4,4.0,0,2.08,0.205,4.29,7,49.0,1,3735,1,0,2,0,1,0,-20.4513,766.29,0,0,,0,1.0,0.6,0.5408560311284047,0.5212847310731583,0.19642857142857142,0.707037643207844,,,0.0,0.0,0.0
165,25,2012-12-11 13:03:42,5,219,-1.0,-1.0,219,69645,2,3.5,1,1.39,0.0012,4.18,32,75.0,0,3735,1,0,2,0,1,0,-20.4513,762.43,0,0,,0,0.0,0.4,0.2723735408560311,0.0017843487127198571,0.42857142857142855,0.07528641571193481,,,0.0,0.0,0.0
166,25,2012-12-11 13:03:42,5,219,-1.0,-1.0,219,79870,2,4.0,1,2.2,0.1053,4.06,8,37.0,1,3735,1,0,2,0,1,0,-20.4513,766.48,0,0,,0,0.0,0.6,0.5875486381322959,0.26714249299005866,0.08928571428571429,0.7381342062193095,,,0.0,0.0,0.0
167,25,2012-12-11 13:03:42,5,219,-1.0,-1.0,219,81772,3,3.5,0,3.22,0.2775,4.16,18,29.0,0,3735,1,0,2,0,1,0,-20.4513,768.08,0,0,,0,0.5,0.4,0.9844357976653698,0.7060922763191436,0.017857142857142856,1.0,,,0.0,0.0,0.0
168,25,2012-12-11 13:03:42,5,219,-1.0,-1.0,219,83281,2,3.5,1,2.08,0.0555,4.37,12,45.0,0,3735,1,0,2,0,1,0,-20.4513,767.35,0,0,,0,0.0,0.4,0.5408560311284047,0.14019882742798878,0.16071428571428573,0.8805237315875587,,,0.0,1.0,0.0
169,25,2012-12-11 13:03:42,5,219,-1.0,-1.0,219,88629,2,2.5,1,0.69,0.0017,4.23,31,35.0,0,3735,1,0,2,0,1,0,-20.4513,768.04,0,0,,0,0.0,0.0,0.0,0.003058883507519755,0.07142857142857142,0.9934533551554702,,,0.0,0.0,0.0
170,25,2012-12-11 13:03:42,5,219,-1.0,-1.0,219,91587,3,4.5,1,1.61,0.0213,4.93,3,129.0,0,3735,1,0,2,0,1,0,-20.4513,766.24,0,0,,0,0.5,0.8,0.3579766536964981,0.05302064746367576,0.9107142857142857,0.6988543371522049,,,0.0,0.0,1.0
171,25,2012-12-11 13:03:42,5,219,-1.0,-1.0,219,112716,4,4.0,0,1.61,0.0512,4.42,14,48.0,0,3735,1,0,2,0,1,0,-20.4513,764.98,0,0,,0,1.0,0.6,0.3579766536964981,0.12923782819270968,0.1875,0.4926350245499156,,,0.0,0.0,0.0
172,25,2012-12-11 13:03:42,5,219,-1.0,-1.0,219,118859,3,4.0,1,3.26,0.3584,4.45,21,27.0,1,3735,1,0,2,0,1,0,-20.4513,767.93,0,0,,0,0.5,0.6,1.0,0.9123120061177671,0.0,0.9754500818330457,,,0.0,1.0,0.0
173,25,2012-12-11 13:03:42,5,219,-1.0,-1.0,219,120046,4,4.0,0,3.26,0.0955,4.68,16,50.0,0,3735,1,0,2,0,1,0,-20.4513,767.68,0,0,,0,1.0,0.6,1.0,0.24216161101198064,0.20535714285714285,0.9345335515548134,,,0.0,0.0,0.0
174,25,2012-12-11 13:03:42,5,219,-1.0,-1.0,219,120328,2,3.5,1,1.79,0.0061,4.52,34,62.0,0,3735,1,0,2,0,1,0,-20.4513,766.02,0,0,,0,0.0,0.4,0.42801556420233466,0.01427478970175886,0.3125,0.6628477905073561,,,0.0,0.0,0.0
175,25,2012-12-11 13:03:42,5,219,-1.0,-1.0,219,122279,2,3.0,1,3.04,0.008,4.2,26,38.0,0,3735,1,0,2,0,1,0,-20.4513,767.34,0,0,,0,0.0,0.2,0.9143968871595332,0.01911802192199847,0.09821428571428571,0.8788870703764309,,,0.0,0.0,0.0
176,25,2012-12-11 13:03:42,5,219,-1.0,-1.0,219,125384,3,3.5,1,2.77,0.0071,4.49,25,60.0,0,3735,1,0,2,0,1,0,-20.4513,767.08,0,0,,0,0.5,0.4,0.8093385214007783,0.016823859291358656,0.29464285714285715,0.8363338788870708,,,0.0,1.0,0.0
177,25,2012-12-11 13:03:42,5,219,-1.0,-1.0,219,126136,4,4.0,0,3.26,0.3928,4.65,20,39.0,0,3735,1,0,2,0,1,0,-20.4513,767.93,0,0,,0,1.0,0.6,1.0,1.0,0.10714285714285714,0.9754500818330457,,,0.0,1.0,0.0
178,25,2012-12-11 13:03:42,5,219,-1.0,-1.0,219,126803,2,4.0,1,1.61,0.3,4.18,15,60.0,0,3735,1,0,2,0,1,0,-20.4513,767.55,0,0,,0,0.0,0.6,0.3579766536964981,,0.29464285714285715,0.9132569558101333,,,0.0,0.0,0.0
179,25,2012-12-11 13:03:42,5,219,-1.0,-1.0,219,133065,3,5.0,1,1.79,0.006,4.75,37,109.0,0,3735,1,0,2,0,1,0,-20.4513,765.76,0,0,,0,0.5,1.0,0.42801556420233466,0.014019882742798879,0.7321428571428571,0.6202945990179959,,,0.0,0.0,0.0
180,28,2012-11-26 10:13:17,5,219,-1.0,-1.0,219,5739,4,4.5,1,2.64,0.0468,5.38,3,110.0,1,24232,3,27,1,0,1,0,-20.4513,116.36,0,0,,0,1.0,1.0,0.7738693467336685,0.3887349953831948,0.5739130434782609,0.17469204927211673,,,0.0,1.0,0.0
181,28,2012-11-26 10:13:17,5,219,-1.0,-1.0,219,11244,2,3.0,1,2.2,0.0105,4.65,38,54.0,1,24232,3,27,1,0,1,0,-20.4513,115.24,0,0,,0,0.0,0.0,0.5527638190954774,0.05355493998153278,0.08695652173913043,0.11198208286674133,,,0.0,0.0,0.0
182,28,2012-11-26 10:13:17,5,219,-1.0,-1.0,219,11726,3,4.0,1,2.64,0.0178,5.24,12,89.0,0,24232,3,27,1,0,1,0,-20.4513,115.75,0,0,,0,0.5,0.6666666666666666,0.7738693467336685,0.12096029547553093,0.391304347826087,0.14053751399776065,,,0.0,0.0,0.0
183,28,2012-11-26 10:13:17,5,219,-1.0,-1.0,219,13996,4,4.0,1,2.89,0.0491,5.07,26,85.0,0,24232,3,27,1,0,1,0,-20.4513,116.14,0,1,286.32,1,1.0,0.6666666666666666,0.899497487437186,0.409972299168975,0.3565217391304348,0.16237402015677524,,,0.0,0.0,2.0
184,28,2012-11-26 10:13:17,5,219,-1.0,-1.0,219,16096,3,4.5,1,1.61,0.0143,4.44,32,60.0,0,24232,3,27,1,0,1,0,-20.4513,114.45,0,0,,0,0.5,1.0,0.25628140703517593,0.0886426592797784,0.1391304347826087,0.06774916013437894,,,0.0,0.0,0.0
185,28,2012-11-26 10:13:17,5,219,-1.0,-1.0,219,17853,4,4.0,1,2.48,0.0369,5.46,13,119.0,0,24232,3,27,1,0,1,0,-20.4513,116.58,0,0,,0,1.0,0.6666666666666666,0.6934673366834171,0.29732225300092335,0.6521739130434783,0.1870100783874582,,,1.0,0.0,0.0
186,28,2012-11-26 10:13:17,5,219,-1.0,-1.0,219,18016,3,3.0,1,3.04,0.0894,4.43,1,44.0,1,24232,3,27,1,0,1,0,-20.4513,115.77,0,0,,0,0.5,0.0,0.9748743718592966,0.7820867959372114,0.0,0.14165733482642784,,,0.0,2.0,0.0
187,28,2012-11-26 10:13:17,5,219,-1.0,-1.0,219,19598,4,4.0,1,2.64,0.042,5.35,4,98.0,0,24232,3,27,1,0,1,0,-20.4513,116.07,0,0,,0,1.0,0.6666666666666666,0.7738693467336685,0.3444136657433056,0.46956521739130436,0.15845464725643887,,,0.0,0.0,0.0
188,28,2012-11-26 10:13:17,5,219,-1.0,-1.0,219,22984,4,4.5,0,1.1,0.0249,4.95,2,159.0,1,24232,3,27,1,0,1,0,-20.4513,131.1,0,0,,0,1.0,1.0,0.0,0.18651892890120034,1.0,1.0,,,0.0,0.0,0.0
189,28,2012-11-26 10:13:17,5,219,-1.0,-1.0,219,23150,4,3.5,1,2.64,0.040999999999999995,5.24,6,101.0,0,24232,3,27,1,0,1,0,-20.4513,116.07,0,0,,0,1.0,0.3333333333333333,0.7738693467336685,0.33518005540166196,0.4956521739130435,0.15845464725643887,,,0.0,1.0,0.0
190,28,2012-11-26 10:13:17,5,219,-1.0,-1.0,219,24003,2,4.0,1,1.1,0.0182,4.45,7,56.0,1,24232,3,27,1,0,1,0,-20.4513,116.93,0,0,,0,0.0,0.6666666666666666,0.0,0.12465373961218837,0.10434782608695652,0.20660694288913842,,,0.0,1.0,0.0
191,28,2012-11-26 10:13:17,5,219,-1.0,-1.0,219,26804,4,4.0,1,3.0,0.0363,4.9,28,79.0,0,24232,3,27,1,0,1,0,-20.4513,115.87,0,0,,0,1.0,0.6666666666666666,0.9547738693467337,0.29178208679593715,0.30434782608695654,0.1472564389697654,,,0.0,1.0,0.0
192,28,2012-11-26 10:13:17,5,219,-1.0,-1.0,219,33528,4,4.5,1,2.48,0.0372,5.23,29,97.0,0,24232,3,27,1,0,1,0,-20.4513,116.41,0,0,,0,1.0,1.0,0.6934673366834171,0.30009233610341635,0.4608695652173913,0.17749160134378508,,,0.0,0.0,0.0
193,28,2012-11-26 10:13:17,5,219,-1.0,-1.0,219,34187,3,4.0,1,2.08,0.0672,4.77,14,79.0,1,24232,3,27,1,0,1,0,-20.4513,114.8,0,0,,0,0.5,0.6666666666666666,0.49246231155778897,0.5771006463527238,0.30434782608695654,0.08734602463605837,,,0.0,2.0,0.0
194,28,2012-11-26 10:13:17,5,219,-1.0,-1.0,219,35767,4,4.5,1,1.61,0.0229,5.35,9,95.0,1,24232,3,27,1,0,1,0,-20.4513,115.0,0,0,,0,1.0,1.0,0.25628140703517593,0.1680517082179132,0.4434782608695652,0.09854423292273265,,,0.0,0.0,0.0
195,28,2012-11-26 10:13:17,5,219,-1.0,-1.0,219,50188,3,4.5,1,2.77,0.0136,5.12,31,84.0,0,24232,3,27,1,0,1,0,-20.4513,115.52,0,0,,0,0.5,1.0,0.8391959798994976,0.08217913204062786,0.34782608695652173,0.12765957446808518,,,0.0,0.0,0.0
196,28,2012-11-26 10:13:17,5,219,-1.0,-1.0,219,65557,4,4.0,0,1.79,0.0233,4.9,16,82.0,1,24232,3,27,1,0,1,0,-20.4513,113.24,0,0,,0,1.0,0.6666666666666666,0.34673366834170855,0.17174515235457063,0.33043478260869563,0.0,,,0.0,2.0,1.0
197,28,2012-11-26 10:13:17,5,219,-1.0,-1.0,219,66769,4,4.5,1,2.71,0.0108,5.42,25,129.0,0,24232,3,27,1,0,1,0,-20.4513,114.89,0,0,,0,1.0,1.0,0.8090452261306533,0.05632502308402585,0.7391304347826086,0.09238521836506192,,,0.0,0.0,0.0
198,28,2012-11-26 10:13:17,5,219,-1.0,-1.0,219,67406,2,4.0,1,1.1,0.0106,4.61,30,69.0,0,24232,3,27,1,0,1,0,-20.4513,117.12,0,0,,0,0.0,0.6666666666666666,0.0,0.05447830101569713,0.21739130434782608,0.21724524076147872,,,0.0,0.0,0.0
199,28,2012-11-26 10:13:17,5,219,-1.0,-1.0,219,69294,4,4.0,1,3.09,0.0579,4.76,22,76.0,0,24232,3,27,1,0,1,0,-20.4513,115.88,0,0,,0,1.0,0.6666666666666666,1.0,0.4912280701754385,0.2782608695652174,0.14781634938409857,,,0.0,0.0,0.0
200,28,2012-11-26 10:13:17,5,219,-1.0,-1.0,219,72185,3,4.0,0,1.95,0.078,4.93,37,91.0,1,24232,3,27,1,0,1,0,-20.4513,115.33,0,0,,0,0.5,0.6666666666666666,0.42713567839195976,0.6768236380424746,0.40869565217391307,0.11702127659574488,,,0.0,0.0,0.0
201,28,2012-11-26 10:13:17,5,219,-1.0,-1.0,219,72909,4,4.5,1,1.95,0.0939,5.0,19,75.0,1,24232,3,27,1,0,1,0,-20.4513,114.89,0,0,,0,1.0,1.0,0.42713567839195976,0.8236380424746075,0.26956521739130435,0.09238521836506192,,,0.0,0.0,0.0
202,28,2012-11-26 10:13:17,5,219,-1.0,-1.0,219,75069,3,4.5,1,2.83,0.0125,5.11,36,99.0,0,24232,3,27,1,0,1,0,-20.4513,115.12,0,0,,0,0.5,1.0,0.8693467336683418,0.07202216066481995,0.4782608695652174,0.10526315789473739,,,0.0,0.0,0.0
203,28,2012-11-26 10:13:17,5,219,-1.0,-1.0,219,75704,4,4.0,1,1.95,0.113,5.07,10,76.0,1,24232,3,27,1,0,1,0,-20.4513,115.07,0,0,,0,1.0,0.6666666666666666,0.42713567839195976,1.0,0.2782608695652174,0.10246360582306821,,,0.0,0.0,0.0
204,28,2012-11-26 10:13:17,5,219,-1.0,-1.0,219,77605,3,4.0,1,1.95,0.0047,5.01,21,84.0,0,24232,3,27,1,0,1,0,-20.4513,115.08,0,0,,0,0.5,0.6666666666666666,0.42713567839195976,0.0,0.34782608695652173,0.1030235162374022,,,0.0,0.0,0.0
205,28,2012-11-26 10:13:17,5,219,-1.0,-1.0,219,79225,4,4.0,1,2.94,0.0721,5.24,18,90.0,1,24232,3,27,1,0,1,0,-20.4513,115.96,0,0,,0,1.0,0.6666666666666666,0.9246231155778895,0.6223453370267774,0.4,0.15229563269876814,,,0.0,0.0,1.0
206,28,2012-11-26 10:13:17,5,219,-1.0,-1.0,219,86217,3,4.5,1,2.64,0.0153,5.15,15,89.0,0,24232,3,27,1,0,1,0,-20.4513,115.7,0,0,,0,0.5,1.0,0.7738693467336685,0.09787626962142196,0.391304347826087,0.13773796192609228,,,0.0,3.0,0.0
207,28,2012-11-26 10:13:17,5,219,-1.0,-1.0,219,93383,4,4.5,1,2.64,0.0462,5.55,8,139.0,0,24232,3,27,1,0,1,0,-20.4513,116.41,0,0,,0,1.0,1.0,0.7738693467336685,0.38319482917820863,0.8260869565217391,0.17749160134378508,,,0.0,0.0,0.0
208,28,2012-11-26 10:13:17,5,219,-1.0,-1.0,219,100913,4,4.0,1,2.89,0.0122,5.17,24,91.0,0,24232,3,27,1,0,1,0,-20.4513,115.17,0,0,,0,1.0,0.6666666666666666,0.899497487437186,0.06925207756232687,0.40869565217391307,0.10806270996640575,,,0.0,0.0,0.0
209,28,2012-11-26 10:13:17,5,219,-1.0,-1.0,219,109409,3,4.5,1,2.77,0.0139,4.85,33,84.0,0,24232,3,27,1,0,1,0,-20.4513,115.53,0,0,,0,0.5,1.0,0.8391959798994976,0.08494921514312095,0.34782608695652173,0.12821948488241916,,,0.0,0.0,0.0
210,28,2012-11-26 10:13:17,5,219,-1.0,-1.0,219,116043,4,4.5,1,2.08,0.0946,5.64,34,129.0,0,24232,3,27,1,0,1,0,-20.4513,114.98,0,0,,0,1.0,1.0,0.49246231155778897,0.8301015697137581,0.7391304347826086,0.09742441209406547,,,0.0,0.0,0.0
211,28,2012-11-26 10:13:17,5,219,-1.0,-1.0,219,120960,3,4.5,1,3.04,0.071,4.9,35,88.0,0,24232,3,27,1,0,1,0,-20.4513,115.57,0,0,,0,0.5,1.0,0.9748743718592966,0.6121883656509695,0.3826086956521739,0.13045912653975356,,,0.0,1.0,2.0
212,28,2012-11-26 10:13:17,5,219,-1.0,-1.0,219,122795,3,4.0,1,1.61,0.005,5.08,20,98.0,0,24232,3,27,1,0,1,0,-20.4513,114.96,0,0,,0,0.5,0.6666666666666666,0.25628140703517593,0.002770083102493074,0.46956521739130436,0.09630459126539748,,,0.0,0.0,0.0
213,28,2012-11-26 10:13:17,5,219,-1.0,-1.0,219,137773,3,4.0,0,1.39,0.0169,4.83,27,109.0,0,24232,3,27,1,0,1,0,-20.4513,116.71,0,0,,0,0.5,0.6666666666666666,0.1457286432160803,0.11265004616805169,0.5652173913043478,0.19428891377379615,,,0.0,0.0,0.0
214,29,2013-02-26 19:42:22,18,129,-1.0,-1.0,219,1722,3,4.0,0,5.72,0.1136,5.81,1,248.17,1,5143,6,144,5,0,1,0,-20.4513,3748.9,0,1,1927.64,1,0.3333333333333333,0.8,0.911660777385159,0.5312941176470588,0.0,0.9705882352941423,,,0.0,0.0,0.0
215,29,2013-02-26 19:42:22,18,129,-1.0,-1.0,219,3858,4,4.5,0,5.7,0.1296,5.91,14,689.66,0,5143,6,144,5,0,1,0,-20.4513,3747.89,0,0,,0,0.6666666666666666,0.9,0.9045936395759718,0.6065882352941177,0.40723351658487994,0.59926470588227,,,0.0,0.0,0.0
216,29,2013-02-26 19:42:22,18,129,-1.0,-1.0,219,7523,4,0.0,1,5.82,0.1251,5.82,13,566.88,0,5143,6,144,5,0,1,0,-20.4513,3748.71,0,0,,0,0.6666666666666666,0.0,0.9469964664310956,0.5854117647058823,0.29398037117662257,0.9007352941176464,,,0.0,0.0,0.0
217,29,2013-02-26 19:42:22,18,129,-1.0,-1.0,219,7880,4,4.5,1,5.88,0.2132,6.21,6,519.85,0,5143,6,144,5,0,1,0,-20.4513,3748.29,0,0,,0,0.6666666666666666,0.9,0.9681978798586572,1.0,0.2505995646238425,0.746323529411726,,,0.0,0.0,0.0
218,29,2013-02-26 19:42:22,18,129,-1.0,-1.0,219,31336,4,4.0,1,5.52,0.0758,5.96,11,441.48,0,5143,6,144,5,0,1,0,-20.4513,3748.98,0,0,,0,0.6666666666666666,0.8,0.8409893992932861,0.35341176470588237,0.17831051913072357,1.0,,,0.0,0.0,0.0
219,29,2013-02-26 19:42:22,18,129,-1.0,-1.0,219,32060,4,4.5,1,5.69,0.124,5.89,3,433.65,1,5143,6,144,5,0,1,0,-20.4513,3747.88,0,0,,0,0.6666666666666666,0.9,0.9010600706713783,0.5802352941176471,0.17108807143120688,0.5955882352941213,,,0.0,0.0,0.0
220,29,2013-02-26 19:42:22,18,129,-1.0,-1.0,219,36871,4,4.0,1,5.78,0.146,6.11,15,591.69,0,5143,6,144,5,0,1,0,-20.4513,3747.98,0,0,,0,0.6666666666666666,0.8,0.932862190812721,0.6837647058823529,0.31686529166512944,0.6323529411764436,,,0.0,0.0,0.0
221,29,2013-02-26 19:42:22,18,129,-1.0,-1.0,219,62433,3,4.0,0,5.71,0.1044,5.76,19,1332.29,0,5143,6,144,5,0,1,0,-20.4513,3748.4,0,0,,0,0.3333333333333333,0.8,0.9081272084805654,0.488,1.0,0.786764705882364,,,0.0,0.0,0.0
222,29,2013-02-26 19:42:22,18,129,-1.0,-1.0,219,73452,3,3.5,1,3.14,0.0007,5.49,8,329.15,0,5143,6,144,5,0,1,0,-20.4513,3746.26,0,0,,0,0.3333333333333333,0.7,0.0,0.0,0.0746965280596244,0.0,,,0.0,0.0,0.0
223,29,2013-02-26 19:42:22,18,129,-1.0,-1.0,219,78380,3,4.5,1,5.74,0.13699999999999998,6.21,18,933.91,0,5143,6,144,5,0,1,0,-20.4513,3747.94,0,0,,0,0.3333333333333333,0.9,0.9187279151943465,0.6414117647058822,0.6325314540825739,0.6176470588235147,,,0.0,0.0,0.0
224,29,2013-02-26 19:42:22,18,129,-1.0,-1.0,219,79026,4,4.5,0,5.63,0.0891,5.99,7,428.42,0,5143,6,144,5,0,1,0,-20.4513,3747.65,0,0,,0,0.6666666666666666,0.9,0.8798586572438163,0.416,0.1662638822270598,0.5110294117646966,,,0.0,0.0,0.0
225,29,2013-02-26 19:42:22,18,129,-1.0,-1.0,219,89359,2,2.5,0,5.79,0.1589,5.48,12,350.05,1,5143,6,144,5,0,1,0,-20.4513,3748.75,0,0,,0,0.0,0.5,0.9363957597173146,0.7444705882352942,0.09397483673394093,0.9154411764705753,,,0.0,0.0,0.0
226,29,2013-02-26 19:42:22,18,129,-1.0,-1.0,219,98239,3,4.0,0,5.29,0.0744,5.7,2,389.24,1,5143,6,144,5,0,1,0,-20.4513,3748.35,0,0,,0,0.3333333333333333,0.8,0.7597173144876326,0.34682352941176464,0.13012397151606836,0.7683823529411193,,,0.0,0.0,0.0
227,29,2013-02-26 19:42:22,18,129,-1.0,-1.0,219,114304,5,4.5,1,5.77,0.1924,6.21,17,799.37,0,5143,6,144,5,0,1,0,-20.4513,3747.94,0,0,,0,1.0,0.9,0.9293286219081272,0.9021176470588235,0.5084308010183376,0.6176470588235147,,,0.0,0.0,0.0
228,29,2013-02-26 19:42:22,18,129,-1.0,-1.0,219,126719,4,4.5,0,5.97,0.1746,5.95,5,414.05,0,5143,6,144,5,0,1,0,-20.4513,3748.34,0,0,,0,0.6666666666666666,0.9,1.0,0.8183529411764706,0.15300889200457518,0.7647058823529707,,,0.0,0.0,0.0
229,29,2013-02-26 19:42:22,18,129,-1.0,-1.0,219,135779,5,5.0,0,5.83,0.1156,6.21,9,787.62,1,5143,6,144,5,0,1,0,-20.4513,3748.64,0,0,,0,1.0,1.0,0.9505300353356891,0.5407058823529411,0.49759251743349453,0.8749999999999373,,,0.0,0.0,0.0
230,30,2013-02-11 01:28:38,24,216,-1.0,-1.0,219,13155,3,3.5,1,4.76,0.3273,5.14,3,132.21,1,20319,9,13,2,0,1,0,-20.4513,325.0,0,0,,0,0.5,0.7777777777777778,0.9878640776699031,0.6889596602972399,0.06338105125122942,,,,0.0,0.0,0.0
231,30,2013-02-11 01:28:38,24,216,-1.0,-1.0,219,13878,3,4.0,1,4.63,0.3878,5.25,17,186.8,1,20319,9,13,2,0,1,0,-20.4513,325.0,0,0,,0,0.5,0.8888888888888888,0.9563106796116506,0.8174097664543524,0.3616544639930063,,,,0.0,0.0,0.0
232,30,2013-02-11 01:28:38,24,216,-1.0,-1.0,219,14504,2,3.0,0,4.74,0.4578,5.05,1,120.61,0,20319,9,13,2,0,1,0,-20.4513,325.0,0,0,,0,0.0,0.6666666666666666,0.9830097087378644,0.9660297239915074,0.0,,,,2.0,0.0,2.0
233,30,2013-02-11 01:28:38,24,216,-1.0,-1.0,219,15884,2,3.0,1,0.69,0.0028,5.07,4,137.82,1,20319,9,13,2,0,1,0,-20.4513,325.0,0,0,,0,0.0,0.6666666666666666,0.0,0.0,0.09403343896841873,,,,0.0,0.0,0.0
234,30,2013-02-11 01:28:38,24,216,-1.0,-1.0,219,18569,4,4.5,1,4.74,0.4738,6.02,29,289.4,1,20319,9,13,2,0,1,0,-20.4513,325.0,0,0,,0,1.0,1.0,0.9830097087378644,1.0,0.9222489345426729,,,,0.0,0.0,0.0
235,30,2013-02-11 01:28:38,24,216,-1.0,-1.0,219,18859,4,4.0,0,4.49,0.2006,5.68,25,243.59,1,20319,9,13,2,0,1,0,-20.4513,325.0,0,0,,0,1.0,0.8888888888888888,0.9223300970873789,0.4199575371549894,0.6719484209376025,,,,0.0,0.0,0.0
236,30,2013-02-11 01:28:38,24,216,-1.0,-1.0,219,19567,4,4.5,1,3.5,0.0183,5.91,27,274.14,1,20319,9,13,2,0,1,0,-20.4513,325.0,0,0,,0,1.0,1.0,0.6820388349514565,0.032908704883227176,0.8388700688449349,,,,0.0,0.0,0.0
237,30,2013-02-11 01:28:38,24,216,-1.0,-1.0,219,31945,4,4.5,1,4.61,0.3821,5.88,28,283.98,0,20319,9,13,2,0,1,0,-20.4513,325.0,0,0,,0,1.0,1.0,0.9514563106796119,0.8053078556263269,0.892634684733909,,,,0.0,0.0,0.0
238,30,2013-02-11 01:28:38,24,216,-1.0,-1.0,219,35043,4,4.5,1,4.81,0.364,6.03,30,289.55,0,20319,9,13,2,0,1,0,-20.4513,325.0,0,0,,0,1.0,1.0,1.0,0.7668789808917197,0.9230685171019561,,,,0.0,1.0,1.0
239,30,2013-02-11 01:28:38,24,216,-1.0,-1.0,219,36710,3,3.5,0,4.39,0.1686,5.11,14,185.71,1,20319,9,13,2,0,1,0,-20.4513,325.0,0,0,,0,0.5,0.7777777777777778,0.8980582524271846,0.3520169851380043,0.3556988307288822,,,,0.0,0.0,0.0
240,30,2013-02-11 01:28:38,24,216,-1.0,-1.0,219,40463,4,4.5,1,4.6,0.3294,6.05,32,303.63,0,20319,9,13,2,0,1,0,-20.4513,325.0,0,0,,0,1.0,1.0,0.9490291262135924,0.6934182590233546,1.0,,,,0.0,0.0,0.0
241,30,2013-02-11 01:28:38,24,216,-1.0,-1.0,219,41585,4,4.0,1,4.6,0.3128,5.84,24,227.67,1,20319,9,13,2,0,1,0,-20.4513,325.0,0,0,,0,1.0,0.8888888888888888,0.9490291262135924,0.6581740976645436,0.5849633919790187,,,,0.0,1.0,0.0
242,30,2013-02-11 01:28:38,24,216,-1.0,-1.0,219,44197,4,4.0,1,4.81,0.4185,5.66,26,268.49,1,20319,9,13,2,0,1,0,-20.4513,325.0,0,0,,0,1.0,0.8888888888888888,1.0,0.8825902335456475,0.8079991257786034,,,,0.0,0.0,0.0
243,30,2013-02-11 01:28:38,24,216,-1.0,-1.0,219,65983,2,3.0,1,3.4,0.0281,5.22,2,127.84,1,20319,9,13,2,0,1,0,-20.4513,325.0,0,0,,0,0.0,0.6666666666666666,0.6577669902912623,0.05371549893842888,0.0395038793574473,,,,0.0,0.0,0.0
244,30,2013-02-11 01:28:38,24,216,-1.0,-1.0,219,68689,3,3.5,1,4.72,0.445,5.36,8,157.52,1,20319,9,13,2,0,1,0,-20.4513,325.0,0,0,,0,0.5,0.7777777777777778,0.9781553398058253,0.9388535031847134,0.2016719484209377,,,,0.0,0.0,0.0
245,30,2013-02-11 01:28:38,24,216,-1.0,-1.0,219,77109,3,4.0,1,4.74,0.4562,5.37,9,159.48,1,20319,9,13,2,0,1,0,-20.4513,325.0,0,0,,0,0.5,0.8888888888888888,0.9830097087378644,0.9626326963906582,0.2123811605289039,,,,0.0,0.0,0.0
246,30,2013-02-11 01:28:38,24,216,-1.0,-1.0,219,87796,3,3.5,0,4.65,0.4555,5.35,15,185.72,1,20319,9,13,2,0,1,0,-20.4513,325.0,0,0,,0,0.5,0.7777777777777778,0.9611650485436896,0.9611464968152866,0.35575346956616766,,,,0.0,0.0,0.0
247,30,2013-02-11 01:28:38,24,216,-1.0,-1.0,219,92698,4,4.0,0,4.63,0.4083,5.63,19,209.73,1,20319,9,13,2,0,1,0,-20.4513,325.0,0,0,,0,1.0,0.8888888888888888,0.9563106796116506,0.8609341825902336,0.48694131788875533,,,,1.0,0.0,1.0
248,30,2013-02-11 01:28:38,24,216,-1.0,-1.0,219,97615,3,4.0,1,4.65,0.4413,5.5,21,215.19,1,20319,9,13,2,0,1,0,-20.4513,325.0,0,0,,0,0.5,0.8888888888888888,0.9611650485436896,0.9309978768577495,0.5167741230466616,,,,0.0,0.0,0.0
249,30,2013-02-11 01:28:38,24,216,-1.0,-1.0,219,108513,2,3.0,0,4.42,0.1746,5.4,10,161.69,0,20319,9,13,2,0,1,0,-20.4513,325.0,0,0,,0,0.0,0.6666666666666666,0.9053398058252429,0.364755838641189,0.22445634356900887,,,,0.0,0.0,0.0
